========= COMPUTE-SANITIZER
Loaded problem from /n/home00/yukuanwei/cuadmm-data/plato_kocvara/txt/buck4/
              vector length: 454129
      number of constraints: 1200
           number of blocks: 3
  number of non-zeros in At: 17509
  number of non-zeros in  b: 1200
  number of non-zeros in  C: 2

 factorization of AA^T + 1e-15 I: simplicial LDL^T, nnz(L) = 2.725e+04, 0.1 s
   pivots in [5.01e-01, 1.00e+00], 0 tiny (< 1e-12 max) and 0 nonpositive
   y-step solves: CHOLMOD on the CPU

Analysis of the blk vector:
        1 l. block of size 1200
        1 matrices of size  672 (medium)
        1 matrices of size  673 (medium)

 ||C|| = 2.5, ||b|| = 35.641
 DIMACS block kinds from dimacs_blocks.txt (3 blocks)

 Algorithm: plain ADMM
 Build: plain ADMM only (CUADMM_PLAIN_ADMM_ONLY): sGS-ADMM and the sGS -> ADMM hybrid are disabled; one y linear solve per iteration
 Sigma policy: legacy_adaptive, initial sigma 1 (adaptive updates)
 Maximum iterations: 200, internal KKT tolerance: 0.0001
 External validation: every 100 iterations and at each crossing of the internal tolerance; stop only when eta_p <= 0.0001, eta_d <= 0.0001, eta_g <= 0.0001, X cone <= 0.0001, dual cone <= 0.0001 (recomputed on the CPU, all finite)

Problem parameters:
              solver max iter: 200
       KKT stopping tolerance: 0.0001
       sigma update threshold: 500
         sigma update stage 1: 50
         sigma update stage 2: 100
                  switch admm: 0
                    algorithm: plain ADMM
         switch proj max iter: 0
              switch proj tol: 0.01
                     sigscale: 2
                 sigma policy: legacy_adaptive
                initial sigma: 1
    initial projection method: EIG_FP64
      final projection method: EIG_FP64
                   use LOBPCG: true
              LOBPCG max iter: 20
             LOBPCG tolerance: 1e-05
             LOBPCG warmstart: true
                 LOBPCG ratio: 0.03
            LOBPCG relaxation: 1.2
        LOBPCG rank threshold: max(1e-08 * max|lambda|, 0.001 * stop_tol)
           small matrix limit: 32
          medium matrix limit: 1000

 ------------------------------------------------------------------------------
                                   cuADMM
 ------------------------------------------------------------------------------
  it. | p infeas d infeas | primal obj.   dual obj. rel. gap |  time |   sigma 
 ------------------------------------------------------------------------------
 --------------- Starting with projection method EIG_FP64 ---------------------
    0 | 9.72e-01 6.00e-01 |  0.0000e+00  0.0000e+00 0.00e+00 |   0.6 | 1.0e+00 
========= Uninitialized __global__ memory read of size 16 bytes
=========     at sm90_xmma_syr2k_l_f64f64_f64f64_f64_nt_n_tilesize32x32x32_stage5_warpsize2x2x1_tensor16x8x16_execute_kernel__5x_cublas+0xf80
=========     by thread (96,0,0) in block (0,5,0)
=========     Address 0x14d7fa008400
=========     Saved host backtrace up to driver entry point at kernel launch time
=========         Host Frame: cuLaunchKernelEx [0x3c96a9] in libcuda.so.1
=========         Host Frame:  [0x8548032] in libcublasLt.so.12
=========         Host Frame:  [0x85ae553] in libcublasLt.so.12
=========         Host Frame:  [0x387c34f] in libcublasLt.so.12
=========         Host Frame:  [0x384f886] in libcublasLt.so.12
=========         Host Frame:  [0x3d18d93] in libcublasLt.so.12
=========         Host Frame:  [0x3d2c261] in libcublasLt.so.12
=========         Host Frame:  [0xfdea1d] in libcublasLt.so.12
=========         Host Frame:  [0x112bca3] in libcublasLt.so.12
=========         Host Frame: cublasLtDDDMatmul [0x114a3e7] in libcublasLt.so.12
=========         Host Frame:  [0x1ace22] in libcublas.so.12
=========         Host Frame:  [0x1aecf3] in libcublas.so.12
=========         Host Frame:  [0x440eee] in libcublas.so.12
=========         Host Frame: cublasDsyr2k_v2_64 [0xd2931] in libcublas.so.12
=========         Host Frame:  [0x40073e] in libcusolver.so.11
=========         Host Frame:  [0x63a139] in libcusolver.so.11
=========         Host Frame:  [0x63fa56] in libcusolver.so.11
=========         Host Frame:  [0x42abaa] in libcusolver.so.11
=========         Host Frame: cusolverDnXsyevd [0x6575b0] in libcusolver.so.11
=========         Host Frame: void single_eig_cusolver<double>(DeviceSolverDnHandle&, SingleEigParameter&, DeviceDenseVector<double>&, DeviceDenseVector<double>&, DeviceDenseVector<double>&, HostDenseVector<double>&, DeviceDenseVector<int>&, int, unsigned long, unsigned long, int, int, unsigned long, unsigned long, int) [0x6588a] in libcuadmm_lib.so
=========         Host Frame: SDPSolver::solve(int, double, int, int, int, int, int, double, double, bool) [0x5b109] in libcuadmm_lib.so
=========         Host Frame: main [0x748b] in cuadmm_exe
========= 
========= Uninitialized __global__ memory read of size 16 bytes
=========     at sm90_xmma_syr2k_l_f64f64_f64f64_f64_nt_n_tilesize32x32x32_stage5_warpsize2x2x1_tensor16x8x16_execute_kernel__5x_cublas+0xf80
=========     by thread (97,0,0) in block (0,5,0)
=========     Address 0x14d7fa008410
=========     Saved host backtrace up to driver entry point at kernel launch time
=========         Host Frame: cuLaunchKernelEx [0x3c96a9] in libcuda.so.1
=========         Host Frame:  [0x8548032] in libcublasLt.so.12
=========         Host Frame:  [0x85ae553] in libcublasLt.so.12
=========         Host Frame:  [0x387c34f] in libcublasLt.so.12
=========         Host Frame:  [0x384f886] in libcublasLt.so.12
=========         Host Frame:  [0x3d18d93] in libcublasLt.so.12
=========         Host Frame:  [0x3d2c261] in libcublasLt.so.12
=========         Host Frame:  [0xfdea1d] in libcublasLt.so.12
=========         Host Frame:  [0x112bca3] in libcublasLt.so.12
=========         Host Frame: cublasLtDDDMatmul [0x114a3e7] in libcublasLt.so.12
=========         Host Frame:  [0x1ace22] in libcublas.so.12
=========         Host Frame:  [0x1aecf3] in libcublas.so.12
=========         Host Frame:  [0x440eee] in libcublas.so.12
=========         Host Frame: cublasDsyr2k_v2_64 [0xd2931] in libcublas.so.12
=========         Host Frame:  [0x40073e] in libcusolver.so.11
=========         Host Frame:  [0x63a139] in libcusolver.so.11
=========         Host Frame:  [0x63fa56] in libcusolver.so.11
=========         Host Frame:  [0x42abaa] in libcusolver.so.11
=========         Host Frame: cusolverDnXsyevd [0x6575b0] in libcusolver.so.11
=========         Host Frame: void single_eig_cusolver<double>(DeviceSolverDnHandle&, SingleEigParameter&, DeviceDenseVector<double>&, DeviceDenseVector<double>&, DeviceDenseVector<double>&, HostDenseVector<double>&, DeviceDenseVector<int>&, int, unsigned long, unsigned long, int, int, unsigned long, unsigned long, int) [0x6588a] in libcuadmm_lib.so
=========         Host Frame: SDPSolver::solve(int, double, int, int, int, int, int, double, double, bool) [0x5b109] in libcuadmm_lib.so
=========         Host Frame: main [0x748b] in cuadmm_exe
========= 
========= Uninitialized __global__ memory read of size 16 bytes
=========     at sm90_xmma_syr2k_l_f64f64_f64f64_f64_nt_n_tilesize32x32x32_stage5_warpsize2x2x1_tensor16x8x16_execute_kernel__5x_cublas+0xf80
=========     by thread (98,0,0) in block (0,5,0)
=========     Address 0x14d7fa008420
=========     Saved host backtrace up to driver entry point at kernel launch time
=========         Host Frame: cuLaunchKernelEx [0x3c96a9] in libcuda.so.1
=========         Host Frame:  [0x8548032] in libcublasLt.so.12
=========         Host Frame:  [0x85ae553] in libcublasLt.so.12
=========         Host Frame:  [0x387c34f] in libcublasLt.so.12
=========         Host Frame:  [0x384f886] in libcublasLt.so.12
=========         Host Frame:  [0x3d18d93] in libcublasLt.so.12
=========         Host Frame:  [0x3d2c261] in libcublasLt.so.12
=========         Host Frame:  [0xfdea1d] in libcublasLt.so.12
=========         Host Frame:  [0x112bca3] in libcublasLt.so.12
=========         Host Frame: cublasLtDDDMatmul [0x114a3e7] in libcublasLt.so.12
=========         Host Frame:  [0x1ace22] in libcublas.so.12
=========         Host Frame:  [0x1aecf3] in libcublas.so.12
=========         Host Frame:  [0x440eee] in libcublas.so.12
=========         Host Frame: cublasDsyr2k_v2_64 [0xd2931] in libcublas.so.12
=========         Host Frame:  [0x40073e] in libcusolver.so.11
=========         Host Frame:  [0x63a139] in libcusolver.so.11
=========         Host Frame:  [0x63fa56] in libcusolver.so.11
=========         Host Frame:  [0x42abaa] in libcusolver.so.11
=========         Host Frame: cusolverDnXsyevd [0x6575b0] in libcusolver.so.11
=========         Host Frame: void single_eig_cusolver<double>(DeviceSolverDnHandle&, SingleEigParameter&, DeviceDenseVector<double>&, DeviceDenseVector<double>&, DeviceDenseVector<double>&, HostDenseVector<double>&, DeviceDenseVector<int>&, int, unsigned long, unsigned long, int, int, unsigned long, unsigned long, int) [0x6588a] in libcuadmm_lib.so
=========         Host Frame: SDPSolver::solve(int, double, int, int, int, int, int, double, double, bool) [0x5b109] in libcuadmm_lib.so
=========         Host Frame: main [0x748b] in cuadmm_exe
========= 
========= Uninitialized __global__ memory read of size 16 bytes
=========     at sm90_xmma_syr2k_l_f64f64_f64f64_f64_nt_n_tilesize32x32x32_stage5_warpsize2x2x1_tensor16x8x16_execute_kernel__5x_cublas+0xf80
=========     by thread (99,0,0) in block (0,5,0)
=========     Address 0x14d7fa008430
=========     Saved host backtrace up to driver entry point at kernel launch time
=========         Host Frame: cuLaunchKernelEx [0x3c96a9] in libcuda.so.1
=========         Host Frame:  [0x8548032] in libcublasLt.so.12
=========         Host Frame:  [0x85ae553] in libcublasLt.so.12
=========         Host Frame:  [0x387c34f] in libcublasLt.so.12
=========         Host Frame:  [0x384f886] in libcublasLt.so.12
=========         Host Frame:  [0x3d18d93] in libcublasLt.so.12
=========         Host Frame:  [0x3d2c261] in libcublasLt.so.12
=========         Host Frame:  [0xfdea1d] in libcublasLt.so.12
=========         Host Frame:  [0x112bca3] in libcublasLt.so.12
=========         Host Frame: cublasLtDDDMatmul [0x114a3e7] in libcublasLt.so.12
=========         Host Frame:  [0x1ace22] in libcublas.so.12
=========         Host Frame:  [0x1aecf3] in libcublas.so.12
=========         Host Frame:  [0x440eee] in libcublas.so.12
=========         Host Frame: cublasDsyr2k_v2_64 [0xd2931] in libcublas.so.12
=========         Host Frame:  [0x40073e] in libcusolver.so.11
=========         Host Frame:  [0x63a139] in libcusolver.so.11
=========         Host Frame:  [0x63fa56] in libcusolver.so.11
=========         Host Frame:  [0x42abaa] in libcusolver.so.11
=========         Host Frame: cusolverDnXsyevd [0x6575b0] in libcusolver.so.11
=========         Host Frame: void single_eig_cusolver<double>(DeviceSolverDnHandle&, SingleEigParameter&, DeviceDenseVector<double>&, DeviceDenseVector<double>&, DeviceDenseVector<double>&, HostDenseVector<double>&, DeviceDenseVector<int>&, int, unsigned long, unsigned long, int, int, unsigned long, unsigned long, int) [0x6588a] in libcuadmm_lib.so
=========         Host Frame: SDPSolver::solve(int, double, int, int, int, int, int, double, double, bool) [0x5b109] in libcuadmm_lib.so
=========         Host Frame: main [0x748b] in cuadmm_exe
========= 
========= Uninitialized __global__ memory read of size 16 bytes
=========     at sm90_xmma_syr2k_l_f64f64_f64f64_f64_nt_n_tilesize32x32x32_stage5_warpsize2x2x1_tensor16x8x16_execute_kernel__5x_cublas+0xf80
=========     by thread (100,0,0) in block (0,5,0)
=========     Address 0x14d7fa008440
=========     Saved host backtrace up to driver entry point at kernel launch time
=========         Host Frame: cuLaunchKernelEx [0x3c96a9] in libcuda.so.1
=========         Host Frame:  [0x8548032] in libcublasLt.so.12
=========         Host Frame:  [0x85ae553] in libcublasLt.so.12
=========         Host Frame:  [0x387c34f] in libcublasLt.so.12
=========         Host Frame:  [0x384f886] in libcublasLt.so.12
=========         Host Frame:  [0x3d18d93] in libcublasLt.so.12
=========         Host Frame:  [0x3d2c261] in libcublasLt.so.12
=========         Host Frame:  [0xfdea1d] in libcublasLt.so.12
=========         Host Frame:  [0x112bca3] in libcublasLt.so.12
=========         Host Frame: cublasLtDDDMatmul [0x114a3e7] in libcublasLt.so.12
=========         Host Frame:  [0x1ace22] in libcublas.so.12
=========         Host Frame:  [0x1aecf3] in libcublas.so.12
=========         Host Frame:  [0x440eee] in libcublas.so.12
=========         Host Frame: cublasDsyr2k_v2_64 [0xd2931] in libcublas.so.12
=========         Host Frame:  [0x40073e] in libcusolver.so.11
=========         Host Frame:  [0x63a139] in libcusolver.so.11
=========         Host Frame:  [0x63fa56] in libcusolver.so.11
=========         Host Frame:  [0x42abaa] in libcusolver.so.11
=========         Host Frame: cusolverDnXsyevd [0x6575b0] in libcusolver.so.11
=========         Host Frame: void single_eig_cusolver<double>(DeviceSolverDnHandle&, SingleEigParameter&, DeviceDenseVector<double>&, DeviceDenseVector<double>&, DeviceDenseVector<double>&, HostDenseVector<double>&, DeviceDenseVector<int>&, int, unsigned long, unsigned long, int, int, unsigned long, unsigned long, int) [0x6588a] in libcuadmm_lib.so
=========         Host Frame: SDPSolver::solve(int, double, int, int, int, int, int, double, double, bool) [0x5b109] in libcuadmm_lib.so
=========         Host Frame: main [0x748b] in cuadmm_exe
========= 
========= Uninitialized __global__ memory read of size 16 bytes
=========     at sm90_xmma_syr2k_l_f64f64_f64f64_f64_nt_n_tilesize32x32x32_stage5_warpsize2x2x1_tensor16x8x16_execute_kernel__5x_cublas+0xf80
=========     by thread (101,0,0) in block (0,5,0)
=========     Address 0x14d7fa008450
=========     Saved host backtrace up to driver entry point at kernel launch time
=========         Host Frame: cuLaunchKernelEx [0x3c96a9] in libcuda.so.1
=========         Host Frame:  [0x8548032] in libcublasLt.so.12
=========         Host Frame:  [0x85ae553] in libcublasLt.so.12
=========         Host Frame:  [0x387c34f] in libcublasLt.so.12
=========         Host Frame:  [0x384f886] in libcublasLt.so.12
=========         Host Frame:  [0x3d18d93] in libcublasLt.so.12
=========         Host Frame:  [0x3d2c261] in libcublasLt.so.12
=========         Host Frame:  [0xfdea1d] in libcublasLt.so.12
=========         Host Frame:  [0x112bca3] in libcublasLt.so.12
=========         Host Frame: cublasLtDDDMatmul [0x114a3e7] in libcublasLt.so.12
=========         Host Frame:  [0x1ace22] in libcublas.so.12
=========         Host Frame:  [0x1aecf3] in libcublas.so.12
=========         Host Frame:  [0x440eee] in libcublas.so.12
=========         Host Frame: cublasDsyr2k_v2_64 [0xd2931] in libcublas.so.12
=========         Host Frame:  [0x40073e] in libcusolver.so.11
=========         Host Frame:  [0x63a139] in libcusolver.so.11
=========         Host Frame:  [0x63fa56] in libcusolver.so.11
=========         Host Frame:  [0x42abaa] in libcusolver.so.11
=========         Host Frame: cusolverDnXsyevd [0x6575b0] in libcusolver.so.11
=========         Host Frame: void single_eig_cusolver<double>(DeviceSolverDnHandle&, SingleEigParameter&, DeviceDenseVector<double>&, DeviceDenseVector<double>&, DeviceDenseVector<double>&, HostDenseVector<double>&, DeviceDenseVector<int>&, int, unsigned long, unsigned long, int, int, unsigned long, unsigned long, int) [0x6588a] in libcuadmm_lib.so
=========         Host Frame: SDPSolver::solve(int, double, int, int, int, int, int, double, double, bool) [0x5b109] in libcuadmm_lib.so
=========         Host Frame: main [0x748b] in cuadmm_exe
========= 
========= Uninitialized __global__ memory read of size 16 bytes
=========     at sm90_xmma_syr2k_l_f64f64_f64f64_f64_nt_n_tilesize32x32x32_stage5_warpsize2x2x1_tensor16x8x16_execute_kernel__5x_cublas+0xf80
=========     by thread (102,0,0) in block (0,5,0)
=========     Address 0x14d7fa008460
=========     Saved host backtrace up to driver entry point at kernel launch time
=========         Host Frame: cuLaunchKernelEx [0x3c96a9] in libcuda.so.1
=========         Host Frame:  [0x8548032] in libcublasLt.so.12
=========         Host Frame:  [0x85ae553] in libcublasLt.so.12
=========         Host Frame:  [0x387c34f] in libcublasLt.so.12
=========         Host Frame:  [0x384f886] in libcublasLt.so.12
=========         Host Frame:  [0x3d18d93] in libcublasLt.so.12
=========         Host Frame:  [0x3d2c261] in libcublasLt.so.12
=========         Host Frame:  [0xfdea1d] in libcublasLt.so.12
=========         Host Frame:  [0x112bca3] in libcublasLt.so.12
=========         Host Frame: cublasLtDDDMatmul [0x114a3e7] in libcublasLt.so.12
=========         Host Frame:  [0x1ace22] in libcublas.so.12
=========         Host Frame:  [0x1aecf3] in libcublas.so.12
=========         Host Frame:  [0x440eee] in libcublas.so.12
=========         Host Frame: cublasDsyr2k_v2_64 [0xd2931] in libcublas.so.12
=========         Host Frame:  [0x40073e] in libcusolver.so.11
=========         Host Frame:  [0x63a139] in libcusolver.so.11
=========         Host Frame:  [0x63fa56] in libcusolver.so.11
=========         Host Frame:  [0x42abaa] in libcusolver.so.11
=========         Host Frame: cusolverDnXsyevd [0x6575b0] in libcusolver.so.11
=========         Host Frame: void single_eig_cusolver<double>(DeviceSolverDnHandle&, SingleEigParameter&, DeviceDenseVector<double>&, DeviceDenseVector<double>&, DeviceDenseVector<double>&, HostDenseVector<double>&, DeviceDenseVector<int>&, int, unsigned long, unsigned long, int, int, unsigned long, unsigned long, int) [0x6588a] in libcuadmm_lib.so
=========         Host Frame: SDPSolver::solve(int, double, int, int, int, int, int, double, double, bool) [0x5b109] in libcuadmm_lib.so
=========         Host Frame: main [0x748b] in cuadmm_exe
========= 
========= Uninitialized __global__ memory read of size 16 bytes
=========     at sm90_xmma_syr2k_l_f64f64_f64f64_f64_nt_n_tilesize32x32x32_stage5_warpsize2x2x1_tensor16x8x16_execute_kernel__5x_cublas+0xf80
=========     by thread (103,0,0) in block (0,5,0)
=========     Address 0x14d7fa008470
=========     Saved host backtrace up to driver entry point at kernel launch time
=========         Host Frame: cuLaunchKernelEx [0x3c96a9] in libcuda.so.1
=========         Host Frame:  [0x8548032] in libcublasLt.so.12
=========         Host Frame:  [0x85ae553] in libcublasLt.so.12
=========         Host Frame:  [0x387c34f] in libcublasLt.so.12
=========         Host Frame:  [0x384f886] in libcublasLt.so.12
=========         Host Frame:  [0x3d18d93] in libcublasLt.so.12
=========         Host Frame:  [0x3d2c261] in libcublasLt.so.12
=========         Host Frame:  [0xfdea1d] in libcublasLt.so.12
=========         Host Frame:  [0x112bca3] in libcublasLt.so.12
=========         Host Frame: cublasLtDDDMatmul [0x114a3e7] in libcublasLt.so.12
=========         Host Frame:  [0x1ace22] in libcublas.so.12
=========         Host Frame:  [0x1aecf3] in libcublas.so.12
=========         Host Frame:  [0x440eee] in libcublas.so.12
=========         Host Frame: cublasDsyr2k_v2_64 [0xd2931] in libcublas.so.12
=========         Host Frame:  [0x40073e] in libcusolver.so.11
=========         Host Frame:  [0x63a139] in libcusolver.so.11
=========         Host Frame:  [0x63fa56] in libcusolver.so.11
=========         Host Frame:  [0x42abaa] in libcusolver.so.11
=========         Host Frame: cusolverDnXsyevd [0x6575b0] in libcusolver.so.11
=========         Host Frame: void single_eig_cusolver<double>(DeviceSolverDnHandle&, SingleEigParameter&, DeviceDenseVector<double>&, DeviceDenseVector<double>&, DeviceDenseVector<double>&, HostDenseVector<double>&, DeviceDenseVector<int>&, int, unsigned long, unsigned long, int, int, unsigned long, unsigned long, int) [0x6588a] in libcuadmm_lib.so
=========         Host Frame: SDPSolver::solve(int, double, int, int, int, int, int, double, double, bool) [0x5b109] in libcuadmm_lib.so
=========         Host Frame: main [0x748b] in cuadmm_exe
========= 
========= Uninitialized __global__ memory read of size 16 bytes
=========     at sm90_xmma_syr2k_l_f64f64_f64f64_f64_nt_n_tilesize32x32x32_stage5_warpsize2x2x1_tensor16x8x16_execute_kernel__5x_cublas+0xf80
=========     by thread (104,0,0) in block (0,5,0)
=========     Address 0x14d7fa008480
=========     Saved host backtrace up to driver entry point at kernel launch time
=========         Host Frame: cuLaunchKernelEx [0x3c96a9] in libcuda.so.1
=========         Host Frame:  [0x8548032] in libcublasLt.so.12
=========         Host Frame:  [0x85ae553] in libcublasLt.so.12
=========         Host Frame:  [0x387c34f] in libcublasLt.so.12
=========         Host Frame:  [0x384f886] in libcublasLt.so.12
=========         Host Frame:  [0x3d18d93] in libcublasLt.so.12
=========         Host Frame:  [0x3d2c261] in libcublasLt.so.12
=========         Host Frame:  [0xfdea1d] in libcublasLt.so.12
=========         Host Frame:  [0x112bca3] in libcublasLt.so.12
=========         Host Frame: cublasLtDDDMatmul [0x114a3e7] in libcublasLt.so.12
=========         Host Frame:  [0x1ace22] in libcublas.so.12
=========         Host Frame:  [0x1aecf3] in libcublas.so.12
=========         Host Frame:  [0x440eee] in libcublas.so.12
=========         Host Frame: cublasDsyr2k_v2_64 [0xd2931] in libcublas.so.12
=========         Host Frame:  [0x40073e] in libcusolver.so.11
=========         Host Frame:  [0x63a139] in libcusolver.so.11
=========         Host Frame:  [0x63fa56] in libcusolver.so.11
=========         Host Frame:  [0x42abaa] in libcusolver.so.11
=========         Host Frame: cusolverDnXsyevd [0x6575b0] in libcusolver.so.11
=========         Host Frame: void single_eig_cusolver<double>(DeviceSolverDnHandle&, SingleEigParameter&, DeviceDenseVector<double>&, DeviceDenseVector<double>&, DeviceDenseVector<double>&, HostDenseVector<double>&, DeviceDenseVector<int>&, int, unsigned long, unsigned long, int, int, unsigned long, unsigned long, int) [0x6588a] in libcuadmm_lib.so
=========         Host Frame: SDPSolver::solve(int, double, int, int, int, int, int, double, double, bool) [0x5b109] in libcuadmm_lib.so
=========         Host Frame: main [0x748b] in cuadmm_exe
========= 
========= Uninitialized __global__ memory read of size 16 bytes
=========     at sm90_xmma_syr2k_l_f64f64_f64f64_f64_nt_n_tilesize32x32x32_stage5_warpsize2x2x1_tensor16x8x16_execute_kernel__5x_cublas+0xf80
=========     by thread (105,0,0) in block (0,5,0)
=========     Address 0x14d7fa008490
=========     Saved host backtrace up to driver entry point at kernel launch time
=========         Host Frame: cuLaunchKernelEx [0x3c96a9] in libcuda.so.1
=========         Host Frame:  [0x8548032] in libcublasLt.so.12
=========         Host Frame:  [0x85ae553] in libcublasLt.so.12
=========         Host Frame:  [0x387c34f] in libcublasLt.so.12
=========         Host Frame:  [0x384f886] in libcublasLt.so.12
=========         Host Frame:  [0x3d18d93] in libcublasLt.so.12
=========         Host Frame:  [0x3d2c261] in libcublasLt.so.12
=========         Host Frame:  [0xfdea1d] in libcublasLt.so.12
=========         Host Frame:  [0x112bca3] in libcublasLt.so.12
=========         Host Frame: cublasLtDDDMatmul [0x114a3e7] in libcublasLt.so.12
=========         Host Frame:  [0x1ace22] in libcublas.so.12
=========         Host Frame:  [0x1aecf3] in libcublas.so.12
=========         Host Frame:  [0x440eee] in libcublas.so.12
=========         Host Frame: cublasDsyr2k_v2_64 [0xd2931] in libcublas.so.12
=========         Host Frame:  [0x40073e] in libcusolver.so.11
=========         Host Frame:  [0x63a139] in libcusolver.so.11
=========         Host Frame:  [0x63fa56] in libcusolver.so.11
=========         Host Frame:  [0x42abaa] in libcusolver.so.11
=========         Host Frame: cusolverDnXsyevd [0x6575b0] in libcusolver.so.11
=========         Host Frame: void single_eig_cusolver<double>(DeviceSolverDnHandle&, SingleEigParameter&, DeviceDenseVector<double>&, DeviceDenseVector<double>&, DeviceDenseVector<double>&, HostDenseVector<double>&, DeviceDenseVector<int>&, int, unsigned long, unsigned long, int, int, unsigned long, unsigned long, int) [0x6588a] in libcuadmm_lib.so
=========         Host Frame: SDPSolver::solve(int, double, int, int, int, int, int, double, double, bool) [0x5b109] in libcuadmm_lib.so
=========         Host Frame: main [0x748b] in cuadmm_exe
========= 
========= Uninitialized __global__ memory read of size 16 bytes
=========     at sm90_xmma_syr2k_l_f64f64_f64f64_f64_nt_n_tilesize32x32x32_stage5_warpsize2x2x1_tensor16x8x16_execute_kernel__5x_cublas+0xf80
=========     by thread (106,0,0) in block (0,5,0)
=========     Address 0x14d7fa0084a0
=========     Saved host backtrace up to driver entry point at kernel launch time
=========         Host Frame: cuLaunchKernelEx [0x3c96a9] in libcuda.so.1
=========         Host Frame:  [0x8548032] in libcublasLt.so.12
=========         Host Frame:  [0x85ae553] in libcublasLt.so.12
=========         Host Frame:  [0x387c34f] in libcublasLt.so.12
=========         Host Frame:  [0x384f886] in libcublasLt.so.12
=========         Host Frame:  [0x3d18d93] in libcublasLt.so.12
=========         Host Frame:  [0x3d2c261] in libcublasLt.so.12
=========         Host Frame:  [0xfdea1d] in libcublasLt.so.12
=========         Host Frame:  [0x112bca3] in libcublasLt.so.12
=========         Host Frame: cublasLtDDDMatmul [0x114a3e7] in libcublasLt.so.12
=========         Host Frame:  [0x1ace22] in libcublas.so.12
=========         Host Frame:  [0x1aecf3] in libcublas.so.12
=========         Host Frame:  [0x440eee] in libcublas.so.12
=========         Host Frame: cublasDsyr2k_v2_64 [0xd2931] in libcublas.so.12
=========         Host Frame:  [0x40073e] in libcusolver.so.11
=========         Host Frame:  [0x63a139] in libcusolver.so.11
=========         Host Frame:  [0x63fa56] in libcusolver.so.11
=========         Host Frame:  [0x42abaa] in libcusolver.so.11
=========         Host Frame: cusolverDnXsyevd [0x6575b0] in libcusolver.so.11
=========         Host Frame: void single_eig_cusolver<double>(DeviceSolverDnHandle&, SingleEigParameter&, DeviceDenseVector<double>&, DeviceDenseVector<double>&, DeviceDenseVector<double>&, HostDenseVector<double>&, DeviceDenseVector<int>&, int, unsigned long, unsigned long, int, int, unsigned long, unsigned long, int) [0x6588a] in libcuadmm_lib.so
=========         Host Frame: SDPSolver::solve(int, double, int, int, int, int, int, double, double, bool) [0x5b109] in libcuadmm_lib.so
=========         Host Frame: main [0x748b] in cuadmm_exe
========= 
========= Uninitialized __global__ memory read of size 16 bytes
=========     at sm90_xmma_syr2k_l_f64f64_f64f64_f64_nt_n_tilesize32x32x32_stage5_warpsize2x2x1_tensor16x8x16_execute_kernel__5x_cublas+0xf80
=========     by thread (107,0,0) in block (0,5,0)
=========     Address 0x14d7fa0084b0
=========     Saved host backtrace up to driver entry point at kernel launch time
=========         Host Frame: cuLaunchKernelEx [0x3c96a9] in libcuda.so.1
=========         Host Frame:  [0x8548032] in libcublasLt.so.12
=========         Host Frame:  [0x85ae553] in libcublasLt.so.12
=========         Host Frame:  [0x387c34f] in libcublasLt.so.12
=========         Host Frame:  [0x384f886] in libcublasLt.so.12
=========         Host Frame:  [0x3d18d93] in libcublasLt.so.12
=========         Host Frame:  [0x3d2c261] in libcublasLt.so.12
=========         Host Frame:  [0xfdea1d] in libcublasLt.so.12
=========         Host Frame:  [0x112bca3] in libcublasLt.so.12
=========         Host Frame: cublasLtDDDMatmul [0x114a3e7] in libcublasLt.so.12
=========         Host Frame:  [0x1ace22] in libcublas.so.12
=========         Host Frame:  [0x1aecf3] in libcublas.so.12
=========         Host Frame:  [0x440eee] in libcublas.so.12
=========         Host Frame: cublasDsyr2k_v2_64 [0xd2931] in libcublas.so.12
=========         Host Frame:  [0x40073e] in libcusolver.so.11
=========         Host Frame:  [0x63a139] in libcusolver.so.11
=========         Host Frame:  [0x63fa56] in libcusolver.so.11
=========         Host Frame:  [0x42abaa] in libcusolver.so.11
=========         Host Frame: cusolverDnXsyevd [0x6575b0] in libcusolver.so.11
=========         Host Frame: void single_eig_cusolver<double>(DeviceSolverDnHandle&, SingleEigParameter&, DeviceDenseVector<double>&, DeviceDenseVector<double>&, DeviceDenseVector<double>&, HostDenseVector<double>&, DeviceDenseVector<int>&, int, unsigned long, unsigned long, int, int, unsigned long, unsigned long, int) [0x6588a] in libcuadmm_lib.so
=========         Host Frame: SDPSolver::solve(int, double, int, int, int, int, int, double, double, bool) [0x5b109] in libcuadmm_lib.so
=========         Host Frame: main [0x748b] in cuadmm_exe
========= 
========= Uninitialized __global__ memory read of size 16 bytes
=========     at sm90_xmma_syr2k_l_f64f64_f64f64_f64_nt_n_tilesize32x32x32_stage5_warpsize2x2x1_tensor16x8x16_execute_kernel__5x_cublas+0xf80
=========     by thread (108,0,0) in block (0,5,0)
=========     Address 0x14d7fa0084c0
=========     Saved host backtrace up to driver entry point at kernel launch time
=========         Host Frame: cuLaunchKernelEx [0x3c96a9] in libcuda.so.1
=========         Host Frame:  [0x8548032] in libcublasLt.so.12
=========         Host Frame:  [0x85ae553] in libcublasLt.so.12
=========         Host Frame:  [0x387c34f] in libcublasLt.so.12
=========         Host Frame:  [0x384f886] in libcublasLt.so.12
=========         Host Frame:  [0x3d18d93] in libcublasLt.so.12
=========         Host Frame:  [0x3d2c261] in libcublasLt.so.12
=========         Host Frame:  [0xfdea1d] in libcublasLt.so.12
=========         Host Frame:  [0x112bca3] in libcublasLt.so.12
=========         Host Frame: cublasLtDDDMatmul [0x114a3e7] in libcublasLt.so.12
=========         Host Frame:  [0x1ace22] in libcublas.so.12
=========         Host Frame:  [0x1aecf3] in libcublas.so.12
=========         Host Frame:  [0x440eee] in libcublas.so.12
=========         Host Frame: cublasDsyr2k_v2_64 [0xd2931] in libcublas.so.12
=========         Host Frame:  [0x40073e] in libcusolver.so.11
=========         Host Frame:  [0x63a139] in libcusolver.so.11
=========         Host Frame:  [0x63fa56] in libcusolver.so.11
=========         Host Frame:  [0x42abaa] in libcusolver.so.11
=========         Host Frame: cusolverDnXsyevd [0x6575b0] in libcusolver.so.11
=========         Host Frame: void single_eig_cusolver<double>(DeviceSolverDnHandle&, SingleEigParameter&, DeviceDenseVector<double>&, DeviceDenseVector<double>&, DeviceDenseVector<double>&, HostDenseVector<double>&, DeviceDenseVector<int>&, int, unsigned long, unsigned long, int, int, unsigned long, unsigned long, int) [0x6588a] in libcuadmm_lib.so
=========         Host Frame: SDPSolver::solve(int, double, int, int, int, int, int, double, double, bool) [0x5b109] in libcuadmm_lib.so
=========         Host Frame: main [0x748b] in cuadmm_exe
========= 
========= Uninitialized __global__ memory read of size 16 bytes
=========     at sm90_xmma_syr2k_l_f64f64_f64f64_f64_nt_n_tilesize32x32x32_stage5_warpsize2x2x1_tensor16x8x16_execute_kernel__5x_cublas+0xf80
=========     by thread (109,0,0) in block (0,5,0)
=========     Address 0x14d7fa0084d0
=========     Saved host backtrace up to driver entry point at kernel launch time
=========         Host Frame: cuLaunchKernelEx [0x3c96a9] in libcuda.so.1
=========         Host Frame:  [0x8548032] in libcublasLt.so.12
=========         Host Frame:  [0x85ae553] in libcublasLt.so.12
=========         Host Frame:  [0x387c34f] in libcublasLt.so.12
=========         Host Frame:  [0x384f886] in libcublasLt.so.12
=========         Host Frame:  [0x3d18d93] in libcublasLt.so.12
=========         Host Frame:  [0x3d2c261] in libcublasLt.so.12
=========         Host Frame:  [0xfdea1d] in libcublasLt.so.12
=========         Host Frame:  [0x112bca3] in libcublasLt.so.12
=========         Host Frame: cublasLtDDDMatmul [0x114a3e7] in libcublasLt.so.12
=========         Host Frame:  [0x1ace22] in libcublas.so.12
=========         Host Frame:  [0x1aecf3] in libcublas.so.12
=========         Host Frame:  [0x440eee] in libcublas.so.12
=========         Host Frame: cublasDsyr2k_v2_64 [0xd2931] in libcublas.so.12
=========         Host Frame:  [0x40073e] in libcusolver.so.11
=========         Host Frame:  [0x63a139] in libcusolver.so.11
=========         Host Frame:  [0x63fa56] in libcusolver.so.11
=========         Host Frame:  [0x42abaa] in libcusolver.so.11
=========         Host Frame: cusolverDnXsyevd [0x6575b0] in libcusolver.so.11
=========         Host Frame: void single_eig_cusolver<double>(DeviceSolverDnHandle&, SingleEigParameter&, DeviceDenseVector<double>&, DeviceDenseVector<double>&, DeviceDenseVector<double>&, HostDenseVector<double>&, DeviceDenseVector<int>&, int, unsigned long, unsigned long, int, int, unsigned long, unsigned long, int) [0x6588a] in libcuadmm_lib.so
=========         Host Frame: SDPSolver::solve(int, double, int, int, int, int, int, double, double, bool) [0x5b109] in libcuadmm_lib.so
=========         Host Frame: main [0x748b] in cuadmm_exe
========= 
========= Uninitialized __global__ memory read of size 16 bytes
=========     at sm90_xmma_syr2k_l_f64f64_f64f64_f64_nt_n_tilesize32x32x32_stage5_warpsize2x2x1_tensor16x8x16_execute_kernel__5x_cublas+0xf80
=========     by thread (110,0,0) in block (0,5,0)
=========     Address 0x14d7fa0084e0
=========     Saved host backtrace up to driver entry point at kernel launch time
=========         Host Frame: cuLaunchKernelEx [0x3c96a9] in libcuda.so.1
=========         Host Frame:  [0x8548032] in libcublasLt.so.12
=========         Host Frame:  [0x85ae553] in libcublasLt.so.12
=========         Host Frame:  [0x387c34f] in libcublasLt.so.12
=========         Host Frame:  [0x384f886] in libcublasLt.so.12
=========         Host Frame:  [0x3d18d93] in libcublasLt.so.12
=========         Host Frame:  [0x3d2c261] in libcublasLt.so.12
=========         Host Frame:  [0xfdea1d] in libcublasLt.so.12
=========         Host Frame:  [0x112bca3] in libcublasLt.so.12
=========         Host Frame: cublasLtDDDMatmul [0x114a3e7] in libcublasLt.so.12
=========         Host Frame:  [0x1ace22] in libcublas.so.12
=========         Host Frame:  [0x1aecf3] in libcublas.so.12
=========         Host Frame:  [0x440eee] in libcublas.so.12
=========         Host Frame: cublasDsyr2k_v2_64 [0xd2931] in libcublas.so.12
=========         Host Frame:  [0x40073e] in libcusolver.so.11
=========         Host Frame:  [0x63a139] in libcusolver.so.11
=========         Host Frame:  [0x63fa56] in libcusolver.so.11
=========         Host Frame:  [0x42abaa] in libcusolver.so.11
=========         Host Frame: cusolverDnXsyevd [0x6575b0] in libcusolver.so.11
=========         Host Frame: void single_eig_cusolver<double>(DeviceSolverDnHandle&, SingleEigParameter&, DeviceDenseVector<double>&, DeviceDenseVector<double>&, DeviceDenseVector<double>&, HostDenseVector<double>&, DeviceDenseVector<int>&, int, unsigned long, unsigned long, int, int, unsigned long, unsigned long, int) [0x6588a] in libcuadmm_lib.so
=========         Host Frame: SDPSolver::solve(int, double, int, int, int, int, int, double, double, bool) [0x5b109] in libcuadmm_lib.so
=========         Host Frame: main [0x748b] in cuadmm_exe
========= 
========= Uninitialized __global__ memory read of size 16 bytes
=========     at sm90_xmma_syr2k_l_f64f64_f64f64_f64_nt_n_tilesize32x32x32_stage5_warpsize2x2x1_tensor16x8x16_execute_kernel__5x_cublas+0xf80
=========     by thread (111,0,0) in block (0,5,0)
=========     Address 0x14d7fa0084f0
=========     Saved host backtrace up to driver entry point at kernel launch time
=========         Host Frame: cuLaunchKernelEx [0x3c96a9] in libcuda.so.1
=========         Host Frame:  [0x8548032] in libcublasLt.so.12
=========         Host Frame:  [0x85ae553] in libcublasLt.so.12
=========         Host Frame:  [0x387c34f] in libcublasLt.so.12
=========         Host Frame:  [0x384f886] in libcublasLt.so.12
=========         Host Frame:  [0x3d18d93] in libcublasLt.so.12
=========         Host Frame:  [0x3d2c261] in libcublasLt.so.12
=========         Host Frame:  [0xfdea1d] in libcublasLt.so.12
=========         Host Frame:  [0x112bca3] in libcublasLt.so.12
=========         Host Frame: cublasLtDDDMatmul [0x114a3e7] in libcublasLt.so.12
=========         Host Frame:  [0x1ace22] in libcublas.so.12
=========         Host Frame:  [0x1aecf3] in libcublas.so.12
=========         Host Frame:  [0x440eee] in libcublas.so.12
=========         Host Frame: cublasDsyr2k_v2_64 [0xd2931] in libcublas.so.12
=========         Host Frame:  [0x40073e] in libcusolver.so.11
=========         Host Frame:  [0x63a139] in libcusolver.so.11
=========         Host Frame:  [0x63fa56] in libcusolver.so.11
=========         Host Frame:  [0x42abaa] in libcusolver.so.11
=========         Host Frame: cusolverDnXsyevd [0x6575b0] in libcusolver.so.11
=========         Host Frame: void single_eig_cusolver<double>(DeviceSolverDnHandle&, SingleEigParameter&, DeviceDenseVector<double>&, DeviceDenseVector<double>&, DeviceDenseVector<double>&, HostDenseVector<double>&, DeviceDenseVector<int>&, int, unsigned long, unsigned long, int, int, unsigned long, unsigned long, int) [0x6588a] in libcuadmm_lib.so
=========         Host Frame: SDPSolver::solve(int, double, int, int, int, int, int, double, double, bool) [0x5b109] in libcuadmm_lib.so
=========         Host Frame: main [0x748b] in cuadmm_exe
========= 
========= Uninitialized __global__ memory read of size 16 bytes
=========     at sm90_xmma_syr2k_l_f64f64_f64f64_f64_nt_n_tilesize32x32x32_stage5_warpsize2x2x1_tensor16x8x16_execute_kernel__5x_cublas+0xf80
=========     by thread (112,0,0) in block (0,5,0)
=========     Address 0x14d7fa009900
=========     Saved host backtrace up to driver entry point at kernel launch time
=========         Host Frame: cuLaunchKernelEx [0x3c96a9] in libcuda.so.1
=========         Host Frame:  [0x8548032] in libcublasLt.so.12
=========         Host Frame:  [0x85ae553] in libcublasLt.so.12
=========         Host Frame:  [0x387c34f] in libcublasLt.so.12
=========         Host Frame:  [0x384f886] in libcublasLt.so.12
=========         Host Frame:  [0x3d18d93] in libcublasLt.so.12
=========         Host Frame:  [0x3d2c261] in libcublasLt.so.12
=========         Host Frame:  [0xfdea1d] in libcublasLt.so.12
=========         Host Frame:  [0x112bca3] in libcublasLt.so.12
=========         Host Frame: cublasLtDDDMatmul [0x114a3e7] in libcublasLt.so.12
=========         Host Frame:  [0x1ace22] in libcublas.so.12
=========         Host Frame:  [0x1aecf3] in libcublas.so.12
=========         Host Frame:  [0x440eee] in libcublas.so.12
=========         Host Frame: cublasDsyr2k_v2_64 [0xd2931] in libcublas.so.12
=========         Host Frame:  [0x40073e] in libcusolver.so.11
=========         Host Frame:  [0x63a139] in libcusolver.so.11
=========         Host Frame:  [0x63fa56] in libcusolver.so.11
=========         Host Frame:  [0x42abaa] in libcusolver.so.11
=========         Host Frame: cusolverDnXsyevd [0x6575b0] in libcusolver.so.11
=========         Host Frame: void single_eig_cusolver<double>(DeviceSolverDnHandle&, SingleEigParameter&, DeviceDenseVector<double>&, DeviceDenseVector<double>&, DeviceDenseVector<double>&, HostDenseVector<double>&, DeviceDenseVector<int>&, int, unsigned long, unsigned long, int, int, unsigned long, unsigned long, int) [0x6588a] in libcuadmm_lib.so
=========         Host Frame: SDPSolver::solve(int, double, int, int, int, int, int, double, double, bool) [0x5b109] in libcuadmm_lib.so
=========         Host Frame: main [0x748b] in cuadmm_exe
========= 
========= Uninitialized __global__ memory read of size 16 bytes
=========     at sm90_xmma_syr2k_l_f64f64_f64f64_f64_nt_n_tilesize32x32x32_stage5_warpsize2x2x1_tensor16x8x16_execute_kernel__5x_cublas+0xf80
=========     by thread (113,0,0) in block (0,5,0)
=========     Address 0x14d7fa009910
=========     Saved host backtrace up to driver entry point at kernel launch time
=========         Host Frame: cuLaunchKernelEx [0x3c96a9] in libcuda.so.1
=========         Host Frame:  [0x8548032] in libcublasLt.so.12
=========         Host Frame:  [0x85ae553] in libcublasLt.so.12
=========         Host Frame:  [0x387c34f] in libcublasLt.so.12
=========         Host Frame:  [0x384f886] in libcublasLt.so.12
=========         Host Frame:  [0x3d18d93] in libcublasLt.so.12
=========         Host Frame:  [0x3d2c261] in libcublasLt.so.12
=========         Host Frame:  [0xfdea1d] in libcublasLt.so.12
=========         Host Frame:  [0x112bca3] in libcublasLt.so.12
=========         Host Frame: cublasLtDDDMatmul [0x114a3e7] in libcublasLt.so.12
=========         Host Frame:  [0x1ace22] in libcublas.so.12
=========         Host Frame:  [0x1aecf3] in libcublas.so.12
=========         Host Frame:  [0x440eee] in libcublas.so.12
=========         Host Frame: cublasDsyr2k_v2_64 [0xd2931] in libcublas.so.12
=========         Host Frame:  [0x40073e] in libcusolver.so.11
=========         Host Frame:  [0x63a139] in libcusolver.so.11
=========         Host Frame:  [0x63fa56] in libcusolver.so.11
=========         Host Frame:  [0x42abaa] in libcusolver.so.11
=========         Host Frame: cusolverDnXsyevd [0x6575b0] in libcusolver.so.11
=========         Host Frame: void single_eig_cusolver<double>(DeviceSolverDnHandle&, SingleEigParameter&, DeviceDenseVector<double>&, DeviceDenseVector<double>&, DeviceDenseVector<double>&, HostDenseVector<double>&, DeviceDenseVector<int>&, int, unsigned long, unsigned long, int, int, unsigned long, unsigned long, int) [0x6588a] in libcuadmm_lib.so
=========         Host Frame: SDPSolver::solve(int, double, int, int, int, int, int, double, double, bool) [0x5b109] in libcuadmm_lib.so
=========         Host Frame: main [0x748b] in cuadmm_exe
========= 
========= Uninitialized __global__ memory read of size 16 bytes
=========     at sm90_xmma_syr2k_l_f64f64_f64f64_f64_nt_n_tilesize32x32x32_stage5_warpsize2x2x1_tensor16x8x16_execute_kernel__5x_cublas+0xf80
=========     by thread (114,0,0) in block (0,5,0)
=========     Address 0x14d7fa009920
=========     Saved host backtrace up to driver entry point at kernel launch time
=========         Host Frame: cuLaunchKernelEx [0x3c96a9] in libcuda.so.1
=========         Host Frame:  [0x8548032] in libcublasLt.so.12
=========         Host Frame:  [0x85ae553] in libcublasLt.so.12
=========         Host Frame:  [0x387c34f] in libcublasLt.so.12
=========         Host Frame:  [0x384f886] in libcublasLt.so.12
=========         Host Frame:  [0x3d18d93] in libcublasLt.so.12
=========         Host Frame:  [0x3d2c261] in libcublasLt.so.12
=========         Host Frame:  [0xfdea1d] in libcublasLt.so.12
=========         Host Frame:  [0x112bca3] in libcublasLt.so.12
=========         Host Frame: cublasLtDDDMatmul [0x114a3e7] in libcublasLt.so.12
=========         Host Frame:  [0x1ace22] in libcublas.so.12
=========         Host Frame:  [0x1aecf3] in libcublas.so.12
=========         Host Frame:  [0x440eee] in libcublas.so.12
=========         Host Frame: cublasDsyr2k_v2_64 [0xd2931] in libcublas.so.12
=========         Host Frame:  [0x40073e] in libcusolver.so.11
=========         Host Frame:  [0x63a139] in libcusolver.so.11
=========         Host Frame:  [0x63fa56] in libcusolver.so.11
=========         Host Frame:  [0x42abaa] in libcusolver.so.11
=========         Host Frame: cusolverDnXsyevd [0x6575b0] in libcusolver.so.11
=========         Host Frame: void single_eig_cusolver<double>(DeviceSolverDnHandle&, SingleEigParameter&, DeviceDenseVector<double>&, DeviceDenseVector<double>&, DeviceDenseVector<double>&, HostDenseVector<double>&, DeviceDenseVector<int>&, int, unsigned long, unsigned long, int, int, unsigned long, unsigned long, int) [0x6588a] in libcuadmm_lib.so
=========         Host Frame: SDPSolver::solve(int, double, int, int, int, int, int, double, double, bool) [0x5b109] in libcuadmm_lib.so
=========         Host Frame: main [0x748b] in cuadmm_exe
========= 
========= Uninitialized __global__ memory read of size 16 bytes
=========     at sm90_xmma_syr2k_l_f64f64_f64f64_f64_nt_n_tilesize32x32x32_stage5_warpsize2x2x1_tensor16x8x16_execute_kernel__5x_cublas+0xf80
=========     by thread (115,0,0) in block (0,5,0)
=========     Address 0x14d7fa009930
=========     Saved host backtrace up to driver entry point at kernel launch time
=========         Host Frame: cuLaunchKernelEx [0x3c96a9] in libcuda.so.1
=========         Host Frame:  [0x8548032] in libcublasLt.so.12
=========         Host Frame:  [0x85ae553] in libcublasLt.so.12
=========         Host Frame:  [0x387c34f] in libcublasLt.so.12
=========         Host Frame:  [0x384f886] in libcublasLt.so.12
=========         Host Frame:  [0x3d18d93] in libcublasLt.so.12
=========         Host Frame:  [0x3d2c261] in libcublasLt.so.12
=========         Host Frame:  [0xfdea1d] in libcublasLt.so.12
=========         Host Frame:  [0x112bca3] in libcublasLt.so.12
=========         Host Frame: cublasLtDDDMatmul [0x114a3e7] in libcublasLt.so.12
=========         Host Frame:  [0x1ace22] in libcublas.so.12
=========         Host Frame:  [0x1aecf3] in libcublas.so.12
=========         Host Frame:  [0x440eee] in libcublas.so.12
=========         Host Frame: cublasDsyr2k_v2_64 [0xd2931] in libcublas.so.12
=========         Host Frame:  [0x40073e] in libcusolver.so.11
=========         Host Frame:  [0x63a139] in libcusolver.so.11
=========         Host Frame:  [0x63fa56] in libcusolver.so.11
=========         Host Frame:  [0x42abaa] in libcusolver.so.11
=========         Host Frame: cusolverDnXsyevd [0x6575b0] in libcusolver.so.11
=========         Host Frame: void single_eig_cusolver<double>(DeviceSolverDnHandle&, SingleEigParameter&, DeviceDenseVector<double>&, DeviceDenseVector<double>&, DeviceDenseVector<double>&, HostDenseVector<double>&, DeviceDenseVector<int>&, int, unsigned long, unsigned long, int, int, unsigned long, unsigned long, int) [0x6588a] in libcuadmm_lib.so
=========         Host Frame: SDPSolver::solve(int, double, int, int, int, int, int, double, double, bool) [0x5b109] in libcuadmm_lib.so
=========         Host Frame: main [0x748b] in cuadmm_exe
========= 
========= Uninitialized __global__ memory read of size 16 bytes
=========     at sm90_xmma_syr2k_l_f64f64_f64f64_f64_nt_n_tilesize32x32x32_stage5_warpsize2x2x1_tensor16x8x16_execute_kernel__5x_cublas+0xf80
=========     by thread (116,0,0) in block (0,5,0)
=========     Address 0x14d7fa009940
=========     Saved host backtrace up to driver entry point at kernel launch time
=========         Host Frame: cuLaunchKernelEx [0x3c96a9] in libcuda.so.1
=========         Host Frame:  [0x8548032] in libcublasLt.so.12
=========         Host Frame:  [0x85ae553] in libcublasLt.so.12
=========         Host Frame:  [0x387c34f] in libcublasLt.so.12
=========         Host Frame:  [0x384f886] in libcublasLt.so.12
=========         Host Frame:  [0x3d18d93] in libcublasLt.so.12
=========         Host Frame:  [0x3d2c261] in libcublasLt.so.12
=========         Host Frame:  [0xfdea1d] in libcublasLt.so.12
=========         Host Frame:  [0x112bca3] in libcublasLt.so.12
=========         Host Frame: cublasLtDDDMatmul [0x114a3e7] in libcublasLt.so.12
=========         Host Frame:  [0x1ace22] in libcublas.so.12
=========         Host Frame:  [0x1aecf3] in libcublas.so.12
=========         Host Frame:  [0x440eee] in libcublas.so.12
=========         Host Frame: cublasDsyr2k_v2_64 [0xd2931] in libcublas.so.12
=========         Host Frame:  [0x40073e] in libcusolver.so.11
=========         Host Frame:  [0x63a139] in libcusolver.so.11
=========         Host Frame:  [0x63fa56] in libcusolver.so.11
=========         Host Frame:  [0x42abaa] in libcusolver.so.11
=========         Host Frame: cusolverDnXsyevd [0x6575b0] in libcusolver.so.11
=========         Host Frame: void single_eig_cusolver<double>(DeviceSolverDnHandle&, SingleEigParameter&, DeviceDenseVector<double>&, DeviceDenseVector<double>&, DeviceDenseVector<double>&, HostDenseVector<double>&, DeviceDenseVector<int>&, int, unsigned long, unsigned long, int, int, unsigned long, unsigned long, int) [0x6588a] in libcuadmm_lib.so
=========         Host Frame: SDPSolver::solve(int, double, int, int, int, int, int, double, double, bool) [0x5b109] in libcuadmm_lib.so
=========         Host Frame: main [0x748b] in cuadmm_exe
========= 
========= Uninitialized __global__ memory read of size 16 bytes
=========     at sm90_xmma_syr2k_l_f64f64_f64f64_f64_nt_n_tilesize32x32x32_stage5_warpsize2x2x1_tensor16x8x16_execute_kernel__5x_cublas+0xf80
=========     by thread (117,0,0) in block (0,5,0)
=========     Address 0x14d7fa009950
=========     Saved host backtrace up to driver entry point at kernel launch time
=========         Host Frame: cuLaunchKernelEx [0x3c96a9] in libcuda.so.1
=========         Host Frame:  [0x8548032] in libcublasLt.so.12
=========         Host Frame:  [0x85ae553] in libcublasLt.so.12
=========         Host Frame:  [0x387c34f] in libcublasLt.so.12
=========         Host Frame:  [0x384f886] in libcublasLt.so.12
=========         Host Frame:  [0x3d18d93] in libcublasLt.so.12
=========         Host Frame:  [0x3d2c261] in libcublasLt.so.12
=========         Host Frame:  [0xfdea1d] in libcublasLt.so.12
=========         Host Frame:  [0x112bca3] in libcublasLt.so.12
=========         Host Frame: cublasLtDDDMatmul [0x114a3e7] in libcublasLt.so.12
=========         Host Frame:  [0x1ace22] in libcublas.so.12
=========         Host Frame:  [0x1aecf3] in libcublas.so.12
=========         Host Frame:  [0x440eee] in libcublas.so.12
=========         Host Frame: cublasDsyr2k_v2_64 [0xd2931] in libcublas.so.12
=========         Host Frame:  [0x40073e] in libcusolver.so.11
=========         Host Frame:  [0x63a139] in libcusolver.so.11
=========         Host Frame:  [0x63fa56] in libcusolver.so.11
=========         Host Frame:  [0x42abaa] in libcusolver.so.11
=========         Host Frame: cusolverDnXsyevd [0x6575b0] in libcusolver.so.11
=========         Host Frame: void single_eig_cusolver<double>(DeviceSolverDnHandle&, SingleEigParameter&, DeviceDenseVector<double>&, DeviceDenseVector<double>&, DeviceDenseVector<double>&, HostDenseVector<double>&, DeviceDenseVector<int>&, int, unsigned long, unsigned long, int, int, unsigned long, unsigned long, int) [0x6588a] in libcuadmm_lib.so
=========         Host Frame: SDPSolver::solve(int, double, int, int, int, int, int, double, double, bool) [0x5b109] in libcuadmm_lib.so
=========         Host Frame: main [0x748b] in cuadmm_exe
========= 
========= Uninitialized __global__ memory read of size 16 bytes
=========     at sm90_xmma_syr2k_l_f64f64_f64f64_f64_nt_n_tilesize32x32x32_stage5_warpsize2x2x1_tensor16x8x16_execute_kernel__5x_cublas+0xf80
=========     by thread (118,0,0) in block (0,5,0)
=========     Address 0x14d7fa009960
=========     Saved host backtrace up to driver entry point at kernel launch time
=========         Host Frame: cuLaunchKernelEx [0x3c96a9] in libcuda.so.1
=========         Host Frame:  [0x8548032] in libcublasLt.so.12
=========         Host Frame:  [0x85ae553] in libcublasLt.so.12
=========         Host Frame:  [0x387c34f] in libcublasLt.so.12
=========         Host Frame:  [0x384f886] in libcublasLt.so.12
=========         Host Frame:  [0x3d18d93] in libcublasLt.so.12
=========         Host Frame:  [0x3d2c261] in libcublasLt.so.12
=========         Host Frame:  [0xfdea1d] in libcublasLt.so.12
=========         Host Frame:  [0x112bca3] in libcublasLt.so.12
=========         Host Frame: cublasLtDDDMatmul [0x114a3e7] in libcublasLt.so.12
=========         Host Frame:  [0x1ace22] in libcublas.so.12
=========         Host Frame:  [0x1aecf3] in libcublas.so.12
=========         Host Frame:  [0x440eee] in libcublas.so.12
=========         Host Frame: cublasDsyr2k_v2_64 [0xd2931] in libcublas.so.12
=========         Host Frame:  [0x40073e] in libcusolver.so.11
=========         Host Frame:  [0x63a139] in libcusolver.so.11
=========         Host Frame:  [0x63fa56] in libcusolver.so.11
=========         Host Frame:  [0x42abaa] in libcusolver.so.11
=========         Host Frame: cusolverDnXsyevd [0x6575b0] in libcusolver.so.11
=========         Host Frame: void single_eig_cusolver<double>(DeviceSolverDnHandle&, SingleEigParameter&, DeviceDenseVector<double>&, DeviceDenseVector<double>&, DeviceDenseVector<double>&, HostDenseVector<double>&, DeviceDenseVector<int>&, int, unsigned long, unsigned long, int, int, unsigned long, unsigned long, int) [0x6588a] in libcuadmm_lib.so
=========         Host Frame: SDPSolver::solve(int, double, int, int, int, int, int, double, double, bool) [0x5b109] in libcuadmm_lib.so
=========         Host Frame: main [0x748b] in cuadmm_exe
========= 
========= Uninitialized __global__ memory read of size 16 bytes
=========     at sm90_xmma_syr2k_l_f64f64_f64f64_f64_nt_n_tilesize32x32x32_stage5_warpsize2x2x1_tensor16x8x16_execute_kernel__5x_cublas+0xf80
=========     by thread (119,0,0) in block (0,5,0)
=========     Address 0x14d7fa009970
=========     Saved host backtrace up to driver entry point at kernel launch time
=========         Host Frame: cuLaunchKernelEx [0x3c96a9] in libcuda.so.1
=========         Host Frame:  [0x8548032] in libcublasLt.so.12
=========         Host Frame:  [0x85ae553] in libcublasLt.so.12
=========         Host Frame:  [0x387c34f] in libcublasLt.so.12
=========         Host Frame:  [0x384f886] in libcublasLt.so.12
=========         Host Frame:  [0x3d18d93] in libcublasLt.so.12
=========         Host Frame:  [0x3d2c261] in libcublasLt.so.12
=========         Host Frame:  [0xfdea1d] in libcublasLt.so.12
=========         Host Frame:  [0x112bca3] in libcublasLt.so.12
=========         Host Frame: cublasLtDDDMatmul [0x114a3e7] in libcublasLt.so.12
=========         Host Frame:  [0x1ace22] in libcublas.so.12
=========         Host Frame:  [0x1aecf3] in libcublas.so.12
=========         Host Frame:  [0x440eee] in libcublas.so.12
=========         Host Frame: cublasDsyr2k_v2_64 [0xd2931] in libcublas.so.12
=========         Host Frame:  [0x40073e] in libcusolver.so.11
=========         Host Frame:  [0x63a139] in libcusolver.so.11
=========         Host Frame:  [0x63fa56] in libcusolver.so.11
=========         Host Frame:  [0x42abaa] in libcusolver.so.11
=========         Host Frame: cusolverDnXsyevd [0x6575b0] in libcusolver.so.11
=========         Host Frame: void single_eig_cusolver<double>(DeviceSolverDnHandle&, SingleEigParameter&, DeviceDenseVector<double>&, DeviceDenseVector<double>&, DeviceDenseVector<double>&, HostDenseVector<double>&, DeviceDenseVector<int>&, int, unsigned long, unsigned long, int, int, unsigned long, unsigned long, int) [0x6588a] in libcuadmm_lib.so
=========         Host Frame: SDPSolver::solve(int, double, int, int, int, int, int, double, double, bool) [0x5b109] in libcuadmm_lib.so
=========         Host Frame: main [0x748b] in cuadmm_exe
========= 
========= Uninitialized __global__ memory read of size 16 bytes
=========     at sm90_xmma_syr2k_l_f64f64_f64f64_f64_nt_n_tilesize32x32x32_stage5_warpsize2x2x1_tensor16x8x16_execute_kernel__5x_cublas+0xf80
=========     by thread (120,0,0) in block (0,5,0)
=========     Address 0x14d7fa009980
=========     Saved host backtrace up to driver entry point at kernel launch time
=========         Host Frame: cuLaunchKernelEx [0x3c96a9] in libcuda.so.1
=========         Host Frame:  [0x8548032] in libcublasLt.so.12
=========         Host Frame:  [0x85ae553] in libcublasLt.so.12
=========         Host Frame:  [0x387c34f] in libcublasLt.so.12
=========         Host Frame:  [0x384f886] in libcublasLt.so.12
=========         Host Frame:  [0x3d18d93] in libcublasLt.so.12
=========         Host Frame:  [0x3d2c261] in libcublasLt.so.12
=========         Host Frame:  [0xfdea1d] in libcublasLt.so.12
=========         Host Frame:  [0x112bca3] in libcublasLt.so.12
=========         Host Frame: cublasLtDDDMatmul [0x114a3e7] in libcublasLt.so.12
=========         Host Frame:  [0x1ace22] in libcublas.so.12
=========         Host Frame:  [0x1aecf3] in libcublas.so.12
=========         Host Frame:  [0x440eee] in libcublas.so.12
=========         Host Frame: cublasDsyr2k_v2_64 [0xd2931] in libcublas.so.12
=========         Host Frame:  [0x40073e] in libcusolver.so.11
=========         Host Frame:  [0x63a139] in libcusolver.so.11
=========         Host Frame:  [0x63fa56] in libcusolver.so.11
=========         Host Frame:  [0x42abaa] in libcusolver.so.11
=========         Host Frame: cusolverDnXsyevd [0x6575b0] in libcusolver.so.11
=========         Host Frame: void single_eig_cusolver<double>(DeviceSolverDnHandle&, SingleEigParameter&, DeviceDenseVector<double>&, DeviceDenseVector<double>&, DeviceDenseVector<double>&, HostDenseVector<double>&, DeviceDenseVector<int>&, int, unsigned long, unsigned long, int, int, unsigned long, unsigned long, int) [0x6588a] in libcuadmm_lib.so
=========         Host Frame: SDPSolver::solve(int, double, int, int, int, int, int, double, double, bool) [0x5b109] in libcuadmm_lib.so
=========         Host Frame: main [0x748b] in cuadmm_exe
========= 
========= Uninitialized __global__ memory read of size 16 bytes
=========     at sm90_xmma_syr2k_l_f64f64_f64f64_f64_nt_n_tilesize32x32x32_stage5_warpsize2x2x1_tensor16x8x16_execute_kernel__5x_cublas+0xf80
=========     by thread (121,0,0) in block (0,5,0)
=========     Address 0x14d7fa009990
=========     Saved host backtrace up to driver entry point at kernel launch time
=========         Host Frame: cuLaunchKernelEx [0x3c96a9] in libcuda.so.1
=========         Host Frame:  [0x8548032] in libcublasLt.so.12
=========         Host Frame:  [0x85ae553] in libcublasLt.so.12
=========         Host Frame:  [0x387c34f] in libcublasLt.so.12
=========         Host Frame:  [0x384f886] in libcublasLt.so.12
=========         Host Frame:  [0x3d18d93] in libcublasLt.so.12
=========         Host Frame:  [0x3d2c261] in libcublasLt.so.12
=========         Host Frame:  [0xfdea1d] in libcublasLt.so.12
=========         Host Frame:  [0x112bca3] in libcublasLt.so.12
=========         Host Frame: cublasLtDDDMatmul [0x114a3e7] in libcublasLt.so.12
=========         Host Frame:  [0x1ace22] in libcublas.so.12
=========         Host Frame:  [0x1aecf3] in libcublas.so.12
=========         Host Frame:  [0x440eee] in libcublas.so.12
=========         Host Frame: cublasDsyr2k_v2_64 [0xd2931] in libcublas.so.12
=========         Host Frame:  [0x40073e] in libcusolver.so.11
=========         Host Frame:  [0x63a139] in libcusolver.so.11
=========         Host Frame:  [0x63fa56] in libcusolver.so.11
=========         Host Frame:  [0x42abaa] in libcusolver.so.11
=========         Host Frame: cusolverDnXsyevd [0x6575b0] in libcusolver.so.11
=========         Host Frame: void single_eig_cusolver<double>(DeviceSolverDnHandle&, SingleEigParameter&, DeviceDenseVector<double>&, DeviceDenseVector<double>&, DeviceDenseVector<double>&, HostDenseVector<double>&, DeviceDenseVector<int>&, int, unsigned long, unsigned long, int, int, unsigned long, unsigned long, int) [0x6588a] in libcuadmm_lib.so
=========         Host Frame: SDPSolver::solve(int, double, int, int, int, int, int, double, double, bool) [0x5b109] in libcuadmm_lib.so
=========         Host Frame: main [0x748b] in cuadmm_exe
========= 
========= Uninitialized __global__ memory read of size 16 bytes
=========     at sm90_xmma_syr2k_l_f64f64_f64f64_f64_nt_n_tilesize32x32x32_stage5_warpsize2x2x1_tensor16x8x16_execute_kernel__5x_cublas+0xf80
=========     by thread (122,0,0) in block (0,5,0)
=========     Address 0x14d7fa0099a0
=========     Saved host backtrace up to driver entry point at kernel launch time
=========         Host Frame: cuLaunchKernelEx [0x3c96a9] in libcuda.so.1
=========         Host Frame:  [0x8548032] in libcublasLt.so.12
=========         Host Frame:  [0x85ae553] in libcublasLt.so.12
=========         Host Frame:  [0x387c34f] in libcublasLt.so.12
=========         Host Frame:  [0x384f886] in libcublasLt.so.12
=========         Host Frame:  [0x3d18d93] in libcublasLt.so.12
=========         Host Frame:  [0x3d2c261] in libcublasLt.so.12
=========         Host Frame:  [0xfdea1d] in libcublasLt.so.12
=========         Host Frame:  [0x112bca3] in libcublasLt.so.12
=========         Host Frame: cublasLtDDDMatmul [0x114a3e7] in libcublasLt.so.12
=========         Host Frame:  [0x1ace22] in libcublas.so.12
=========         Host Frame:  [0x1aecf3] in libcublas.so.12
=========         Host Frame:  [0x440eee] in libcublas.so.12
=========         Host Frame: cublasDsyr2k_v2_64 [0xd2931] in libcublas.so.12
=========         Host Frame:  [0x40073e] in libcusolver.so.11
=========         Host Frame:  [0x63a139] in libcusolver.so.11
=========         Host Frame:  [0x63fa56] in libcusolver.so.11
=========         Host Frame:  [0x42abaa] in libcusolver.so.11
=========         Host Frame: cusolverDnXsyevd [0x6575b0] in libcusolver.so.11
=========         Host Frame: void single_eig_cusolver<double>(DeviceSolverDnHandle&, SingleEigParameter&, DeviceDenseVector<double>&, DeviceDenseVector<double>&, DeviceDenseVector<double>&, HostDenseVector<double>&, DeviceDenseVector<int>&, int, unsigned long, unsigned long, int, int, unsigned long, unsigned long, int) [0x6588a] in libcuadmm_lib.so
=========         Host Frame: SDPSolver::solve(int, double, int, int, int, int, int, double, double, bool) [0x5b109] in libcuadmm_lib.so
=========         Host Frame: main [0x748b] in cuadmm_exe
========= 
========= Uninitialized __global__ memory read of size 16 bytes
=========     at sm90_xmma_syr2k_l_f64f64_f64f64_f64_nt_n_tilesize32x32x32_stage5_warpsize2x2x1_tensor16x8x16_execute_kernel__5x_cublas+0xf80
=========     by thread (123,0,0) in block (0,5,0)
=========     Address 0x14d7fa0099b0
=========     Saved host backtrace up to driver entry point at kernel launch time
=========         Host Frame: cuLaunchKernelEx [0x3c96a9] in libcuda.so.1
=========         Host Frame:  [0x8548032] in libcublasLt.so.12
=========         Host Frame:  [0x85ae553] in libcublasLt.so.12
=========         Host Frame:  [0x387c34f] in libcublasLt.so.12
=========         Host Frame:  [0x384f886] in libcublasLt.so.12
=========         Host Frame:  [0x3d18d93] in libcublasLt.so.12
=========         Host Frame:  [0x3d2c261] in libcublasLt.so.12
=========         Host Frame:  [0xfdea1d] in libcublasLt.so.12
=========         Host Frame:  [0x112bca3] in libcublasLt.so.12
=========         Host Frame: cublasLtDDDMatmul [0x114a3e7] in libcublasLt.so.12
=========         Host Frame:  [0x1ace22] in libcublas.so.12
=========         Host Frame:  [0x1aecf3] in libcublas.so.12
=========         Host Frame:  [0x440eee] in libcublas.so.12
=========         Host Frame: cublasDsyr2k_v2_64 [0xd2931] in libcublas.so.12
=========         Host Frame:  [0x40073e] in libcusolver.so.11
=========         Host Frame:  [0x63a139] in libcusolver.so.11
=========         Host Frame:  [0x63fa56] in libcusolver.so.11
=========         Host Frame:  [0x42abaa] in libcusolver.so.11
=========         Host Frame: cusolverDnXsyevd [0x6575b0] in libcusolver.so.11
=========         Host Frame: void single_eig_cusolver<double>(DeviceSolverDnHandle&, SingleEigParameter&, DeviceDenseVector<double>&, DeviceDenseVector<double>&, DeviceDenseVector<double>&, HostDenseVector<double>&, DeviceDenseVector<int>&, int, unsigned long, unsigned long, int, int, unsigned long, unsigned long, int) [0x6588a] in libcuadmm_lib.so
=========         Host Frame: SDPSolver::solve(int, double, int, int, int, int, int, double, double, bool) [0x5b109] in libcuadmm_lib.so
=========         Host Frame: main [0x748b] in cuadmm_exe
========= 
========= Uninitialized __global__ memory read of size 16 bytes
=========     at sm90_xmma_syr2k_l_f64f64_f64f64_f64_nt_n_tilesize32x32x32_stage5_warpsize2x2x1_tensor16x8x16_execute_kernel__5x_cublas+0xf80
=========     by thread (124,0,0) in block (0,5,0)
=========     Address 0x14d7fa0099c0
=========     Saved host backtrace up to driver entry point at kernel launch time
=========         Host Frame: cuLaunchKernelEx [0x3c96a9] in libcuda.so.1
=========         Host Frame:  [0x8548032] in libcublasLt.so.12
=========         Host Frame:  [0x85ae553] in libcublasLt.so.12
=========         Host Frame:  [0x387c34f] in libcublasLt.so.12
=========         Host Frame:  [0x384f886] in libcublasLt.so.12
=========         Host Frame:  [0x3d18d93] in libcublasLt.so.12
=========         Host Frame:  [0x3d2c261] in libcublasLt.so.12
=========         Host Frame:  [0xfdea1d] in libcublasLt.so.12
=========         Host Frame:  [0x112bca3] in libcublasLt.so.12
=========         Host Frame: cublasLtDDDMatmul [0x114a3e7] in libcublasLt.so.12
=========         Host Frame:  [0x1ace22] in libcublas.so.12
=========         Host Frame:  [0x1aecf3] in libcublas.so.12
=========         Host Frame:  [0x440eee] in libcublas.so.12
=========         Host Frame: cublasDsyr2k_v2_64 [0xd2931] in libcublas.so.12
=========         Host Frame:  [0x40073e] in libcusolver.so.11
=========         Host Frame:  [0x63a139] in libcusolver.so.11
=========         Host Frame:  [0x63fa56] in libcusolver.so.11
=========         Host Frame:  [0x42abaa] in libcusolver.so.11
=========         Host Frame: cusolverDnXsyevd [0x6575b0] in libcusolver.so.11
=========         Host Frame: void single_eig_cusolver<double>(DeviceSolverDnHandle&, SingleEigParameter&, DeviceDenseVector<double>&, DeviceDenseVector<double>&, DeviceDenseVector<double>&, HostDenseVector<double>&, DeviceDenseVector<int>&, int, unsigned long, unsigned long, int, int, unsigned long, unsigned long, int) [0x6588a] in libcuadmm_lib.so
=========         Host Frame: SDPSolver::solve(int, double, int, int, int, int, int, double, double, bool) [0x5b109] in libcuadmm_lib.so
=========         Host Frame: main [0x748b] in cuadmm_exe
========= 
========= Uninitialized __global__ memory read of size 16 bytes
=========     at sm90_xmma_syr2k_l_f64f64_f64f64_f64_nt_n_tilesize32x32x32_stage5_warpsize2x2x1_tensor16x8x16_execute_kernel__5x_cublas+0xf80
=========     by thread (125,0,0) in block (0,5,0)
=========     Address 0x14d7fa0099d0
=========     Saved host backtrace up to driver entry point at kernel launch time
=========         Host Frame: cuLaunchKernelEx [0x3c96a9] in libcuda.so.1
=========         Host Frame:  [0x8548032] in libcublasLt.so.12
=========         Host Frame:  [0x85ae553] in libcublasLt.so.12
=========         Host Frame:  [0x387c34f] in libcublasLt.so.12
=========         Host Frame:  [0x384f886] in libcublasLt.so.12
=========         Host Frame:  [0x3d18d93] in libcublasLt.so.12
=========         Host Frame:  [0x3d2c261] in libcublasLt.so.12
=========         Host Frame:  [0xfdea1d] in libcublasLt.so.12
=========         Host Frame:  [0x112bca3] in libcublasLt.so.12
=========         Host Frame: cublasLtDDDMatmul [0x114a3e7] in libcublasLt.so.12
=========         Host Frame:  [0x1ace22] in libcublas.so.12
=========         Host Frame:  [0x1aecf3] in libcublas.so.12
=========         Host Frame:  [0x440eee] in libcublas.so.12
=========         Host Frame: cublasDsyr2k_v2_64 [0xd2931] in libcublas.so.12
=========         Host Frame:  [0x40073e] in libcusolver.so.11
=========         Host Frame:  [0x63a139] in libcusolver.so.11
=========         Host Frame:  [0x63fa56] in libcusolver.so.11
=========         Host Frame:  [0x42abaa] in libcusolver.so.11
=========         Host Frame: cusolverDnXsyevd [0x6575b0] in libcusolver.so.11
=========         Host Frame: void single_eig_cusolver<double>(DeviceSolverDnHandle&, SingleEigParameter&, DeviceDenseVector<double>&, DeviceDenseVector<double>&, DeviceDenseVector<double>&, HostDenseVector<double>&, DeviceDenseVector<int>&, int, unsigned long, unsigned long, int, int, unsigned long, unsigned long, int) [0x6588a] in libcuadmm_lib.so
=========         Host Frame: SDPSolver::solve(int, double, int, int, int, int, int, double, double, bool) [0x5b109] in libcuadmm_lib.so
=========         Host Frame: main [0x748b] in cuadmm_exe
========= 
========= Uninitialized __global__ memory read of size 16 bytes
=========     at sm90_xmma_syr2k_l_f64f64_f64f64_f64_nt_n_tilesize32x32x32_stage5_warpsize2x2x1_tensor16x8x16_execute_kernel__5x_cublas+0xf80
=========     by thread (126,0,0) in block (0,5,0)
=========     Address 0x14d7fa0099e0
=========     Saved host backtrace up to driver entry point at kernel launch time
=========         Host Frame: cuLaunchKernelEx [0x3c96a9] in libcuda.so.1
=========         Host Frame:  [0x8548032] in libcublasLt.so.12
=========         Host Frame:  [0x85ae553] in libcublasLt.so.12
=========         Host Frame:  [0x387c34f] in libcublasLt.so.12
=========         Host Frame:  [0x384f886] in libcublasLt.so.12
=========         Host Frame:  [0x3d18d93] in libcublasLt.so.12
=========         Host Frame:  [0x3d2c261] in libcublasLt.so.12
=========         Host Frame:  [0xfdea1d] in libcublasLt.so.12
=========         Host Frame:  [0x112bca3] in libcublasLt.so.12
=========         Host Frame: cublasLtDDDMatmul [0x114a3e7] in libcublasLt.so.12
=========         Host Frame:  [0x1ace22] in libcublas.so.12
=========         Host Frame:  [0x1aecf3] in libcublas.so.12
=========         Host Frame:  [0x440eee] in libcublas.so.12
=========         Host Frame: cublasDsyr2k_v2_64 [0xd2931] in libcublas.so.12
=========         Host Frame:  [0x40073e] in libcusolver.so.11
=========         Host Frame:  [0x63a139] in libcusolver.so.11
=========         Host Frame:  [0x63fa56] in libcusolver.so.11
=========         Host Frame:  [0x42abaa] in libcusolver.so.11
=========         Host Frame: cusolverDnXsyevd [0x6575b0] in libcusolver.so.11
=========         Host Frame: void single_eig_cusolver<double>(DeviceSolverDnHandle&, SingleEigParameter&, DeviceDenseVector<double>&, DeviceDenseVector<double>&, DeviceDenseVector<double>&, HostDenseVector<double>&, DeviceDenseVector<int>&, int, unsigned long, unsigned long, int, int, unsigned long, unsigned long, int) [0x6588a] in libcuadmm_lib.so
=========         Host Frame: SDPSolver::solve(int, double, int, int, int, int, int, double, double, bool) [0x5b109] in libcuadmm_lib.so
=========         Host Frame: main [0x748b] in cuadmm_exe
========= 
========= Uninitialized __global__ memory read of size 16 bytes
=========     at sm90_xmma_syr2k_l_f64f64_f64f64_f64_nt_n_tilesize32x32x32_stage5_warpsize2x2x1_tensor16x8x16_execute_kernel__5x_cublas+0xf80
=========     by thread (127,0,0) in block (0,5,0)
=========     Address 0x14d7fa0099f0
=========     Saved host backtrace up to driver entry point at kernel launch time
=========         Host Frame: cuLaunchKernelEx [0x3c96a9] in libcuda.so.1
=========         Host Frame:  [0x8548032] in libcublasLt.so.12
=========         Host Frame:  [0x85ae553] in libcublasLt.so.12
=========         Host Frame:  [0x387c34f] in libcublasLt.so.12
=========         Host Frame:  [0x384f886] in libcublasLt.so.12
=========         Host Frame:  [0x3d18d93] in libcublasLt.so.12
=========         Host Frame:  [0x3d2c261] in libcublasLt.so.12
=========         Host Frame:  [0xfdea1d] in libcublasLt.so.12
=========         Host Frame:  [0x112bca3] in libcublasLt.so.12
=========         Host Frame: cublasLtDDDMatmul [0x114a3e7] in libcublasLt.so.12
=========         Host Frame:  [0x1ace22] in libcublas.so.12
=========         Host Frame:  [0x1aecf3] in libcublas.so.12
=========         Host Frame:  [0x440eee] in libcublas.so.12
=========         Host Frame: cublasDsyr2k_v2_64 [0xd2931] in libcublas.so.12
=========         Host Frame:  [0x40073e] in libcusolver.so.11
=========         Host Frame:  [0x63a139] in libcusolver.so.11
=========         Host Frame:  [0x63fa56] in libcusolver.so.11
=========         Host Frame:  [0x42abaa] in libcusolver.so.11
=========         Host Frame: cusolverDnXsyevd [0x6575b0] in libcusolver.so.11
=========         Host Frame: void single_eig_cusolver<double>(DeviceSolverDnHandle&, SingleEigParameter&, DeviceDenseVector<double>&, DeviceDenseVector<double>&, DeviceDenseVector<double>&, HostDenseVector<double>&, DeviceDenseVector<int>&, int, unsigned long, unsigned long, int, int, unsigned long, unsigned long, int) [0x6588a] in libcuadmm_lib.so
=========         Host Frame: SDPSolver::solve(int, double, int, int, int, int, int, double, double, bool) [0x5b109] in libcuadmm_lib.so
=========         Host Frame: main [0x748b] in cuadmm_exe
========= 
========= Uninitialized __global__ memory read of size 16 bytes
=========     at sm90_xmma_syr2k_l_f64f64_f64f64_f64_nt_n_tilesize32x32x32_stage5_warpsize2x2x1_tensor16x8x16_execute_kernel__5x_cublas+0xf80
=========     by thread (16,0,0) in block (0,5,0)
=========     Address 0x14d7fa001b00
=========     Saved host backtrace up to driver entry point at kernel launch time
=========         Host Frame: cuLaunchKernelEx [0x3c96a9] in libcuda.so.1
=========         Host Frame:  [0x8548032] in libcublasLt.so.12
=========         Host Frame:  [0x85ae553] in libcublasLt.so.12
=========         Host Frame:  [0x387c34f] in libcublasLt.so.12
=========         Host Frame:  [0x384f886] in libcublasLt.so.12
=========         Host Frame:  [0x3d18d93] in libcublasLt.so.12
=========         Host Frame:  [0x3d2c261] in libcublasLt.so.12
=========         Host Frame:  [0xfdea1d] in libcublasLt.so.12
=========         Host Frame:  [0x112bca3] in libcublasLt.so.12
=========         Host Frame: cublasLtDDDMatmul [0x114a3e7] in libcublasLt.so.12
=========         Host Frame:  [0x1ace22] in libcublas.so.12
=========         Host Frame:  [0x1aecf3] in libcublas.so.12
=========         Host Frame:  [0x440eee] in libcublas.so.12
=========         Host Frame: cublasDsyr2k_v2_64 [0xd2931] in libcublas.so.12
=========         Host Frame:  [0x40073e] in libcusolver.so.11
=========         Host Frame:  [0x63a139] in libcusolver.so.11
=========         Host Frame:  [0x63fa56] in libcusolver.so.11
=========         Host Frame:  [0x42abaa] in libcusolver.so.11
=========         Host Frame: cusolverDnXsyevd [0x6575b0] in libcusolver.so.11
=========         Host Frame: void single_eig_cusolver<double>(DeviceSolverDnHandle&, SingleEigParameter&, DeviceDenseVector<double>&, DeviceDenseVector<double>&, DeviceDenseVector<double>&, HostDenseVector<double>&, DeviceDenseVector<int>&, int, unsigned long, unsigned long, int, int, unsigned long, unsigned long, int) [0x6588a] in libcuadmm_lib.so
=========         Host Frame: SDPSolver::solve(int, double, int, int, int, int, int, double, double, bool) [0x5b109] in libcuadmm_lib.so
=========         Host Frame: main [0x748b] in cuadmm_exe
========= 
========= Uninitialized __global__ memory read of size 16 bytes
=========     at sm90_xmma_syr2k_l_f64f64_f64f64_f64_nt_n_tilesize32x32x32_stage5_warpsize2x2x1_tensor16x8x16_execute_kernel__5x_cublas+0xf80
=========     by thread (17,0,0) in block (0,5,0)
=========     Address 0x14d7fa001b10
=========     Saved host backtrace up to driver entry point at kernel launch time
=========         Host Frame: cuLaunchKernelEx [0x3c96a9] in libcuda.so.1
=========         Host Frame:  [0x8548032] in libcublasLt.so.12
=========         Host Frame:  [0x85ae553] in libcublasLt.so.12
=========         Host Frame:  [0x387c34f] in libcublasLt.so.12
=========         Host Frame:  [0x384f886] in libcublasLt.so.12
=========         Host Frame:  [0x3d18d93] in libcublasLt.so.12
=========         Host Frame:  [0x3d2c261] in libcublasLt.so.12
=========         Host Frame:  [0xfdea1d] in libcublasLt.so.12
=========         Host Frame:  [0x112bca3] in libcublasLt.so.12
=========         Host Frame: cublasLtDDDMatmul [0x114a3e7] in libcublasLt.so.12
=========         Host Frame:  [0x1ace22] in libcublas.so.12
=========         Host Frame:  [0x1aecf3] in libcublas.so.12
=========         Host Frame:  [0x440eee] in libcublas.so.12
=========         Host Frame: cublasDsyr2k_v2_64 [0xd2931] in libcublas.so.12
=========         Host Frame:  [0x40073e] in libcusolver.so.11
=========         Host Frame:  [0x63a139] in libcusolver.so.11
=========         Host Frame:  [0x63fa56] in libcusolver.so.11
=========         Host Frame:  [0x42abaa] in libcusolver.so.11
=========         Host Frame: cusolverDnXsyevd [0x6575b0] in libcusolver.so.11
=========         Host Frame: void single_eig_cusolver<double>(DeviceSolverDnHandle&, SingleEigParameter&, DeviceDenseVector<double>&, DeviceDenseVector<double>&, DeviceDenseVector<double>&, HostDenseVector<double>&, DeviceDenseVector<int>&, int, unsigned long, unsigned long, int, int, unsigned long, unsigned long, int) [0x6588a] in libcuadmm_lib.so
=========         Host Frame: SDPSolver::solve(int, double, int, int, int, int, int, double, double, bool) [0x5b109] in libcuadmm_lib.so
=========         Host Frame: main [0x748b] in cuadmm_exe
========= 
========= Uninitialized __global__ memory read of size 16 bytes
=========     at sm90_xmma_syr2k_l_f64f64_f64f64_f64_nt_n_tilesize32x32x32_stage5_warpsize2x2x1_tensor16x8x16_execute_kernel__5x_cublas+0xf80
=========     by thread (18,0,0) in block (0,5,0)
=========     Address 0x14d7fa001b20
=========     Saved host backtrace up to driver entry point at kernel launch time
=========         Host Frame: cuLaunchKernelEx [0x3c96a9] in libcuda.so.1
=========         Host Frame:  [0x8548032] in libcublasLt.so.12
=========         Host Frame:  [0x85ae553] in libcublasLt.so.12
=========         Host Frame:  [0x387c34f] in libcublasLt.so.12
=========         Host Frame:  [0x384f886] in libcublasLt.so.12
=========         Host Frame:  [0x3d18d93] in libcublasLt.so.12
=========         Host Frame:  [0x3d2c261] in libcublasLt.so.12
=========         Host Frame:  [0xfdea1d] in libcublasLt.so.12
=========         Host Frame:  [0x112bca3] in libcublasLt.so.12
=========         Host Frame: cublasLtDDDMatmul [0x114a3e7] in libcublasLt.so.12
=========         Host Frame:  [0x1ace22] in libcublas.so.12
=========         Host Frame:  [0x1aecf3] in libcublas.so.12
=========         Host Frame:  [0x440eee] in libcublas.so.12
=========         Host Frame: cublasDsyr2k_v2_64 [0xd2931] in libcublas.so.12
=========         Host Frame:  [0x40073e] in libcusolver.so.11
=========         Host Frame:  [0x63a139] in libcusolver.so.11
=========         Host Frame:  [0x63fa56] in libcusolver.so.11
=========         Host Frame:  [0x42abaa] in libcusolver.so.11
=========         Host Frame: cusolverDnXsyevd [0x6575b0] in libcusolver.so.11
=========         Host Frame: void single_eig_cusolver<double>(DeviceSolverDnHandle&, SingleEigParameter&, DeviceDenseVector<double>&, DeviceDenseVector<double>&, DeviceDenseVector<double>&, HostDenseVector<double>&, DeviceDenseVector<int>&, int, unsigned long, unsigned long, int, int, unsigned long, unsigned long, int) [0x6588a] in libcuadmm_lib.so
=========         Host Frame: SDPSolver::solve(int, double, int, int, int, int, int, double, double, bool) [0x5b109] in libcuadmm_lib.so
=========         Host Frame: main [0x748b] in cuadmm_exe
========= 
========= Uninitialized __global__ memory read of size 16 bytes
=========     at sm90_xmma_syr2k_l_f64f64_f64f64_f64_nt_n_tilesize32x32x32_stage5_warpsize2x2x1_tensor16x8x16_execute_kernel__5x_cublas+0xf80
=========     by thread (19,0,0) in block (0,5,0)
=========     Address 0x14d7fa001b30
=========     Saved host backtrace up to driver entry point at kernel launch time
=========         Host Frame: cuLaunchKernelEx [0x3c96a9] in libcuda.so.1
=========         Host Frame:  [0x8548032] in libcublasLt.so.12
=========         Host Frame:  [0x85ae553] in libcublasLt.so.12
=========         Host Frame:  [0x387c34f] in libcublasLt.so.12
=========         Host Frame:  [0x384f886] in libcublasLt.so.12
=========         Host Frame:  [0x3d18d93] in libcublasLt.so.12
=========         Host Frame:  [0x3d2c261] in libcublasLt.so.12
=========         Host Frame:  [0xfdea1d] in libcublasLt.so.12
=========         Host Frame:  [0x112bca3] in libcublasLt.so.12
=========         Host Frame: cublasLtDDDMatmul [0x114a3e7] in libcublasLt.so.12
=========         Host Frame:  [0x1ace22] in libcublas.so.12
=========         Host Frame:  [0x1aecf3] in libcublas.so.12
=========         Host Frame:  [0x440eee] in libcublas.so.12
=========         Host Frame: cublasDsyr2k_v2_64 [0xd2931] in libcublas.so.12
=========         Host Frame:  [0x40073e] in libcusolver.so.11
=========         Host Frame:  [0x63a139] in libcusolver.so.11
=========         Host Frame:  [0x63fa56] in libcusolver.so.11
=========         Host Frame:  [0x42abaa] in libcusolver.so.11
=========         Host Frame: cusolverDnXsyevd [0x6575b0] in libcusolver.so.11
=========         Host Frame: void single_eig_cusolver<double>(DeviceSolverDnHandle&, SingleEigParameter&, DeviceDenseVector<double>&, DeviceDenseVector<double>&, DeviceDenseVector<double>&, HostDenseVector<double>&, DeviceDenseVector<int>&, int, unsigned long, unsigned long, int, int, unsigned long, unsigned long, int) [0x6588a] in libcuadmm_lib.so
=========         Host Frame: SDPSolver::solve(int, double, int, int, int, int, int, double, double, bool) [0x5b109] in libcuadmm_lib.so
=========         Host Frame: main [0x748b] in cuadmm_exe
========= 
========= Uninitialized __global__ memory read of size 16 bytes
=========     at sm90_xmma_syr2k_l_f64f64_f64f64_f64_nt_n_tilesize32x32x32_stage5_warpsize2x2x1_tensor16x8x16_execute_kernel__5x_cublas+0xf80
=========     by thread (20,0,0) in block (0,5,0)
=========     Address 0x14d7fa001b40
=========     Saved host backtrace up to driver entry point at kernel launch time
=========         Host Frame: cuLaunchKernelEx [0x3c96a9] in libcuda.so.1
=========         Host Frame:  [0x8548032] in libcublasLt.so.12
=========         Host Frame:  [0x85ae553] in libcublasLt.so.12
=========         Host Frame:  [0x387c34f] in libcublasLt.so.12
=========         Host Frame:  [0x384f886] in libcublasLt.so.12
=========         Host Frame:  [0x3d18d93] in libcublasLt.so.12
=========         Host Frame:  [0x3d2c261] in libcublasLt.so.12
=========         Host Frame:  [0xfdea1d] in libcublasLt.so.12
=========         Host Frame:  [0x112bca3] in libcublasLt.so.12
=========         Host Frame: cublasLtDDDMatmul [0x114a3e7] in libcublasLt.so.12
=========         Host Frame:  [0x1ace22] in libcublas.so.12
=========         Host Frame:  [0x1aecf3] in libcublas.so.12
=========         Host Frame:  [0x440eee] in libcublas.so.12
=========         Host Frame: cublasDsyr2k_v2_64 [0xd2931] in libcublas.so.12
=========         Host Frame:  [0x40073e] in libcusolver.so.11
=========         Host Frame:  [0x63a139] in libcusolver.so.11
=========         Host Frame:  [0x63fa56] in libcusolver.so.11
=========         Host Frame:  [0x42abaa] in libcusolver.so.11
=========         Host Frame: cusolverDnXsyevd [0x6575b0] in libcusolver.so.11
=========         Host Frame: void single_eig_cusolver<double>(DeviceSolverDnHandle&, SingleEigParameter&, DeviceDenseVector<double>&, DeviceDenseVector<double>&, DeviceDenseVector<double>&, HostDenseVector<double>&, DeviceDenseVector<int>&, int, unsigned long, unsigned long, int, int, unsigned long, unsigned long, int) [0x6588a] in libcuadmm_lib.so
=========         Host Frame: SDPSolver::solve(int, double, int, int, int, int, int, double, double, bool) [0x5b109] in libcuadmm_lib.so
=========         Host Frame: main [0x748b] in cuadmm_exe
========= 
========= Uninitialized __global__ memory read of size 16 bytes
=========     at sm90_xmma_syr2k_l_f64f64_f64f64_f64_nt_n_tilesize32x32x32_stage5_warpsize2x2x1_tensor16x8x16_execute_kernel__5x_cublas+0xf80
=========     by thread (21,0,0) in block (0,5,0)
=========     Address 0x14d7fa001b50
=========     Saved host backtrace up to driver entry point at kernel launch time
=========         Host Frame: cuLaunchKernelEx [0x3c96a9] in libcuda.so.1
=========         Host Frame:  [0x8548032] in libcublasLt.so.12
=========         Host Frame:  [0x85ae553] in libcublasLt.so.12
=========         Host Frame:  [0x387c34f] in libcublasLt.so.12
=========         Host Frame:  [0x384f886] in libcublasLt.so.12
=========         Host Frame:  [0x3d18d93] in libcublasLt.so.12
=========         Host Frame:  [0x3d2c261] in libcublasLt.so.12
=========         Host Frame:  [0xfdea1d] in libcublasLt.so.12
=========         Host Frame:  [0x112bca3] in libcublasLt.so.12
=========         Host Frame: cublasLtDDDMatmul [0x114a3e7] in libcublasLt.so.12
=========         Host Frame:  [0x1ace22] in libcublas.so.12
=========         Host Frame:  [0x1aecf3] in libcublas.so.12
=========         Host Frame:  [0x440eee] in libcublas.so.12
=========         Host Frame: cublasDsyr2k_v2_64 [0xd2931] in libcublas.so.12
=========         Host Frame:  [0x40073e] in libcusolver.so.11
=========         Host Frame:  [0x63a139] in libcusolver.so.11
=========         Host Frame:  [0x63fa56] in libcusolver.so.11
=========         Host Frame:  [0x42abaa] in libcusolver.so.11
=========         Host Frame: cusolverDnXsyevd [0x6575b0] in libcusolver.so.11
=========         Host Frame: void single_eig_cusolver<double>(DeviceSolverDnHandle&, SingleEigParameter&, DeviceDenseVector<double>&, DeviceDenseVector<double>&, DeviceDenseVector<double>&, HostDenseVector<double>&, DeviceDenseVector<int>&, int, unsigned long, unsigned long, int, int, unsigned long, unsigned long, int) [0x6588a] in libcuadmm_lib.so
=========         Host Frame: SDPSolver::solve(int, double, int, int, int, int, int, double, double, bool) [0x5b109] in libcuadmm_lib.so
=========         Host Frame: main [0x748b] in cuadmm_exe
========= 
========= Uninitialized __global__ memory read of size 16 bytes
=========     at sm90_xmma_syr2k_l_f64f64_f64f64_f64_nt_n_tilesize32x32x32_stage5_warpsize2x2x1_tensor16x8x16_execute_kernel__5x_cublas+0xf80
=========     by thread (22,0,0) in block (0,5,0)
=========     Address 0x14d7fa001b60
=========     Saved host backtrace up to driver entry point at kernel launch time
=========         Host Frame: cuLaunchKernelEx [0x3c96a9] in libcuda.so.1
=========         Host Frame:  [0x8548032] in libcublasLt.so.12
=========         Host Frame:  [0x85ae553] in libcublasLt.so.12
=========         Host Frame:  [0x387c34f] in libcublasLt.so.12
=========         Host Frame:  [0x384f886] in libcublasLt.so.12
=========         Host Frame:  [0x3d18d93] in libcublasLt.so.12
=========         Host Frame:  [0x3d2c261] in libcublasLt.so.12
=========         Host Frame:  [0xfdea1d] in libcublasLt.so.12
=========         Host Frame:  [0x112bca3] in libcublasLt.so.12
=========         Host Frame: cublasLtDDDMatmul [0x114a3e7] in libcublasLt.so.12
=========         Host Frame:  [0x1ace22] in libcublas.so.12
=========         Host Frame:  [0x1aecf3] in libcublas.so.12
=========         Host Frame:  [0x440eee] in libcublas.so.12
=========         Host Frame: cublasDsyr2k_v2_64 [0xd2931] in libcublas.so.12
=========         Host Frame:  [0x40073e] in libcusolver.so.11
=========         Host Frame:  [0x63a139] in libcusolver.so.11
=========         Host Frame:  [0x63fa56] in libcusolver.so.11
=========         Host Frame:  [0x42abaa] in libcusolver.so.11
=========         Host Frame: cusolverDnXsyevd [0x6575b0] in libcusolver.so.11
=========         Host Frame: void single_eig_cusolver<double>(DeviceSolverDnHandle&, SingleEigParameter&, DeviceDenseVector<double>&, DeviceDenseVector<double>&, DeviceDenseVector<double>&, HostDenseVector<double>&, DeviceDenseVector<int>&, int, unsigned long, unsigned long, int, int, unsigned long, unsigned long, int) [0x6588a] in libcuadmm_lib.so
=========         Host Frame: SDPSolver::solve(int, double, int, int, int, int, int, double, double, bool) [0x5b109] in libcuadmm_lib.so
=========         Host Frame: main [0x748b] in cuadmm_exe
========= 
========= Uninitialized __global__ memory read of size 16 bytes
=========     at sm90_xmma_syr2k_l_f64f64_f64f64_f64_nt_n_tilesize32x32x32_stage5_warpsize2x2x1_tensor16x8x16_execute_kernel__5x_cublas+0xf80
=========     by thread (23,0,0) in block (0,5,0)
=========     Address 0x14d7fa001b70
=========     Saved host backtrace up to driver entry point at kernel launch time
=========         Host Frame: cuLaunchKernelEx [0x3c96a9] in libcuda.so.1
=========         Host Frame:  [0x8548032] in libcublasLt.so.12
=========         Host Frame:  [0x85ae553] in libcublasLt.so.12
=========         Host Frame:  [0x387c34f] in libcublasLt.so.12
=========         Host Frame:  [0x384f886] in libcublasLt.so.12
=========         Host Frame:  [0x3d18d93] in libcublasLt.so.12
=========         Host Frame:  [0x3d2c261] in libcublasLt.so.12
=========         Host Frame:  [0xfdea1d] in libcublasLt.so.12
=========         Host Frame:  [0x112bca3] in libcublasLt.so.12
=========         Host Frame: cublasLtDDDMatmul [0x114a3e7] in libcublasLt.so.12
=========         Host Frame:  [0x1ace22] in libcublas.so.12
=========         Host Frame:  [0x1aecf3] in libcublas.so.12
=========         Host Frame:  [0x440eee] in libcublas.so.12
=========         Host Frame: cublasDsyr2k_v2_64 [0xd2931] in libcublas.so.12
=========         Host Frame:  [0x40073e] in libcusolver.so.11
=========         Host Frame:  [0x63a139] in libcusolver.so.11
=========         Host Frame:  [0x63fa56] in libcusolver.so.11
=========         Host Frame:  [0x42abaa] in libcusolver.so.11
=========         Host Frame: cusolverDnXsyevd [0x6575b0] in libcusolver.so.11
=========         Host Frame: void single_eig_cusolver<double>(DeviceSolverDnHandle&, SingleEigParameter&, DeviceDenseVector<double>&, DeviceDenseVector<double>&, DeviceDenseVector<double>&, HostDenseVector<double>&, DeviceDenseVector<int>&, int, unsigned long, unsigned long, int, int, unsigned long, unsigned long, int) [0x6588a] in libcuadmm_lib.so
=========         Host Frame: SDPSolver::solve(int, double, int, int, int, int, int, double, double, bool) [0x5b109] in libcuadmm_lib.so
=========         Host Frame: main [0x748b] in cuadmm_exe
========= 
========= Uninitialized __global__ memory read of size 16 bytes
=========     at sm90_xmma_syr2k_l_f64f64_f64f64_f64_nt_n_tilesize32x32x32_stage5_warpsize2x2x1_tensor16x8x16_execute_kernel__5x_cublas+0xf80
=========     by thread (24,0,0) in block (0,5,0)
=========     Address 0x14d7fa001b80
=========     Saved host backtrace up to driver entry point at kernel launch time
=========         Host Frame: cuLaunchKernelEx [0x3c96a9] in libcuda.so.1
=========         Host Frame:  [0x8548032] in libcublasLt.so.12
=========         Host Frame:  [0x85ae553] in libcublasLt.so.12
=========         Host Frame:  [0x387c34f] in libcublasLt.so.12
=========         Host Frame:  [0x384f886] in libcublasLt.so.12
=========         Host Frame:  [0x3d18d93] in libcublasLt.so.12
=========         Host Frame:  [0x3d2c261] in libcublasLt.so.12
=========         Host Frame:  [0xfdea1d] in libcublasLt.so.12
=========         Host Frame:  [0x112bca3] in libcublasLt.so.12
=========         Host Frame: cublasLtDDDMatmul [0x114a3e7] in libcublasLt.so.12
=========         Host Frame:  [0x1ace22] in libcublas.so.12
=========         Host Frame:  [0x1aecf3] in libcublas.so.12
=========         Host Frame:  [0x440eee] in libcublas.so.12
=========         Host Frame: cublasDsyr2k_v2_64 [0xd2931] in libcublas.so.12
=========         Host Frame:  [0x40073e] in libcusolver.so.11
=========         Host Frame:  [0x63a139] in libcusolver.so.11
=========         Host Frame:  [0x63fa56] in libcusolver.so.11
=========         Host Frame:  [0x42abaa] in libcusolver.so.11
=========         Host Frame: cusolverDnXsyevd [0x6575b0] in libcusolver.so.11
=========         Host Frame: void single_eig_cusolver<double>(DeviceSolverDnHandle&, SingleEigParameter&, DeviceDenseVector<double>&, DeviceDenseVector<double>&, DeviceDenseVector<double>&, HostDenseVector<double>&, DeviceDenseVector<int>&, int, unsigned long, unsigned long, int, int, unsigned long, unsigned long, int) [0x6588a] in libcuadmm_lib.so
=========         Host Frame: SDPSolver::solve(int, double, int, int, int, int, int, double, double, bool) [0x5b109] in libcuadmm_lib.so
=========         Host Frame: main [0x748b] in cuadmm_exe
========= 
========= Uninitialized __global__ memory read of size 16 bytes
=========     at sm90_xmma_syr2k_l_f64f64_f64f64_f64_nt_n_tilesize32x32x32_stage5_warpsize2x2x1_tensor16x8x16_execute_kernel__5x_cublas+0xf80
=========     by thread (25,0,0) in block (0,5,0)
=========     Address 0x14d7fa001b90
=========     Saved host backtrace up to driver entry point at kernel launch time
=========         Host Frame: cuLaunchKernelEx [0x3c96a9] in libcuda.so.1
=========         Host Frame:  [0x8548032] in libcublasLt.so.12
=========         Host Frame:  [0x85ae553] in libcublasLt.so.12
=========         Host Frame:  [0x387c34f] in libcublasLt.so.12
=========         Host Frame:  [0x384f886] in libcublasLt.so.12
=========         Host Frame:  [0x3d18d93] in libcublasLt.so.12
=========         Host Frame:  [0x3d2c261] in libcublasLt.so.12
=========         Host Frame:  [0xfdea1d] in libcublasLt.so.12
=========         Host Frame:  [0x112bca3] in libcublasLt.so.12
=========         Host Frame: cublasLtDDDMatmul [0x114a3e7] in libcublasLt.so.12
=========         Host Frame:  [0x1ace22] in libcublas.so.12
=========         Host Frame:  [0x1aecf3] in libcublas.so.12
=========         Host Frame:  [0x440eee] in libcublas.so.12
=========         Host Frame: cublasDsyr2k_v2_64 [0xd2931] in libcublas.so.12
=========         Host Frame:  [0x40073e] in libcusolver.so.11
=========         Host Frame:  [0x63a139] in libcusolver.so.11
=========         Host Frame:  [0x63fa56] in libcusolver.so.11
=========         Host Frame:  [0x42abaa] in libcusolver.so.11
=========         Host Frame: cusolverDnXsyevd [0x6575b0] in libcusolver.so.11
=========         Host Frame: void single_eig_cusolver<double>(DeviceSolverDnHandle&, SingleEigParameter&, DeviceDenseVector<double>&, DeviceDenseVector<double>&, DeviceDenseVector<double>&, HostDenseVector<double>&, DeviceDenseVector<int>&, int, unsigned long, unsigned long, int, int, unsigned long, unsigned long, int) [0x6588a] in libcuadmm_lib.so
=========         Host Frame: SDPSolver::solve(int, double, int, int, int, int, int, double, double, bool) [0x5b109] in libcuadmm_lib.so
=========         Host Frame: main [0x748b] in cuadmm_exe
========= 
========= Uninitialized __global__ memory read of size 16 bytes
=========     at sm90_xmma_syr2k_l_f64f64_f64f64_f64_nt_n_tilesize32x32x32_stage5_warpsize2x2x1_tensor16x8x16_execute_kernel__5x_cublas+0xf80
=========     by thread (26,0,0) in block (0,5,0)
=========     Address 0x14d7fa001ba0
=========     Saved host backtrace up to driver entry point at kernel launch time
=========         Host Frame: cuLaunchKernelEx [0x3c96a9] in libcuda.so.1
=========         Host Frame:  [0x8548032] in libcublasLt.so.12
=========         Host Frame:  [0x85ae553] in libcublasLt.so.12
=========         Host Frame:  [0x387c34f] in libcublasLt.so.12
=========         Host Frame:  [0x384f886] in libcublasLt.so.12
=========         Host Frame:  [0x3d18d93] in libcublasLt.so.12
=========         Host Frame:  [0x3d2c261] in libcublasLt.so.12
=========         Host Frame:  [0xfdea1d] in libcublasLt.so.12
=========         Host Frame:  [0x112bca3] in libcublasLt.so.12
=========         Host Frame: cublasLtDDDMatmul [0x114a3e7] in libcublasLt.so.12
=========         Host Frame:  [0x1ace22] in libcublas.so.12
=========         Host Frame:  [0x1aecf3] in libcublas.so.12
=========         Host Frame:  [0x440eee] in libcublas.so.12
=========         Host Frame: cublasDsyr2k_v2_64 [0xd2931] in libcublas.so.12
=========         Host Frame:  [0x40073e] in libcusolver.so.11
=========         Host Frame:  [0x63a139] in libcusolver.so.11
=========         Host Frame:  [0x63fa56] in libcusolver.so.11
=========         Host Frame:  [0x42abaa] in libcusolver.so.11
=========         Host Frame: cusolverDnXsyevd [0x6575b0] in libcusolver.so.11
=========         Host Frame: void single_eig_cusolver<double>(DeviceSolverDnHandle&, SingleEigParameter&, DeviceDenseVector<double>&, DeviceDenseVector<double>&, DeviceDenseVector<double>&, HostDenseVector<double>&, DeviceDenseVector<int>&, int, unsigned long, unsigned long, int, int, unsigned long, unsigned long, int) [0x6588a] in libcuadmm_lib.so
=========         Host Frame: SDPSolver::solve(int, double, int, int, int, int, int, double, double, bool) [0x5b109] in libcuadmm_lib.so
=========         Host Frame: main [0x748b] in cuadmm_exe
========= 
========= Uninitialized __global__ memory read of size 16 bytes
=========     at sm90_xmma_syr2k_l_f64f64_f64f64_f64_nt_n_tilesize32x32x32_stage5_warpsize2x2x1_tensor16x8x16_execute_kernel__5x_cublas+0xf80
=========     by thread (27,0,0) in block (0,5,0)
=========     Address 0x14d7fa001bb0
=========     Saved host backtrace up to driver entry point at kernel launch time
=========         Host Frame: cuLaunchKernelEx [0x3c96a9] in libcuda.so.1
=========         Host Frame:  [0x8548032] in libcublasLt.so.12
=========         Host Frame:  [0x85ae553] in libcublasLt.so.12
=========         Host Frame:  [0x387c34f] in libcublasLt.so.12
=========         Host Frame:  [0x384f886] in libcublasLt.so.12
=========         Host Frame:  [0x3d18d93] in libcublasLt.so.12
=========         Host Frame:  [0x3d2c261] in libcublasLt.so.12
=========         Host Frame:  [0xfdea1d] in libcublasLt.so.12
=========         Host Frame:  [0x112bca3] in libcublasLt.so.12
=========         Host Frame: cublasLtDDDMatmul [0x114a3e7] in libcublasLt.so.12
=========         Host Frame:  [0x1ace22] in libcublas.so.12
=========         Host Frame:  [0x1aecf3] in libcublas.so.12
=========         Host Frame:  [0x440eee] in libcublas.so.12
=========         Host Frame: cublasDsyr2k_v2_64 [0xd2931] in libcublas.so.12
=========         Host Frame:  [0x40073e] in libcusolver.so.11
=========         Host Frame:  [0x63a139] in libcusolver.so.11
=========         Host Frame:  [0x63fa56] in libcusolver.so.11
=========         Host Frame:  [0x42abaa] in libcusolver.so.11
=========         Host Frame: cusolverDnXsyevd [0x6575b0] in libcusolver.so.11
=========         Host Frame: void single_eig_cusolver<double>(DeviceSolverDnHandle&, SingleEigParameter&, DeviceDenseVector<double>&, DeviceDenseVector<double>&, DeviceDenseVector<double>&, HostDenseVector<double>&, DeviceDenseVector<int>&, int, unsigned long, unsigned long, int, int, unsigned long, unsigned long, int) [0x6588a] in libcuadmm_lib.so
=========         Host Frame: SDPSolver::solve(int, double, int, int, int, int, int, double, double, bool) [0x5b109] in libcuadmm_lib.so
=========         Host Frame: main [0x748b] in cuadmm_exe
========= 
========= Uninitialized __global__ memory read of size 16 bytes
=========     at sm90_xmma_syr2k_l_f64f64_f64f64_f64_nt_n_tilesize32x32x32_stage5_warpsize2x2x1_tensor16x8x16_execute_kernel__5x_cublas+0xf80
=========     by thread (28,0,0) in block (0,5,0)
=========     Address 0x14d7fa001bc0
=========     Saved host backtrace up to driver entry point at kernel launch time
=========         Host Frame: cuLaunchKernelEx [0x3c96a9] in libcuda.so.1
=========         Host Frame:  [0x8548032] in libcublasLt.so.12
=========         Host Frame:  [0x85ae553] in libcublasLt.so.12
=========         Host Frame:  [0x387c34f] in libcublasLt.so.12
=========         Host Frame:  [0x384f886] in libcublasLt.so.12
=========         Host Frame:  [0x3d18d93] in libcublasLt.so.12
=========         Host Frame:  [0x3d2c261] in libcublasLt.so.12
=========         Host Frame:  [0xfdea1d] in libcublasLt.so.12
=========         Host Frame:  [0x112bca3] in libcublasLt.so.12
=========         Host Frame: cublasLtDDDMatmul [0x114a3e7] in libcublasLt.so.12
=========         Host Frame:  [0x1ace22] in libcublas.so.12
=========         Host Frame:  [0x1aecf3] in libcublas.so.12
=========         Host Frame:  [0x440eee] in libcublas.so.12
=========         Host Frame: cublasDsyr2k_v2_64 [0xd2931] in libcublas.so.12
=========         Host Frame:  [0x40073e] in libcusolver.so.11
=========         Host Frame:  [0x63a139] in libcusolver.so.11
=========         Host Frame:  [0x63fa56] in libcusolver.so.11
=========         Host Frame:  [0x42abaa] in libcusolver.so.11
=========         Host Frame: cusolverDnXsyevd [0x6575b0] in libcusolver.so.11
=========         Host Frame: void single_eig_cusolver<double>(DeviceSolverDnHandle&, SingleEigParameter&, DeviceDenseVector<double>&, DeviceDenseVector<double>&, DeviceDenseVector<double>&, HostDenseVector<double>&, DeviceDenseVector<int>&, int, unsigned long, unsigned long, int, int, unsigned long, unsigned long, int) [0x6588a] in libcuadmm_lib.so
=========         Host Frame: SDPSolver::solve(int, double, int, int, int, int, int, double, double, bool) [0x5b109] in libcuadmm_lib.so
=========         Host Frame: main [0x748b] in cuadmm_exe
========= 
========= Uninitialized __global__ memory read of size 16 bytes
=========     at sm90_xmma_syr2k_l_f64f64_f64f64_f64_nt_n_tilesize32x32x32_stage5_warpsize2x2x1_tensor16x8x16_execute_kernel__5x_cublas+0xf80
=========     by thread (29,0,0) in block (0,5,0)
=========     Address 0x14d7fa001bd0
=========     Saved host backtrace up to driver entry point at kernel launch time
=========         Host Frame: cuLaunchKernelEx [0x3c96a9] in libcuda.so.1
=========         Host Frame:  [0x8548032] in libcublasLt.so.12
=========         Host Frame:  [0x85ae553] in libcublasLt.so.12
=========         Host Frame:  [0x387c34f] in libcublasLt.so.12
=========         Host Frame:  [0x384f886] in libcublasLt.so.12
=========         Host Frame:  [0x3d18d93] in libcublasLt.so.12
=========         Host Frame:  [0x3d2c261] in libcublasLt.so.12
=========         Host Frame:  [0xfdea1d] in libcublasLt.so.12
=========         Host Frame:  [0x112bca3] in libcublasLt.so.12
=========         Host Frame: cublasLtDDDMatmul [0x114a3e7] in libcublasLt.so.12
=========         Host Frame:  [0x1ace22] in libcublas.so.12
=========         Host Frame:  [0x1aecf3] in libcublas.so.12
=========         Host Frame:  [0x440eee] in libcublas.so.12
=========         Host Frame: cublasDsyr2k_v2_64 [0xd2931] in libcublas.so.12
=========         Host Frame:  [0x40073e] in libcusolver.so.11
=========         Host Frame:  [0x63a139] in libcusolver.so.11
=========         Host Frame:  [0x63fa56] in libcusolver.so.11
=========         Host Frame:  [0x42abaa] in libcusolver.so.11
=========         Host Frame: cusolverDnXsyevd [0x6575b0] in libcusolver.so.11
=========         Host Frame: void single_eig_cusolver<double>(DeviceSolverDnHandle&, SingleEigParameter&, DeviceDenseVector<double>&, DeviceDenseVector<double>&, DeviceDenseVector<double>&, HostDenseVector<double>&, DeviceDenseVector<int>&, int, unsigned long, unsigned long, int, int, unsigned long, unsigned long, int) [0x6588a] in libcuadmm_lib.so
=========         Host Frame: SDPSolver::solve(int, double, int, int, int, int, int, double, double, bool) [0x5b109] in libcuadmm_lib.so
=========         Host Frame: main [0x748b] in cuadmm_exe
========= 
========= Uninitialized __global__ memory read of size 16 bytes
=========     at sm90_xmma_syr2k_l_f64f64_f64f64_f64_nt_n_tilesize32x32x32_stage5_warpsize2x2x1_tensor16x8x16_execute_kernel__5x_cublas+0xf80
=========     by thread (30,0,0) in block (0,5,0)
=========     Address 0x14d7fa001be0
=========     Saved host backtrace up to driver entry point at kernel launch time
=========         Host Frame: cuLaunchKernelEx [0x3c96a9] in libcuda.so.1
=========         Host Frame:  [0x8548032] in libcublasLt.so.12
=========         Host Frame:  [0x85ae553] in libcublasLt.so.12
=========         Host Frame:  [0x387c34f] in libcublasLt.so.12
=========         Host Frame:  [0x384f886] in libcublasLt.so.12
=========         Host Frame:  [0x3d18d93] in libcublasLt.so.12
=========         Host Frame:  [0x3d2c261] in libcublasLt.so.12
=========         Host Frame:  [0xfdea1d] in libcublasLt.so.12
=========         Host Frame:  [0x112bca3] in libcublasLt.so.12
=========         Host Frame: cublasLtDDDMatmul [0x114a3e7] in libcublasLt.so.12
=========         Host Frame:  [0x1ace22] in libcublas.so.12
=========         Host Frame:  [0x1aecf3] in libcublas.so.12
=========         Host Frame:  [0x440eee] in libcublas.so.12
=========         Host Frame: cublasDsyr2k_v2_64 [0xd2931] in libcublas.so.12
=========         Host Frame:  [0x40073e] in libcusolver.so.11
=========         Host Frame:  [0x63a139] in libcusolver.so.11
=========         Host Frame:  [0x63fa56] in libcusolver.so.11
=========         Host Frame:  [0x42abaa] in libcusolver.so.11
=========         Host Frame: cusolverDnXsyevd [0x6575b0] in libcusolver.so.11
=========         Host Frame: void single_eig_cusolver<double>(DeviceSolverDnHandle&, SingleEigParameter&, DeviceDenseVector<double>&, DeviceDenseVector<double>&, DeviceDenseVector<double>&, HostDenseVector<double>&, DeviceDenseVector<int>&, int, unsigned long, unsigned long, int, int, unsigned long, unsigned long, int) [0x6588a] in libcuadmm_lib.so
=========         Host Frame: SDPSolver::solve(int, double, int, int, int, int, int, double, double, bool) [0x5b109] in libcuadmm_lib.so
=========         Host Frame: main [0x748b] in cuadmm_exe
========= 
========= Uninitialized __global__ memory read of size 16 bytes
=========     at sm90_xmma_syr2k_l_f64f64_f64f64_f64_nt_n_tilesize32x32x32_stage5_warpsize2x2x1_tensor16x8x16_execute_kernel__5x_cublas+0xf80
=========     by thread (31,0,0) in block (0,5,0)
=========     Address 0x14d7fa001bf0
=========     Saved host backtrace up to driver entry point at kernel launch time
=========         Host Frame: cuLaunchKernelEx [0x3c96a9] in libcuda.so.1
=========         Host Frame:  [0x8548032] in libcublasLt.so.12
=========         Host Frame:  [0x85ae553] in libcublasLt.so.12
=========         Host Frame:  [0x387c34f] in libcublasLt.so.12
=========         Host Frame:  [0x384f886] in libcublasLt.so.12
=========         Host Frame:  [0x3d18d93] in libcublasLt.so.12
=========         Host Frame:  [0x3d2c261] in libcublasLt.so.12
=========         Host Frame:  [0xfdea1d] in libcublasLt.so.12
=========         Host Frame:  [0x112bca3] in libcublasLt.so.12
=========         Host Frame: cublasLtDDDMatmul [0x114a3e7] in libcublasLt.so.12
=========         Host Frame:  [0x1ace22] in libcublas.so.12
=========         Host Frame:  [0x1aecf3] in libcublas.so.12
=========         Host Frame:  [0x440eee] in libcublas.so.12
=========         Host Frame: cublasDsyr2k_v2_64 [0xd2931] in libcublas.so.12
=========         Host Frame:  [0x40073e] in libcusolver.so.11
=========         Host Frame:  [0x63a139] in libcusolver.so.11
=========         Host Frame:  [0x63fa56] in libcusolver.so.11
=========         Host Frame:  [0x42abaa] in libcusolver.so.11
=========         Host Frame: cusolverDnXsyevd [0x6575b0] in libcusolver.so.11
=========         Host Frame: void single_eig_cusolver<double>(DeviceSolverDnHandle&, SingleEigParameter&, DeviceDenseVector<double>&, DeviceDenseVector<double>&, DeviceDenseVector<double>&, HostDenseVector<double>&, DeviceDenseVector<int>&, int, unsigned long, unsigned long, int, int, unsigned long, unsigned long, int) [0x6588a] in libcuadmm_lib.so
=========         Host Frame: SDPSolver::solve(int, double, int, int, int, int, int, double, double, bool) [0x5b109] in libcuadmm_lib.so
=========         Host Frame: main [0x748b] in cuadmm_exe
========= 
========= Uninitialized __global__ memory read of size 16 bytes
=========     at sm90_xmma_syr2k_l_f64f64_f64f64_f64_nt_n_tilesize32x32x32_stage5_warpsize2x2x1_tensor16x8x16_execute_kernel__5x_cublas+0xf80
=========     by thread (64,0,0) in block (0,5,0)
=========     Address 0x14d7fa005a00
=========     Saved host backtrace up to driver entry point at kernel launch time
=========         Host Frame: cuLaunchKernelEx [0x3c96a9] in libcuda.so.1
=========         Host Frame:  [0x8548032] in libcublasLt.so.12
=========         Host Frame:  [0x85ae553] in libcublasLt.so.12
=========         Host Frame:  [0x387c34f] in libcublasLt.so.12
=========         Host Frame:  [0x384f886] in libcublasLt.so.12
=========         Host Frame:  [0x3d18d93] in libcublasLt.so.12
=========         Host Frame:  [0x3d2c261] in libcublasLt.so.12
=========         Host Frame:  [0xfdea1d] in libcublasLt.so.12
=========         Host Frame:  [0x112bca3] in libcublasLt.so.12
=========         Host Frame: cublasLtDDDMatmul [0x114a3e7] in libcublasLt.so.12
=========         Host Frame:  [0x1ace22] in libcublas.so.12
=========         Host Frame:  [0x1aecf3] in libcublas.so.12
=========         Host Frame:  [0x440eee] in libcublas.so.12
=========         Host Frame: cublasDsyr2k_v2_64 [0xd2931] in libcublas.so.12
=========         Host Frame:  [0x40073e] in libcusolver.so.11
=========         Host Frame:  [0x63a139] in libcusolver.so.11
=========         Host Frame:  [0x63fa56] in libcusolver.so.11
=========         Host Frame:  [0x42abaa] in libcusolver.so.11
=========         Host Frame: cusolverDnXsyevd [0x6575b0] in libcusolver.so.11
=========         Host Frame: void single_eig_cusolver<double>(DeviceSolverDnHandle&, SingleEigParameter&, DeviceDenseVector<double>&, DeviceDenseVector<double>&, DeviceDenseVector<double>&, HostDenseVector<double>&, DeviceDenseVector<int>&, int, unsigned long, unsigned long, int, int, unsigned long, unsigned long, int) [0x6588a] in libcuadmm_lib.so
=========         Host Frame: SDPSolver::solve(int, double, int, int, int, int, int, double, double, bool) [0x5b109] in libcuadmm_lib.so
=========         Host Frame: main [0x748b] in cuadmm_exe
========= 
========= Uninitialized __global__ memory read of size 16 bytes
=========     at sm90_xmma_syr2k_l_f64f64_f64f64_f64_nt_n_tilesize32x32x32_stage5_warpsize2x2x1_tensor16x8x16_execute_kernel__5x_cublas+0xf80
=========     by thread (65,0,0) in block (0,5,0)
=========     Address 0x14d7fa005a10
=========     Saved host backtrace up to driver entry point at kernel launch time
=========         Host Frame: cuLaunchKernelEx [0x3c96a9] in libcuda.so.1
=========         Host Frame:  [0x8548032] in libcublasLt.so.12
=========         Host Frame:  [0x85ae553] in libcublasLt.so.12
=========         Host Frame:  [0x387c34f] in libcublasLt.so.12
=========         Host Frame:  [0x384f886] in libcublasLt.so.12
=========         Host Frame:  [0x3d18d93] in libcublasLt.so.12
=========         Host Frame:  [0x3d2c261] in libcublasLt.so.12
=========         Host Frame:  [0xfdea1d] in libcublasLt.so.12
=========         Host Frame:  [0x112bca3] in libcublasLt.so.12
=========         Host Frame: cublasLtDDDMatmul [0x114a3e7] in libcublasLt.so.12
=========         Host Frame:  [0x1ace22] in libcublas.so.12
=========         Host Frame:  [0x1aecf3] in libcublas.so.12
=========         Host Frame:  [0x440eee] in libcublas.so.12
=========         Host Frame: cublasDsyr2k_v2_64 [0xd2931] in libcublas.so.12
=========         Host Frame:  [0x40073e] in libcusolver.so.11
=========         Host Frame:  [0x63a139] in libcusolver.so.11
=========         Host Frame:  [0x63fa56] in libcusolver.so.11
=========         Host Frame:  [0x42abaa] in libcusolver.so.11
=========         Host Frame: cusolverDnXsyevd [0x6575b0] in libcusolver.so.11
=========         Host Frame: void single_eig_cusolver<double>(DeviceSolverDnHandle&, SingleEigParameter&, DeviceDenseVector<double>&, DeviceDenseVector<double>&, DeviceDenseVector<double>&, HostDenseVector<double>&, DeviceDenseVector<int>&, int, unsigned long, unsigned long, int, int, unsigned long, unsigned long, int) [0x6588a] in libcuadmm_lib.so
=========         Host Frame: SDPSolver::solve(int, double, int, int, int, int, int, double, double, bool) [0x5b109] in libcuadmm_lib.so
=========         Host Frame: main [0x748b] in cuadmm_exe
========= 
========= Uninitialized __global__ memory read of size 16 bytes
=========     at sm90_xmma_syr2k_l_f64f64_f64f64_f64_nt_n_tilesize32x32x32_stage5_warpsize2x2x1_tensor16x8x16_execute_kernel__5x_cublas+0xf80
=========     by thread (66,0,0) in block (0,5,0)
=========     Address 0x14d7fa005a20
=========     Saved host backtrace up to driver entry point at kernel launch time
=========         Host Frame: cuLaunchKernelEx [0x3c96a9] in libcuda.so.1
=========         Host Frame:  [0x8548032] in libcublasLt.so.12
=========         Host Frame:  [0x85ae553] in libcublasLt.so.12
=========         Host Frame:  [0x387c34f] in libcublasLt.so.12
=========         Host Frame:  [0x384f886] in libcublasLt.so.12
=========         Host Frame:  [0x3d18d93] in libcublasLt.so.12
=========         Host Frame:  [0x3d2c261] in libcublasLt.so.12
=========         Host Frame:  [0xfdea1d] in libcublasLt.so.12
=========         Host Frame:  [0x112bca3] in libcublasLt.so.12
=========         Host Frame: cublasLtDDDMatmul [0x114a3e7] in libcublasLt.so.12
=========         Host Frame:  [0x1ace22] in libcublas.so.12
=========         Host Frame:  [0x1aecf3] in libcublas.so.12
=========         Host Frame:  [0x440eee] in libcublas.so.12
=========         Host Frame: cublasDsyr2k_v2_64 [0xd2931] in libcublas.so.12
=========         Host Frame:  [0x40073e] in libcusolver.so.11
=========         Host Frame:  [0x63a139] in libcusolver.so.11
=========         Host Frame:  [0x63fa56] in libcusolver.so.11
=========         Host Frame:  [0x42abaa] in libcusolver.so.11
=========         Host Frame: cusolverDnXsyevd [0x6575b0] in libcusolver.so.11
=========         Host Frame: void single_eig_cusolver<double>(DeviceSolverDnHandle&, SingleEigParameter&, DeviceDenseVector<double>&, DeviceDenseVector<double>&, DeviceDenseVector<double>&, HostDenseVector<double>&, DeviceDenseVector<int>&, int, unsigned long, unsigned long, int, int, unsigned long, unsigned long, int) [0x6588a] in libcuadmm_lib.so
=========         Host Frame: SDPSolver::solve(int, double, int, int, int, int, int, double, double, bool) [0x5b109] in libcuadmm_lib.so
=========         Host Frame: main [0x748b] in cuadmm_exe
========= 
========= Uninitialized __global__ memory read of size 16 bytes
=========     at sm90_xmma_syr2k_l_f64f64_f64f64_f64_nt_n_tilesize32x32x32_stage5_warpsize2x2x1_tensor16x8x16_execute_kernel__5x_cublas+0xf80
=========     by thread (67,0,0) in block (0,5,0)
=========     Address 0x14d7fa005a30
=========     Saved host backtrace up to driver entry point at kernel launch time
=========         Host Frame: cuLaunchKernelEx [0x3c96a9] in libcuda.so.1
=========         Host Frame:  [0x8548032] in libcublasLt.so.12
=========         Host Frame:  [0x85ae553] in libcublasLt.so.12
=========         Host Frame:  [0x387c34f] in libcublasLt.so.12
=========         Host Frame:  [0x384f886] in libcublasLt.so.12
=========         Host Frame:  [0x3d18d93] in libcublasLt.so.12
=========         Host Frame:  [0x3d2c261] in libcublasLt.so.12
=========         Host Frame:  [0xfdea1d] in libcublasLt.so.12
=========         Host Frame:  [0x112bca3] in libcublasLt.so.12
=========         Host Frame: cublasLtDDDMatmul [0x114a3e7] in libcublasLt.so.12
=========         Host Frame:  [0x1ace22] in libcublas.so.12
=========         Host Frame:  [0x1aecf3] in libcublas.so.12
=========         Host Frame:  [0x440eee] in libcublas.so.12
=========         Host Frame: cublasDsyr2k_v2_64 [0xd2931] in libcublas.so.12
=========         Host Frame:  [0x40073e] in libcusolver.so.11
=========         Host Frame:  [0x63a139] in libcusolver.so.11
=========         Host Frame:  [0x63fa56] in libcusolver.so.11
=========         Host Frame:  [0x42abaa] in libcusolver.so.11
=========         Host Frame: cusolverDnXsyevd [0x6575b0] in libcusolver.so.11
=========         Host Frame: void single_eig_cusolver<double>(DeviceSolverDnHandle&, SingleEigParameter&, DeviceDenseVector<double>&, DeviceDenseVector<double>&, DeviceDenseVector<double>&, HostDenseVector<double>&, DeviceDenseVector<int>&, int, unsigned long, unsigned long, int, int, unsigned long, unsigned long, int) [0x6588a] in libcuadmm_lib.so
=========         Host Frame: SDPSolver::solve(int, double, int, int, int, int, int, double, double, bool) [0x5b109] in libcuadmm_lib.so
=========         Host Frame: main [0x748b] in cuadmm_exe
========= 
========= Uninitialized __global__ memory read of size 16 bytes
=========     at sm90_xmma_syr2k_l_f64f64_f64f64_f64_nt_n_tilesize32x32x32_stage5_warpsize2x2x1_tensor16x8x16_execute_kernel__5x_cublas+0xf80
=========     by thread (68,0,0) in block (0,5,0)
=========     Address 0x14d7fa005a40
=========     Saved host backtrace up to driver entry point at kernel launch time
=========         Host Frame: cuLaunchKernelEx [0x3c96a9] in libcuda.so.1
=========         Host Frame:  [0x8548032] in libcublasLt.so.12
=========         Host Frame:  [0x85ae553] in libcublasLt.so.12
=========         Host Frame:  [0x387c34f] in libcublasLt.so.12
=========         Host Frame:  [0x384f886] in libcublasLt.so.12
=========         Host Frame:  [0x3d18d93] in libcublasLt.so.12
=========         Host Frame:  [0x3d2c261] in libcublasLt.so.12
=========         Host Frame:  [0xfdea1d] in libcublasLt.so.12
=========         Host Frame:  [0x112bca3] in libcublasLt.so.12
=========         Host Frame: cublasLtDDDMatmul [0x114a3e7] in libcublasLt.so.12
=========         Host Frame:  [0x1ace22] in libcublas.so.12
=========         Host Frame:  [0x1aecf3] in libcublas.so.12
=========         Host Frame:  [0x440eee] in libcublas.so.12
=========         Host Frame: cublasDsyr2k_v2_64 [0xd2931] in libcublas.so.12
=========         Host Frame:  [0x40073e] in libcusolver.so.11
=========         Host Frame:  [0x63a139] in libcusolver.so.11
=========         Host Frame:  [0x63fa56] in libcusolver.so.11
=========         Host Frame:  [0x42abaa] in libcusolver.so.11
=========         Host Frame: cusolverDnXsyevd [0x6575b0] in libcusolver.so.11
=========         Host Frame: void single_eig_cusolver<double>(DeviceSolverDnHandle&, SingleEigParameter&, DeviceDenseVector<double>&, DeviceDenseVector<double>&, DeviceDenseVector<double>&, HostDenseVector<double>&, DeviceDenseVector<int>&, int, unsigned long, unsigned long, int, int, unsigned long, unsigned long, int) [0x6588a] in libcuadmm_lib.so
=========         Host Frame: SDPSolver::solve(int, double, int, int, int, int, int, double, double, bool) [0x5b109] in libcuadmm_lib.so
=========         Host Frame: main [0x748b] in cuadmm_exe
========= 
========= Uninitialized __global__ memory read of size 16 bytes
=========     at sm90_xmma_syr2k_l_f64f64_f64f64_f64_nt_n_tilesize32x32x32_stage5_warpsize2x2x1_tensor16x8x16_execute_kernel__5x_cublas+0xf80
=========     by thread (69,0,0) in block (0,5,0)
=========     Address 0x14d7fa005a50
=========     Saved host backtrace up to driver entry point at kernel launch time
=========         Host Frame: cuLaunchKernelEx [0x3c96a9] in libcuda.so.1
=========         Host Frame:  [0x8548032] in libcublasLt.so.12
=========         Host Frame:  [0x85ae553] in libcublasLt.so.12
=========         Host Frame:  [0x387c34f] in libcublasLt.so.12
=========         Host Frame:  [0x384f886] in libcublasLt.so.12
=========         Host Frame:  [0x3d18d93] in libcublasLt.so.12
=========         Host Frame:  [0x3d2c261] in libcublasLt.so.12
=========         Host Frame:  [0xfdea1d] in libcublasLt.so.12
=========         Host Frame:  [0x112bca3] in libcublasLt.so.12
=========         Host Frame: cublasLtDDDMatmul [0x114a3e7] in libcublasLt.so.12
=========         Host Frame:  [0x1ace22] in libcublas.so.12
=========         Host Frame:  [0x1aecf3] in libcublas.so.12
=========         Host Frame:  [0x440eee] in libcublas.so.12
=========         Host Frame: cublasDsyr2k_v2_64 [0xd2931] in libcublas.so.12
=========         Host Frame:  [0x40073e] in libcusolver.so.11
=========         Host Frame:  [0x63a139] in libcusolver.so.11
=========         Host Frame:  [0x63fa56] in libcusolver.so.11
=========         Host Frame:  [0x42abaa] in libcusolver.so.11
=========         Host Frame: cusolverDnXsyevd [0x6575b0] in libcusolver.so.11
=========         Host Frame: void single_eig_cusolver<double>(DeviceSolverDnHandle&, SingleEigParameter&, DeviceDenseVector<double>&, DeviceDenseVector<double>&, DeviceDenseVector<double>&, HostDenseVector<double>&, DeviceDenseVector<int>&, int, unsigned long, unsigned long, int, int, unsigned long, unsigned long, int) [0x6588a] in libcuadmm_lib.so
=========         Host Frame: SDPSolver::solve(int, double, int, int, int, int, int, double, double, bool) [0x5b109] in libcuadmm_lib.so
=========         Host Frame: main [0x748b] in cuadmm_exe
========= 
========= Uninitialized __global__ memory read of size 16 bytes
=========     at sm90_xmma_syr2k_l_f64f64_f64f64_f64_nt_n_tilesize32x32x32_stage5_warpsize2x2x1_tensor16x8x16_execute_kernel__5x_cublas+0xf80
=========     by thread (70,0,0) in block (0,5,0)
=========     Address 0x14d7fa005a60
=========     Saved host backtrace up to driver entry point at kernel launch time
=========         Host Frame: cuLaunchKernelEx [0x3c96a9] in libcuda.so.1
=========         Host Frame:  [0x8548032] in libcublasLt.so.12
=========         Host Frame:  [0x85ae553] in libcublasLt.so.12
=========         Host Frame:  [0x387c34f] in libcublasLt.so.12
=========         Host Frame:  [0x384f886] in libcublasLt.so.12
=========         Host Frame:  [0x3d18d93] in libcublasLt.so.12
=========         Host Frame:  [0x3d2c261] in libcublasLt.so.12
=========         Host Frame:  [0xfdea1d] in libcublasLt.so.12
=========         Host Frame:  [0x112bca3] in libcublasLt.so.12
=========         Host Frame: cublasLtDDDMatmul [0x114a3e7] in libcublasLt.so.12
=========         Host Frame:  [0x1ace22] in libcublas.so.12
=========         Host Frame:  [0x1aecf3] in libcublas.so.12
=========         Host Frame:  [0x440eee] in libcublas.so.12
=========         Host Frame: cublasDsyr2k_v2_64 [0xd2931] in libcublas.so.12
=========         Host Frame:  [0x40073e] in libcusolver.so.11
=========         Host Frame:  [0x63a139] in libcusolver.so.11
=========         Host Frame:  [0x63fa56] in libcusolver.so.11
=========         Host Frame:  [0x42abaa] in libcusolver.so.11
=========         Host Frame: cusolverDnXsyevd [0x6575b0] in libcusolver.so.11
=========         Host Frame: void single_eig_cusolver<double>(DeviceSolverDnHandle&, SingleEigParameter&, DeviceDenseVector<double>&, DeviceDenseVector<double>&, DeviceDenseVector<double>&, HostDenseVector<double>&, DeviceDenseVector<int>&, int, unsigned long, unsigned long, int, int, unsigned long, unsigned long, int) [0x6588a] in libcuadmm_lib.so
=========         Host Frame: SDPSolver::solve(int, double, int, int, int, int, int, double, double, bool) [0x5b109] in libcuadmm_lib.so
=========         Host Frame: main [0x748b] in cuadmm_exe
========= 
========= Uninitialized __global__ memory read of size 16 bytes
=========     at sm90_xmma_syr2k_l_f64f64_f64f64_f64_nt_n_tilesize32x32x32_stage5_warpsize2x2x1_tensor16x8x16_execute_kernel__5x_cublas+0xf80
=========     by thread (71,0,0) in block (0,5,0)
=========     Address 0x14d7fa005a70
=========     Saved host backtrace up to driver entry point at kernel launch time
=========         Host Frame: cuLaunchKernelEx [0x3c96a9] in libcuda.so.1
=========         Host Frame:  [0x8548032] in libcublasLt.so.12
=========         Host Frame:  [0x85ae553] in libcublasLt.so.12
=========         Host Frame:  [0x387c34f] in libcublasLt.so.12
=========         Host Frame:  [0x384f886] in libcublasLt.so.12
=========         Host Frame:  [0x3d18d93] in libcublasLt.so.12
=========         Host Frame:  [0x3d2c261] in libcublasLt.so.12
=========         Host Frame:  [0xfdea1d] in libcublasLt.so.12
=========         Host Frame:  [0x112bca3] in libcublasLt.so.12
=========         Host Frame: cublasLtDDDMatmul [0x114a3e7] in libcublasLt.so.12
=========         Host Frame:  [0x1ace22] in libcublas.so.12
=========         Host Frame:  [0x1aecf3] in libcublas.so.12
=========         Host Frame:  [0x440eee] in libcublas.so.12
=========         Host Frame: cublasDsyr2k_v2_64 [0xd2931] in libcublas.so.12
=========         Host Frame:  [0x40073e] in libcusolver.so.11
=========         Host Frame:  [0x63a139] in libcusolver.so.11
=========         Host Frame:  [0x63fa56] in libcusolver.so.11
=========         Host Frame:  [0x42abaa] in libcusolver.so.11
=========         Host Frame: cusolverDnXsyevd [0x6575b0] in libcusolver.so.11
=========         Host Frame: void single_eig_cusolver<double>(DeviceSolverDnHandle&, SingleEigParameter&, DeviceDenseVector<double>&, DeviceDenseVector<double>&, DeviceDenseVector<double>&, HostDenseVector<double>&, DeviceDenseVector<int>&, int, unsigned long, unsigned long, int, int, unsigned long, unsigned long, int) [0x6588a] in libcuadmm_lib.so
=========         Host Frame: SDPSolver::solve(int, double, int, int, int, int, int, double, double, bool) [0x5b109] in libcuadmm_lib.so
=========         Host Frame: main [0x748b] in cuadmm_exe
========= 
========= Uninitialized __global__ memory read of size 16 bytes
=========     at sm90_xmma_syr2k_l_f64f64_f64f64_f64_nt_n_tilesize32x32x32_stage5_warpsize2x2x1_tensor16x8x16_execute_kernel__5x_cublas+0xf80
=========     by thread (72,0,0) in block (0,5,0)
=========     Address 0x14d7fa005a80
=========     Saved host backtrace up to driver entry point at kernel launch time
=========         Host Frame: cuLaunchKernelEx [0x3c96a9] in libcuda.so.1
=========         Host Frame:  [0x8548032] in libcublasLt.so.12
=========         Host Frame:  [0x85ae553] in libcublasLt.so.12
=========         Host Frame:  [0x387c34f] in libcublasLt.so.12
=========         Host Frame:  [0x384f886] in libcublasLt.so.12
=========         Host Frame:  [0x3d18d93] in libcublasLt.so.12
=========         Host Frame:  [0x3d2c261] in libcublasLt.so.12
=========         Host Frame:  [0xfdea1d] in libcublasLt.so.12
=========         Host Frame:  [0x112bca3] in libcublasLt.so.12
=========         Host Frame: cublasLtDDDMatmul [0x114a3e7] in libcublasLt.so.12
=========         Host Frame:  [0x1ace22] in libcublas.so.12
=========         Host Frame:  [0x1aecf3] in libcublas.so.12
=========         Host Frame:  [0x440eee] in libcublas.so.12
=========         Host Frame: cublasDsyr2k_v2_64 [0xd2931] in libcublas.so.12
=========         Host Frame:  [0x40073e] in libcusolver.so.11
=========         Host Frame:  [0x63a139] in libcusolver.so.11
=========         Host Frame:  [0x63fa56] in libcusolver.so.11
=========         Host Frame:  [0x42abaa] in libcusolver.so.11
=========         Host Frame: cusolverDnXsyevd [0x6575b0] in libcusolver.so.11
=========         Host Frame: void single_eig_cusolver<double>(DeviceSolverDnHandle&, SingleEigParameter&, DeviceDenseVector<double>&, DeviceDenseVector<double>&, DeviceDenseVector<double>&, HostDenseVector<double>&, DeviceDenseVector<int>&, int, unsigned long, unsigned long, int, int, unsigned long, unsigned long, int) [0x6588a] in libcuadmm_lib.so
=========         Host Frame: SDPSolver::solve(int, double, int, int, int, int, int, double, double, bool) [0x5b109] in libcuadmm_lib.so
=========         Host Frame: main [0x748b] in cuadmm_exe
========= 
========= Uninitialized __global__ memory read of size 16 bytes
=========     at sm90_xmma_syr2k_l_f64f64_f64f64_f64_nt_n_tilesize32x32x32_stage5_warpsize2x2x1_tensor16x8x16_execute_kernel__5x_cublas+0xf80
=========     by thread (73,0,0) in block (0,5,0)
=========     Address 0x14d7fa005a90
=========     Saved host backtrace up to driver entry point at kernel launch time
=========         Host Frame: cuLaunchKernelEx [0x3c96a9] in libcuda.so.1
=========         Host Frame:  [0x8548032] in libcublasLt.so.12
=========         Host Frame:  [0x85ae553] in libcublasLt.so.12
=========         Host Frame:  [0x387c34f] in libcublasLt.so.12
=========         Host Frame:  [0x384f886] in libcublasLt.so.12
=========         Host Frame:  [0x3d18d93] in libcublasLt.so.12
=========         Host Frame:  [0x3d2c261] in libcublasLt.so.12
=========         Host Frame:  [0xfdea1d] in libcublasLt.so.12
=========         Host Frame:  [0x112bca3] in libcublasLt.so.12
=========         Host Frame: cublasLtDDDMatmul [0x114a3e7] in libcublasLt.so.12
=========         Host Frame:  [0x1ace22] in libcublas.so.12
=========         Host Frame:  [0x1aecf3] in libcublas.so.12
=========         Host Frame:  [0x440eee] in libcublas.so.12
=========         Host Frame: cublasDsyr2k_v2_64 [0xd2931] in libcublas.so.12
=========         Host Frame:  [0x40073e] in libcusolver.so.11
=========         Host Frame:  [0x63a139] in libcusolver.so.11
=========         Host Frame:  [0x63fa56] in libcusolver.so.11
=========         Host Frame:  [0x42abaa] in libcusolver.so.11
=========         Host Frame: cusolverDnXsyevd [0x6575b0] in libcusolver.so.11
=========         Host Frame: void single_eig_cusolver<double>(DeviceSolverDnHandle&, SingleEigParameter&, DeviceDenseVector<double>&, DeviceDenseVector<double>&, DeviceDenseVector<double>&, HostDenseVector<double>&, DeviceDenseVector<int>&, int, unsigned long, unsigned long, int, int, unsigned long, unsigned long, int) [0x6588a] in libcuadmm_lib.so
=========         Host Frame: SDPSolver::solve(int, double, int, int, int, int, int, double, double, bool) [0x5b109] in libcuadmm_lib.so
=========         Host Frame: main [0x748b] in cuadmm_exe
========= 
========= Uninitialized __global__ memory read of size 16 bytes
=========     at sm90_xmma_syr2k_l_f64f64_f64f64_f64_nt_n_tilesize32x32x32_stage5_warpsize2x2x1_tensor16x8x16_execute_kernel__5x_cublas+0xf80
=========     by thread (74,0,0) in block (0,5,0)
=========     Address 0x14d7fa005aa0
=========     Saved host backtrace up to driver entry point at kernel launch time
=========         Host Frame: cuLaunchKernelEx [0x3c96a9] in libcuda.so.1
=========         Host Frame:  [0x8548032] in libcublasLt.so.12
=========         Host Frame:  [0x85ae553] in libcublasLt.so.12
=========         Host Frame:  [0x387c34f] in libcublasLt.so.12
=========         Host Frame:  [0x384f886] in libcublasLt.so.12
=========         Host Frame:  [0x3d18d93] in libcublasLt.so.12
=========         Host Frame:  [0x3d2c261] in libcublasLt.so.12
=========         Host Frame:  [0xfdea1d] in libcublasLt.so.12
=========         Host Frame:  [0x112bca3] in libcublasLt.so.12
=========         Host Frame: cublasLtDDDMatmul [0x114a3e7] in libcublasLt.so.12
=========         Host Frame:  [0x1ace22] in libcublas.so.12
=========         Host Frame:  [0x1aecf3] in libcublas.so.12
=========         Host Frame:  [0x440eee] in libcublas.so.12
=========         Host Frame: cublasDsyr2k_v2_64 [0xd2931] in libcublas.so.12
=========         Host Frame:  [0x40073e] in libcusolver.so.11
=========         Host Frame:  [0x63a139] in libcusolver.so.11
=========         Host Frame:  [0x63fa56] in libcusolver.so.11
=========         Host Frame:  [0x42abaa] in libcusolver.so.11
=========         Host Frame: cusolverDnXsyevd [0x6575b0] in libcusolver.so.11
=========         Host Frame: void single_eig_cusolver<double>(DeviceSolverDnHandle&, SingleEigParameter&, DeviceDenseVector<double>&, DeviceDenseVector<double>&, DeviceDenseVector<double>&, HostDenseVector<double>&, DeviceDenseVector<int>&, int, unsigned long, unsigned long, int, int, unsigned long, unsigned long, int) [0x6588a] in libcuadmm_lib.so
=========         Host Frame: SDPSolver::solve(int, double, int, int, int, int, int, double, double, bool) [0x5b109] in libcuadmm_lib.so
=========         Host Frame: main [0x748b] in cuadmm_exe
========= 
========= Uninitialized __global__ memory read of size 16 bytes
=========     at sm90_xmma_syr2k_l_f64f64_f64f64_f64_nt_n_tilesize32x32x32_stage5_warpsize2x2x1_tensor16x8x16_execute_kernel__5x_cublas+0xf80
=========     by thread (75,0,0) in block (0,5,0)
=========     Address 0x14d7fa005ab0
=========     Saved host backtrace up to driver entry point at kernel launch time
=========         Host Frame: cuLaunchKernelEx [0x3c96a9] in libcuda.so.1
=========         Host Frame:  [0x8548032] in libcublasLt.so.12
=========         Host Frame:  [0x85ae553] in libcublasLt.so.12
=========         Host Frame:  [0x387c34f] in libcublasLt.so.12
=========         Host Frame:  [0x384f886] in libcublasLt.so.12
=========         Host Frame:  [0x3d18d93] in libcublasLt.so.12
=========         Host Frame:  [0x3d2c261] in libcublasLt.so.12
=========         Host Frame:  [0xfdea1d] in libcublasLt.so.12
=========         Host Frame:  [0x112bca3] in libcublasLt.so.12
=========         Host Frame: cublasLtDDDMatmul [0x114a3e7] in libcublasLt.so.12
=========         Host Frame:  [0x1ace22] in libcublas.so.12
=========         Host Frame:  [0x1aecf3] in libcublas.so.12
=========         Host Frame:  [0x440eee] in libcublas.so.12
=========         Host Frame: cublasDsyr2k_v2_64 [0xd2931] in libcublas.so.12
=========         Host Frame:  [0x40073e] in libcusolver.so.11
=========         Host Frame:  [0x63a139] in libcusolver.so.11
=========         Host Frame:  [0x63fa56] in libcusolver.so.11
=========         Host Frame:  [0x42abaa] in libcusolver.so.11
=========         Host Frame: cusolverDnXsyevd [0x6575b0] in libcusolver.so.11
=========         Host Frame: void single_eig_cusolver<double>(DeviceSolverDnHandle&, SingleEigParameter&, DeviceDenseVector<double>&, DeviceDenseVector<double>&, DeviceDenseVector<double>&, HostDenseVector<double>&, DeviceDenseVector<int>&, int, unsigned long, unsigned long, int, int, unsigned long, unsigned long, int) [0x6588a] in libcuadmm_lib.so
=========         Host Frame: SDPSolver::solve(int, double, int, int, int, int, int, double, double, bool) [0x5b109] in libcuadmm_lib.so
=========         Host Frame: main [0x748b] in cuadmm_exe
========= 
========= Uninitialized __global__ memory read of size 16 bytes
=========     at sm90_xmma_syr2k_l_f64f64_f64f64_f64_nt_n_tilesize32x32x32_stage5_warpsize2x2x1_tensor16x8x16_execute_kernel__5x_cublas+0xf80
=========     by thread (76,0,0) in block (0,5,0)
=========     Address 0x14d7fa005ac0
=========     Saved host backtrace up to driver entry point at kernel launch time
=========         Host Frame: cuLaunchKernelEx [0x3c96a9] in libcuda.so.1
=========         Host Frame:  [0x8548032] in libcublasLt.so.12
=========         Host Frame:  [0x85ae553] in libcublasLt.so.12
=========         Host Frame:  [0x387c34f] in libcublasLt.so.12
=========         Host Frame:  [0x384f886] in libcublasLt.so.12
=========         Host Frame:  [0x3d18d93] in libcublasLt.so.12
=========         Host Frame:  [0x3d2c261] in libcublasLt.so.12
=========         Host Frame:  [0xfdea1d] in libcublasLt.so.12
=========         Host Frame:  [0x112bca3] in libcublasLt.so.12
=========         Host Frame: cublasLtDDDMatmul [0x114a3e7] in libcublasLt.so.12
=========         Host Frame:  [0x1ace22] in libcublas.so.12
=========         Host Frame:  [0x1aecf3] in libcublas.so.12
=========         Host Frame:  [0x440eee] in libcublas.so.12
=========         Host Frame: cublasDsyr2k_v2_64 [0xd2931] in libcublas.so.12
=========         Host Frame:  [0x40073e] in libcusolver.so.11
=========         Host Frame:  [0x63a139] in libcusolver.so.11
=========         Host Frame:  [0x63fa56] in libcusolver.so.11
=========         Host Frame:  [0x42abaa] in libcusolver.so.11
=========         Host Frame: cusolverDnXsyevd [0x6575b0] in libcusolver.so.11
=========         Host Frame: void single_eig_cusolver<double>(DeviceSolverDnHandle&, SingleEigParameter&, DeviceDenseVector<double>&, DeviceDenseVector<double>&, DeviceDenseVector<double>&, HostDenseVector<double>&, DeviceDenseVector<int>&, int, unsigned long, unsigned long, int, int, unsigned long, unsigned long, int) [0x6588a] in libcuadmm_lib.so
=========         Host Frame: SDPSolver::solve(int, double, int, int, int, int, int, double, double, bool) [0x5b109] in libcuadmm_lib.so
=========         Host Frame: main [0x748b] in cuadmm_exe
========= 
========= Uninitialized __global__ memory read of size 16 bytes
=========     at sm90_xmma_syr2k_l_f64f64_f64f64_f64_nt_n_tilesize32x32x32_stage5_warpsize2x2x1_tensor16x8x16_execute_kernel__5x_cublas+0xf80
=========     by thread (77,0,0) in block (0,5,0)
=========     Address 0x14d7fa005ad0
=========     Saved host backtrace up to driver entry point at kernel launch time
=========         Host Frame: cuLaunchKernelEx [0x3c96a9] in libcuda.so.1
=========         Host Frame:  [0x8548032] in libcublasLt.so.12
=========         Host Frame:  [0x85ae553] in libcublasLt.so.12
=========         Host Frame:  [0x387c34f] in libcublasLt.so.12
=========         Host Frame:  [0x384f886] in libcublasLt.so.12
=========         Host Frame:  [0x3d18d93] in libcublasLt.so.12
=========         Host Frame:  [0x3d2c261] in libcublasLt.so.12
=========         Host Frame:  [0xfdea1d] in libcublasLt.so.12
=========         Host Frame:  [0x112bca3] in libcublasLt.so.12
=========         Host Frame: cublasLtDDDMatmul [0x114a3e7] in libcublasLt.so.12
=========         Host Frame:  [0x1ace22] in libcublas.so.12
=========         Host Frame:  [0x1aecf3] in libcublas.so.12
=========         Host Frame:  [0x440eee] in libcublas.so.12
=========         Host Frame: cublasDsyr2k_v2_64 [0xd2931] in libcublas.so.12
=========         Host Frame:  [0x40073e] in libcusolver.so.11
=========         Host Frame:  [0x63a139] in libcusolver.so.11
=========         Host Frame:  [0x63fa56] in libcusolver.so.11
=========         Host Frame:  [0x42abaa] in libcusolver.so.11
=========         Host Frame: cusolverDnXsyevd [0x6575b0] in libcusolver.so.11
=========         Host Frame: void single_eig_cusolver<double>(DeviceSolverDnHandle&, SingleEigParameter&, DeviceDenseVector<double>&, DeviceDenseVector<double>&, DeviceDenseVector<double>&, HostDenseVector<double>&, DeviceDenseVector<int>&, int, unsigned long, unsigned long, int, int, unsigned long, unsigned long, int) [0x6588a] in libcuadmm_lib.so
=========         Host Frame: SDPSolver::solve(int, double, int, int, int, int, int, double, double, bool) [0x5b109] in libcuadmm_lib.so
=========         Host Frame: main [0x748b] in cuadmm_exe
========= 
========= Uninitialized __global__ memory read of size 16 bytes
=========     at sm90_xmma_syr2k_l_f64f64_f64f64_f64_nt_n_tilesize32x32x32_stage5_warpsize2x2x1_tensor16x8x16_execute_kernel__5x_cublas+0xf80
=========     by thread (78,0,0) in block (0,5,0)
=========     Address 0x14d7fa005ae0
=========     Saved host backtrace up to driver entry point at kernel launch time
=========         Host Frame: cuLaunchKernelEx [0x3c96a9] in libcuda.so.1
=========         Host Frame:  [0x8548032] in libcublasLt.so.12
=========         Host Frame:  [0x85ae553] in libcublasLt.so.12
=========         Host Frame:  [0x387c34f] in libcublasLt.so.12
=========         Host Frame:  [0x384f886] in libcublasLt.so.12
=========         Host Frame:  [0x3d18d93] in libcublasLt.so.12
=========         Host Frame:  [0x3d2c261] in libcublasLt.so.12
=========         Host Frame:  [0xfdea1d] in libcublasLt.so.12
=========         Host Frame:  [0x112bca3] in libcublasLt.so.12
=========         Host Frame: cublasLtDDDMatmul [0x114a3e7] in libcublasLt.so.12
=========         Host Frame:  [0x1ace22] in libcublas.so.12
=========         Host Frame:  [0x1aecf3] in libcublas.so.12
=========         Host Frame:  [0x440eee] in libcublas.so.12
=========         Host Frame: cublasDsyr2k_v2_64 [0xd2931] in libcublas.so.12
=========         Host Frame:  [0x40073e] in libcusolver.so.11
=========         Host Frame:  [0x63a139] in libcusolver.so.11
=========         Host Frame:  [0x63fa56] in libcusolver.so.11
=========         Host Frame:  [0x42abaa] in libcusolver.so.11
=========         Host Frame: cusolverDnXsyevd [0x6575b0] in libcusolver.so.11
=========         Host Frame: void single_eig_cusolver<double>(DeviceSolverDnHandle&, SingleEigParameter&, DeviceDenseVector<double>&, DeviceDenseVector<double>&, DeviceDenseVector<double>&, HostDenseVector<double>&, DeviceDenseVector<int>&, int, unsigned long, unsigned long, int, int, unsigned long, unsigned long, int) [0x6588a] in libcuadmm_lib.so
=========         Host Frame: SDPSolver::solve(int, double, int, int, int, int, int, double, double, bool) [0x5b109] in libcuadmm_lib.so
=========         Host Frame: main [0x748b] in cuadmm_exe
========= 
========= Uninitialized __global__ memory read of size 16 bytes
=========     at sm90_xmma_syr2k_l_f64f64_f64f64_f64_nt_n_tilesize32x32x32_stage5_warpsize2x2x1_tensor16x8x16_execute_kernel__5x_cublas+0xf80
=========     by thread (79,0,0) in block (0,5,0)
=========     Address 0x14d7fa005af0
=========     Saved host backtrace up to driver entry point at kernel launch time
=========         Host Frame: cuLaunchKernelEx [0x3c96a9] in libcuda.so.1
=========         Host Frame:  [0x8548032] in libcublasLt.so.12
=========         Host Frame:  [0x85ae553] in libcublasLt.so.12
=========         Host Frame:  [0x387c34f] in libcublasLt.so.12
=========         Host Frame:  [0x384f886] in libcublasLt.so.12
=========         Host Frame:  [0x3d18d93] in libcublasLt.so.12
=========         Host Frame:  [0x3d2c261] in libcublasLt.so.12
=========         Host Frame:  [0xfdea1d] in libcublasLt.so.12
=========         Host Frame:  [0x112bca3] in libcublasLt.so.12
=========         Host Frame: cublasLtDDDMatmul [0x114a3e7] in libcublasLt.so.12
=========         Host Frame:  [0x1ace22] in libcublas.so.12
=========         Host Frame:  [0x1aecf3] in libcublas.so.12
=========         Host Frame:  [0x440eee] in libcublas.so.12
=========         Host Frame: cublasDsyr2k_v2_64 [0xd2931] in libcublas.so.12
=========         Host Frame:  [0x40073e] in libcusolver.so.11
=========         Host Frame:  [0x63a139] in libcusolver.so.11
=========         Host Frame:  [0x63fa56] in libcusolver.so.11
=========         Host Frame:  [0x42abaa] in libcusolver.so.11
=========         Host Frame: cusolverDnXsyevd [0x6575b0] in libcusolver.so.11
=========         Host Frame: void single_eig_cusolver<double>(DeviceSolverDnHandle&, SingleEigParameter&, DeviceDenseVector<double>&, DeviceDenseVector<double>&, DeviceDenseVector<double>&, HostDenseVector<double>&, DeviceDenseVector<int>&, int, unsigned long, unsigned long, int, int, unsigned long, unsigned long, int) [0x6588a] in libcuadmm_lib.so
=========         Host Frame: SDPSolver::solve(int, double, int, int, int, int, int, double, double, bool) [0x5b109] in libcuadmm_lib.so
=========         Host Frame: main [0x748b] in cuadmm_exe
========= 
========= Uninitialized __global__ memory read of size 16 bytes
=========     at sm90_xmma_syr2k_l_f64f64_f64f64_f64_nt_n_tilesize32x32x32_stage5_warpsize2x2x1_tensor16x8x16_execute_kernel__5x_cublas+0xf80
=========     by thread (80,0,0) in block (0,5,0)
=========     Address 0x14d7fa006f00
=========     Saved host backtrace up to driver entry point at kernel launch time
=========         Host Frame: cuLaunchKernelEx [0x3c96a9] in libcuda.so.1
=========         Host Frame:  [0x8548032] in libcublasLt.so.12
=========         Host Frame:  [0x85ae553] in libcublasLt.so.12
=========         Host Frame:  [0x387c34f] in libcublasLt.so.12
=========         Host Frame:  [0x384f886] in libcublasLt.so.12
=========         Host Frame:  [0x3d18d93] in libcublasLt.so.12
=========         Host Frame:  [0x3d2c261] in libcublasLt.so.12
=========         Host Frame:  [0xfdea1d] in libcublasLt.so.12
=========         Host Frame:  [0x112bca3] in libcublasLt.so.12
=========         Host Frame: cublasLtDDDMatmul [0x114a3e7] in libcublasLt.so.12
=========         Host Frame:  [0x1ace22] in libcublas.so.12
=========         Host Frame:  [0x1aecf3] in libcublas.so.12
=========         Host Frame:  [0x440eee] in libcublas.so.12
=========         Host Frame: cublasDsyr2k_v2_64 [0xd2931] in libcublas.so.12
=========         Host Frame:  [0x40073e] in libcusolver.so.11
=========         Host Frame:  [0x63a139] in libcusolver.so.11
=========         Host Frame:  [0x63fa56] in libcusolver.so.11
=========         Host Frame:  [0x42abaa] in libcusolver.so.11
=========         Host Frame: cusolverDnXsyevd [0x6575b0] in libcusolver.so.11
=========         Host Frame: void single_eig_cusolver<double>(DeviceSolverDnHandle&, SingleEigParameter&, DeviceDenseVector<double>&, DeviceDenseVector<double>&, DeviceDenseVector<double>&, HostDenseVector<double>&, DeviceDenseVector<int>&, int, unsigned long, unsigned long, int, int, unsigned long, unsigned long, int) [0x6588a] in libcuadmm_lib.so
=========         Host Frame: SDPSolver::solve(int, double, int, int, int, int, int, double, double, bool) [0x5b109] in libcuadmm_lib.so
=========         Host Frame: main [0x748b] in cuadmm_exe
========= 
========= Uninitialized __global__ memory read of size 16 bytes
=========     at sm90_xmma_syr2k_l_f64f64_f64f64_f64_nt_n_tilesize32x32x32_stage5_warpsize2x2x1_tensor16x8x16_execute_kernel__5x_cublas+0xf80
=========     by thread (81,0,0) in block (0,5,0)
=========     Address 0x14d7fa006f10
=========     Saved host backtrace up to driver entry point at kernel launch time
=========         Host Frame: cuLaunchKernelEx [0x3c96a9] in libcuda.so.1
=========         Host Frame:  [0x8548032] in libcublasLt.so.12
=========         Host Frame:  [0x85ae553] in libcublasLt.so.12
=========         Host Frame:  [0x387c34f] in libcublasLt.so.12
=========         Host Frame:  [0x384f886] in libcublasLt.so.12
=========         Host Frame:  [0x3d18d93] in libcublasLt.so.12
=========         Host Frame:  [0x3d2c261] in libcublasLt.so.12
=========         Host Frame:  [0xfdea1d] in libcublasLt.so.12
=========         Host Frame:  [0x112bca3] in libcublasLt.so.12
=========         Host Frame: cublasLtDDDMatmul [0x114a3e7] in libcublasLt.so.12
=========         Host Frame:  [0x1ace22] in libcublas.so.12
=========         Host Frame:  [0x1aecf3] in libcublas.so.12
=========         Host Frame:  [0x440eee] in libcublas.so.12
=========         Host Frame: cublasDsyr2k_v2_64 [0xd2931] in libcublas.so.12
=========         Host Frame:  [0x40073e] in libcusolver.so.11
=========         Host Frame:  [0x63a139] in libcusolver.so.11
=========         Host Frame:  [0x63fa56] in libcusolver.so.11
=========         Host Frame:  [0x42abaa] in libcusolver.so.11
=========         Host Frame: cusolverDnXsyevd [0x6575b0] in libcusolver.so.11
=========         Host Frame: void single_eig_cusolver<double>(DeviceSolverDnHandle&, SingleEigParameter&, DeviceDenseVector<double>&, DeviceDenseVector<double>&, DeviceDenseVector<double>&, HostDenseVector<double>&, DeviceDenseVector<int>&, int, unsigned long, unsigned long, int, int, unsigned long, unsigned long, int) [0x6588a] in libcuadmm_lib.so
=========         Host Frame: SDPSolver::solve(int, double, int, int, int, int, int, double, double, bool) [0x5b109] in libcuadmm_lib.so
=========         Host Frame: main [0x748b] in cuadmm_exe
========= 
========= Uninitialized __global__ memory read of size 16 bytes
=========     at sm90_xmma_syr2k_l_f64f64_f64f64_f64_nt_n_tilesize32x32x32_stage5_warpsize2x2x1_tensor16x8x16_execute_kernel__5x_cublas+0xf80
=========     by thread (82,0,0) in block (0,5,0)
=========     Address 0x14d7fa006f20
=========     Saved host backtrace up to driver entry point at kernel launch time
=========         Host Frame: cuLaunchKernelEx [0x3c96a9] in libcuda.so.1
=========         Host Frame:  [0x8548032] in libcublasLt.so.12
=========         Host Frame:  [0x85ae553] in libcublasLt.so.12
=========         Host Frame:  [0x387c34f] in libcublasLt.so.12
=========         Host Frame:  [0x384f886] in libcublasLt.so.12
=========         Host Frame:  [0x3d18d93] in libcublasLt.so.12
=========         Host Frame:  [0x3d2c261] in libcublasLt.so.12
=========         Host Frame:  [0xfdea1d] in libcublasLt.so.12
=========         Host Frame:  [0x112bca3] in libcublasLt.so.12
=========         Host Frame: cublasLtDDDMatmul [0x114a3e7] in libcublasLt.so.12
=========         Host Frame:  [0x1ace22] in libcublas.so.12
=========         Host Frame:  [0x1aecf3] in libcublas.so.12
=========         Host Frame:  [0x440eee] in libcublas.so.12
=========         Host Frame: cublasDsyr2k_v2_64 [0xd2931] in libcublas.so.12
=========         Host Frame:  [0x40073e] in libcusolver.so.11
=========         Host Frame:  [0x63a139] in libcusolver.so.11
=========         Host Frame:  [0x63fa56] in libcusolver.so.11
=========         Host Frame:  [0x42abaa] in libcusolver.so.11
=========         Host Frame: cusolverDnXsyevd [0x6575b0] in libcusolver.so.11
=========         Host Frame: void single_eig_cusolver<double>(DeviceSolverDnHandle&, SingleEigParameter&, DeviceDenseVector<double>&, DeviceDenseVector<double>&, DeviceDenseVector<double>&, HostDenseVector<double>&, DeviceDenseVector<int>&, int, unsigned long, unsigned long, int, int, unsigned long, unsigned long, int) [0x6588a] in libcuadmm_lib.so
=========         Host Frame: SDPSolver::solve(int, double, int, int, int, int, int, double, double, bool) [0x5b109] in libcuadmm_lib.so
=========         Host Frame: main [0x748b] in cuadmm_exe
========= 
========= Uninitialized __global__ memory read of size 16 bytes
=========     at sm90_xmma_syr2k_l_f64f64_f64f64_f64_nt_n_tilesize32x32x32_stage5_warpsize2x2x1_tensor16x8x16_execute_kernel__5x_cublas+0xf80
=========     by thread (83,0,0) in block (0,5,0)
=========     Address 0x14d7fa006f30
=========     Saved host backtrace up to driver entry point at kernel launch time
=========         Host Frame: cuLaunchKernelEx [0x3c96a9] in libcuda.so.1
=========         Host Frame:  [0x8548032] in libcublasLt.so.12
=========         Host Frame:  [0x85ae553] in libcublasLt.so.12
=========         Host Frame:  [0x387c34f] in libcublasLt.so.12
=========         Host Frame:  [0x384f886] in libcublasLt.so.12
=========         Host Frame:  [0x3d18d93] in libcublasLt.so.12
=========         Host Frame:  [0x3d2c261] in libcublasLt.so.12
=========         Host Frame:  [0xfdea1d] in libcublasLt.so.12
=========         Host Frame:  [0x112bca3] in libcublasLt.so.12
=========         Host Frame: cublasLtDDDMatmul [0x114a3e7] in libcublasLt.so.12
=========         Host Frame:  [0x1ace22] in libcublas.so.12
=========         Host Frame:  [0x1aecf3] in libcublas.so.12
=========         Host Frame:  [0x440eee] in libcublas.so.12
=========         Host Frame: cublasDsyr2k_v2_64 [0xd2931] in libcublas.so.12
=========         Host Frame:  [0x40073e] in libcusolver.so.11
=========         Host Frame:  [0x63a139] in libcusolver.so.11
=========         Host Frame:  [0x63fa56] in libcusolver.so.11
=========         Host Frame:  [0x42abaa] in libcusolver.so.11
=========         Host Frame: cusolverDnXsyevd [0x6575b0] in libcusolver.so.11
=========         Host Frame: void single_eig_cusolver<double>(DeviceSolverDnHandle&, SingleEigParameter&, DeviceDenseVector<double>&, DeviceDenseVector<double>&, DeviceDenseVector<double>&, HostDenseVector<double>&, DeviceDenseVector<int>&, int, unsigned long, unsigned long, int, int, unsigned long, unsigned long, int) [0x6588a] in libcuadmm_lib.so
=========         Host Frame: SDPSolver::solve(int, double, int, int, int, int, int, double, double, bool) [0x5b109] in libcuadmm_lib.so
=========         Host Frame: main [0x748b] in cuadmm_exe
========= 
========= Uninitialized __global__ memory read of size 16 bytes
=========     at sm90_xmma_syr2k_l_f64f64_f64f64_f64_nt_n_tilesize32x32x32_stage5_warpsize2x2x1_tensor16x8x16_execute_kernel__5x_cublas+0xf80
=========     by thread (84,0,0) in block (0,5,0)
=========     Address 0x14d7fa006f40
=========     Saved host backtrace up to driver entry point at kernel launch time
=========         Host Frame: cuLaunchKernelEx [0x3c96a9] in libcuda.so.1
=========         Host Frame:  [0x8548032] in libcublasLt.so.12
=========         Host Frame:  [0x85ae553] in libcublasLt.so.12
=========         Host Frame:  [0x387c34f] in libcublasLt.so.12
=========         Host Frame:  [0x384f886] in libcublasLt.so.12
=========         Host Frame:  [0x3d18d93] in libcublasLt.so.12
=========         Host Frame:  [0x3d2c261] in libcublasLt.so.12
=========         Host Frame:  [0xfdea1d] in libcublasLt.so.12
=========         Host Frame:  [0x112bca3] in libcublasLt.so.12
=========         Host Frame: cublasLtDDDMatmul [0x114a3e7] in libcublasLt.so.12
=========         Host Frame:  [0x1ace22] in libcublas.so.12
=========         Host Frame:  [0x1aecf3] in libcublas.so.12
=========         Host Frame:  [0x440eee] in libcublas.so.12
=========         Host Frame: cublasDsyr2k_v2_64 [0xd2931] in libcublas.so.12
=========         Host Frame:  [0x40073e] in libcusolver.so.11
=========         Host Frame:  [0x63a139] in libcusolver.so.11
=========         Host Frame:  [0x63fa56] in libcusolver.so.11
=========         Host Frame:  [0x42abaa] in libcusolver.so.11
=========         Host Frame: cusolverDnXsyevd [0x6575b0] in libcusolver.so.11
=========         Host Frame: void single_eig_cusolver<double>(DeviceSolverDnHandle&, SingleEigParameter&, DeviceDenseVector<double>&, DeviceDenseVector<double>&, DeviceDenseVector<double>&, HostDenseVector<double>&, DeviceDenseVector<int>&, int, unsigned long, unsigned long, int, int, unsigned long, unsigned long, int) [0x6588a] in libcuadmm_lib.so
=========         Host Frame: SDPSolver::solve(int, double, int, int, int, int, int, double, double, bool) [0x5b109] in libcuadmm_lib.so
=========         Host Frame: main [0x748b] in cuadmm_exe
========= 
========= Uninitialized __global__ memory read of size 16 bytes
=========     at sm90_xmma_syr2k_l_f64f64_f64f64_f64_nt_n_tilesize32x32x32_stage5_warpsize2x2x1_tensor16x8x16_execute_kernel__5x_cublas+0xf80
=========     by thread (85,0,0) in block (0,5,0)
=========     Address 0x14d7fa006f50
=========     Saved host backtrace up to driver entry point at kernel launch time
=========         Host Frame: cuLaunchKernelEx [0x3c96a9] in libcuda.so.1
=========         Host Frame:  [0x8548032] in libcublasLt.so.12
=========         Host Frame:  [0x85ae553] in libcublasLt.so.12
=========         Host Frame:  [0x387c34f] in libcublasLt.so.12
=========         Host Frame:  [0x384f886] in libcublasLt.so.12
=========         Host Frame:  [0x3d18d93] in libcublasLt.so.12
=========         Host Frame:  [0x3d2c261] in libcublasLt.so.12
=========         Host Frame:  [0xfdea1d] in libcublasLt.so.12
=========         Host Frame:  [0x112bca3] in libcublasLt.so.12
=========         Host Frame: cublasLtDDDMatmul [0x114a3e7] in libcublasLt.so.12
=========         Host Frame:  [0x1ace22] in libcublas.so.12
=========         Host Frame:  [0x1aecf3] in libcublas.so.12
=========         Host Frame:  [0x440eee] in libcublas.so.12
=========         Host Frame: cublasDsyr2k_v2_64 [0xd2931] in libcublas.so.12
=========         Host Frame:  [0x40073e] in libcusolver.so.11
=========         Host Frame:  [0x63a139] in libcusolver.so.11
=========         Host Frame:  [0x63fa56] in libcusolver.so.11
=========         Host Frame:  [0x42abaa] in libcusolver.so.11
=========         Host Frame: cusolverDnXsyevd [0x6575b0] in libcusolver.so.11
=========         Host Frame: void single_eig_cusolver<double>(DeviceSolverDnHandle&, SingleEigParameter&, DeviceDenseVector<double>&, DeviceDenseVector<double>&, DeviceDenseVector<double>&, HostDenseVector<double>&, DeviceDenseVector<int>&, int, unsigned long, unsigned long, int, int, unsigned long, unsigned long, int) [0x6588a] in libcuadmm_lib.so
=========         Host Frame: SDPSolver::solve(int, double, int, int, int, int, int, double, double, bool) [0x5b109] in libcuadmm_lib.so
=========         Host Frame: main [0x748b] in cuadmm_exe
========= 
========= Uninitialized __global__ memory read of size 16 bytes
=========     at sm90_xmma_syr2k_l_f64f64_f64f64_f64_nt_n_tilesize32x32x32_stage5_warpsize2x2x1_tensor16x8x16_execute_kernel__5x_cublas+0xf80
=========     by thread (86,0,0) in block (0,5,0)
=========     Address 0x14d7fa006f60
=========     Saved host backtrace up to driver entry point at kernel launch time
=========         Host Frame: cuLaunchKernelEx [0x3c96a9] in libcuda.so.1
=========         Host Frame:  [0x8548032] in libcublasLt.so.12
=========         Host Frame:  [0x85ae553] in libcublasLt.so.12
=========         Host Frame:  [0x387c34f] in libcublasLt.so.12
=========         Host Frame:  [0x384f886] in libcublasLt.so.12
=========         Host Frame:  [0x3d18d93] in libcublasLt.so.12
=========         Host Frame:  [0x3d2c261] in libcublasLt.so.12
=========         Host Frame:  [0xfdea1d] in libcublasLt.so.12
=========         Host Frame:  [0x112bca3] in libcublasLt.so.12
=========         Host Frame: cublasLtDDDMatmul [0x114a3e7] in libcublasLt.so.12
=========         Host Frame:  [0x1ace22] in libcublas.so.12
=========         Host Frame:  [0x1aecf3] in libcublas.so.12
=========         Host Frame:  [0x440eee] in libcublas.so.12
=========         Host Frame: cublasDsyr2k_v2_64 [0xd2931] in libcublas.so.12
=========         Host Frame:  [0x40073e] in libcusolver.so.11
=========         Host Frame:  [0x63a139] in libcusolver.so.11
=========         Host Frame:  [0x63fa56] in libcusolver.so.11
=========         Host Frame:  [0x42abaa] in libcusolver.so.11
=========         Host Frame: cusolverDnXsyevd [0x6575b0] in libcusolver.so.11
=========         Host Frame: void single_eig_cusolver<double>(DeviceSolverDnHandle&, SingleEigParameter&, DeviceDenseVector<double>&, DeviceDenseVector<double>&, DeviceDenseVector<double>&, HostDenseVector<double>&, DeviceDenseVector<int>&, int, unsigned long, unsigned long, int, int, unsigned long, unsigned long, int) [0x6588a] in libcuadmm_lib.so
=========         Host Frame: SDPSolver::solve(int, double, int, int, int, int, int, double, double, bool) [0x5b109] in libcuadmm_lib.so
=========         Host Frame: main [0x748b] in cuadmm_exe
========= 
========= Uninitialized __global__ memory read of size 16 bytes
=========     at sm90_xmma_syr2k_l_f64f64_f64f64_f64_nt_n_tilesize32x32x32_stage5_warpsize2x2x1_tensor16x8x16_execute_kernel__5x_cublas+0xf80
=========     by thread (87,0,0) in block (0,5,0)
=========     Address 0x14d7fa006f70
=========     Saved host backtrace up to driver entry point at kernel launch time
=========         Host Frame: cuLaunchKernelEx [0x3c96a9] in libcuda.so.1
=========         Host Frame:  [0x8548032] in libcublasLt.so.12
=========         Host Frame:  [0x85ae553] in libcublasLt.so.12
=========         Host Frame:  [0x387c34f] in libcublasLt.so.12
=========         Host Frame:  [0x384f886] in libcublasLt.so.12
=========         Host Frame:  [0x3d18d93] in libcublasLt.so.12
=========         Host Frame:  [0x3d2c261] in libcublasLt.so.12
=========         Host Frame:  [0xfdea1d] in libcublasLt.so.12
=========         Host Frame:  [0x112bca3] in libcublasLt.so.12
=========         Host Frame: cublasLtDDDMatmul [0x114a3e7] in libcublasLt.so.12
=========         Host Frame:  [0x1ace22] in libcublas.so.12
=========         Host Frame:  [0x1aecf3] in libcublas.so.12
=========         Host Frame:  [0x440eee] in libcublas.so.12
=========         Host Frame: cublasDsyr2k_v2_64 [0xd2931] in libcublas.so.12
=========         Host Frame:  [0x40073e] in libcusolver.so.11
=========         Host Frame:  [0x63a139] in libcusolver.so.11
=========         Host Frame:  [0x63fa56] in libcusolver.so.11
=========         Host Frame:  [0x42abaa] in libcusolver.so.11
=========         Host Frame: cusolverDnXsyevd [0x6575b0] in libcusolver.so.11
=========         Host Frame: void single_eig_cusolver<double>(DeviceSolverDnHandle&, SingleEigParameter&, DeviceDenseVector<double>&, DeviceDenseVector<double>&, DeviceDenseVector<double>&, HostDenseVector<double>&, DeviceDenseVector<int>&, int, unsigned long, unsigned long, int, int, unsigned long, unsigned long, int) [0x6588a] in libcuadmm_lib.so
=========         Host Frame: SDPSolver::solve(int, double, int, int, int, int, int, double, double, bool) [0x5b109] in libcuadmm_lib.so
=========         Host Frame: main [0x748b] in cuadmm_exe
========= 
========= Uninitialized __global__ memory read of size 16 bytes
=========     at sm90_xmma_syr2k_l_f64f64_f64f64_f64_nt_n_tilesize32x32x32_stage5_warpsize2x2x1_tensor16x8x16_execute_kernel__5x_cublas+0xf80
=========     by thread (88,0,0) in block (0,5,0)
=========     Address 0x14d7fa006f80
=========     Saved host backtrace up to driver entry point at kernel launch time
=========         Host Frame: cuLaunchKernelEx [0x3c96a9] in libcuda.so.1
=========         Host Frame:  [0x8548032] in libcublasLt.so.12
=========         Host Frame:  [0x85ae553] in libcublasLt.so.12
=========         Host Frame:  [0x387c34f] in libcublasLt.so.12
=========         Host Frame:  [0x384f886] in libcublasLt.so.12
=========         Host Frame:  [0x3d18d93] in libcublasLt.so.12
=========         Host Frame:  [0x3d2c261] in libcublasLt.so.12
=========         Host Frame:  [0xfdea1d] in libcublasLt.so.12
=========         Host Frame:  [0x112bca3] in libcublasLt.so.12
=========         Host Frame: cublasLtDDDMatmul [0x114a3e7] in libcublasLt.so.12
=========         Host Frame:  [0x1ace22] in libcublas.so.12
=========         Host Frame:  [0x1aecf3] in libcublas.so.12
=========         Host Frame:  [0x440eee] in libcublas.so.12
=========         Host Frame: cublasDsyr2k_v2_64 [0xd2931] in libcublas.so.12
=========         Host Frame:  [0x40073e] in libcusolver.so.11
=========         Host Frame:  [0x63a139] in libcusolver.so.11
=========         Host Frame:  [0x63fa56] in libcusolver.so.11
=========         Host Frame:  [0x42abaa] in libcusolver.so.11
=========         Host Frame: cusolverDnXsyevd [0x6575b0] in libcusolver.so.11
=========         Host Frame: void single_eig_cusolver<double>(DeviceSolverDnHandle&, SingleEigParameter&, DeviceDenseVector<double>&, DeviceDenseVector<double>&, DeviceDenseVector<double>&, HostDenseVector<double>&, DeviceDenseVector<int>&, int, unsigned long, unsigned long, int, int, unsigned long, unsigned long, int) [0x6588a] in libcuadmm_lib.so
=========         Host Frame: SDPSolver::solve(int, double, int, int, int, int, int, double, double, bool) [0x5b109] in libcuadmm_lib.so
=========         Host Frame: main [0x748b] in cuadmm_exe
========= 
========= Uninitialized __global__ memory read of size 16 bytes
=========     at sm90_xmma_syr2k_l_f64f64_f64f64_f64_nt_n_tilesize32x32x32_stage5_warpsize2x2x1_tensor16x8x16_execute_kernel__5x_cublas+0xf80
=========     by thread (89,0,0) in block (0,5,0)
=========     Address 0x14d7fa006f90
=========     Saved host backtrace up to driver entry point at kernel launch time
=========         Host Frame: cuLaunchKernelEx [0x3c96a9] in libcuda.so.1
=========         Host Frame:  [0x8548032] in libcublasLt.so.12
=========         Host Frame:  [0x85ae553] in libcublasLt.so.12
=========         Host Frame:  [0x387c34f] in libcublasLt.so.12
=========         Host Frame:  [0x384f886] in libcublasLt.so.12
=========         Host Frame:  [0x3d18d93] in libcublasLt.so.12
=========         Host Frame:  [0x3d2c261] in libcublasLt.so.12
=========         Host Frame:  [0xfdea1d] in libcublasLt.so.12
=========         Host Frame:  [0x112bca3] in libcublasLt.so.12
=========         Host Frame: cublasLtDDDMatmul [0x114a3e7] in libcublasLt.so.12
=========         Host Frame:  [0x1ace22] in libcublas.so.12
=========         Host Frame:  [0x1aecf3] in libcublas.so.12
=========         Host Frame:  [0x440eee] in libcublas.so.12
=========         Host Frame: cublasDsyr2k_v2_64 [0xd2931] in libcublas.so.12
=========         Host Frame:  [0x40073e] in libcusolver.so.11
=========         Host Frame:  [0x63a139] in libcusolver.so.11
=========         Host Frame:  [0x63fa56] in libcusolver.so.11
=========         Host Frame:  [0x42abaa] in libcusolver.so.11
=========         Host Frame: cusolverDnXsyevd [0x6575b0] in libcusolver.so.11
=========         Host Frame: void single_eig_cusolver<double>(DeviceSolverDnHandle&, SingleEigParameter&, DeviceDenseVector<double>&, DeviceDenseVector<double>&, DeviceDenseVector<double>&, HostDenseVector<double>&, DeviceDenseVector<int>&, int, unsigned long, unsigned long, int, int, unsigned long, unsigned long, int) [0x6588a] in libcuadmm_lib.so
=========         Host Frame: SDPSolver::solve(int, double, int, int, int, int, int, double, double, bool) [0x5b109] in libcuadmm_lib.so
=========         Host Frame: main [0x748b] in cuadmm_exe
========= 
========= Uninitialized __global__ memory read of size 16 bytes
=========     at sm90_xmma_syr2k_l_f64f64_f64f64_f64_nt_n_tilesize32x32x32_stage5_warpsize2x2x1_tensor16x8x16_execute_kernel__5x_cublas+0xf80
=========     by thread (90,0,0) in block (0,5,0)
=========     Address 0x14d7fa006fa0
=========     Saved host backtrace up to driver entry point at kernel launch time
=========         Host Frame: cuLaunchKernelEx [0x3c96a9] in libcuda.so.1
=========         Host Frame:  [0x8548032] in libcublasLt.so.12
=========         Host Frame:  [0x85ae553] in libcublasLt.so.12
=========         Host Frame:  [0x387c34f] in libcublasLt.so.12
=========         Host Frame:  [0x384f886] in libcublasLt.so.12
=========         Host Frame:  [0x3d18d93] in libcublasLt.so.12
=========         Host Frame:  [0x3d2c261] in libcublasLt.so.12
=========         Host Frame:  [0xfdea1d] in libcublasLt.so.12
=========         Host Frame:  [0x112bca3] in libcublasLt.so.12
=========         Host Frame: cublasLtDDDMatmul [0x114a3e7] in libcublasLt.so.12
=========         Host Frame:  [0x1ace22] in libcublas.so.12
=========         Host Frame:  [0x1aecf3] in libcublas.so.12
=========         Host Frame:  [0x440eee] in libcublas.so.12
=========         Host Frame: cublasDsyr2k_v2_64 [0xd2931] in libcublas.so.12
=========         Host Frame:  [0x40073e] in libcusolver.so.11
=========         Host Frame:  [0x63a139] in libcusolver.so.11
=========         Host Frame:  [0x63fa56] in libcusolver.so.11
=========         Host Frame:  [0x42abaa] in libcusolver.so.11
=========         Host Frame: cusolverDnXsyevd [0x6575b0] in libcusolver.so.11
=========         Host Frame: void single_eig_cusolver<double>(DeviceSolverDnHandle&, SingleEigParameter&, DeviceDenseVector<double>&, DeviceDenseVector<double>&, DeviceDenseVector<double>&, HostDenseVector<double>&, DeviceDenseVector<int>&, int, unsigned long, unsigned long, int, int, unsigned long, unsigned long, int) [0x6588a] in libcuadmm_lib.so
=========         Host Frame: SDPSolver::solve(int, double, int, int, int, int, int, double, double, bool) [0x5b109] in libcuadmm_lib.so
=========         Host Frame: main [0x748b] in cuadmm_exe
========= 
========= Uninitialized __global__ memory read of size 16 bytes
=========     at sm90_xmma_syr2k_l_f64f64_f64f64_f64_nt_n_tilesize32x32x32_stage5_warpsize2x2x1_tensor16x8x16_execute_kernel__5x_cublas+0xf80
=========     by thread (91,0,0) in block (0,5,0)
=========     Address 0x14d7fa006fb0
=========     Saved host backtrace up to driver entry point at kernel launch time
=========         Host Frame: cuLaunchKernelEx [0x3c96a9] in libcuda.so.1
=========         Host Frame:  [0x8548032] in libcublasLt.so.12
=========         Host Frame:  [0x85ae553] in libcublasLt.so.12
=========         Host Frame:  [0x387c34f] in libcublasLt.so.12
=========         Host Frame:  [0x384f886] in libcublasLt.so.12
=========         Host Frame:  [0x3d18d93] in libcublasLt.so.12
=========         Host Frame:  [0x3d2c261] in libcublasLt.so.12
=========         Host Frame:  [0xfdea1d] in libcublasLt.so.12
=========         Host Frame:  [0x112bca3] in libcublasLt.so.12
=========         Host Frame: cublasLtDDDMatmul [0x114a3e7] in libcublasLt.so.12
=========         Host Frame:  [0x1ace22] in libcublas.so.12
=========         Host Frame:  [0x1aecf3] in libcublas.so.12
=========         Host Frame:  [0x440eee] in libcublas.so.12
=========         Host Frame: cublasDsyr2k_v2_64 [0xd2931] in libcublas.so.12
=========         Host Frame:  [0x40073e] in libcusolver.so.11
=========         Host Frame:  [0x63a139] in libcusolver.so.11
=========         Host Frame:  [0x63fa56] in libcusolver.so.11
=========         Host Frame:  [0x42abaa] in libcusolver.so.11
=========         Host Frame: cusolverDnXsyevd [0x6575b0] in libcusolver.so.11
=========         Host Frame: void single_eig_cusolver<double>(DeviceSolverDnHandle&, SingleEigParameter&, DeviceDenseVector<double>&, DeviceDenseVector<double>&, DeviceDenseVector<double>&, HostDenseVector<double>&, DeviceDenseVector<int>&, int, unsigned long, unsigned long, int, int, unsigned long, unsigned long, int) [0x6588a] in libcuadmm_lib.so
=========         Host Frame: SDPSolver::solve(int, double, int, int, int, int, int, double, double, bool) [0x5b109] in libcuadmm_lib.so
=========         Host Frame: main [0x748b] in cuadmm_exe
========= 
========= Uninitialized __global__ memory read of size 16 bytes
=========     at sm90_xmma_syr2k_l_f64f64_f64f64_f64_nt_n_tilesize32x32x32_stage5_warpsize2x2x1_tensor16x8x16_execute_kernel__5x_cublas+0xf80
=========     by thread (92,0,0) in block (0,5,0)
=========     Address 0x14d7fa006fc0
=========     Saved host backtrace up to driver entry point at kernel launch time
=========         Host Frame: cuLaunchKernelEx [0x3c96a9] in libcuda.so.1
=========         Host Frame:  [0x8548032] in libcublasLt.so.12
=========         Host Frame:  [0x85ae553] in libcublasLt.so.12
=========         Host Frame:  [0x387c34f] in libcublasLt.so.12
=========         Host Frame:  [0x384f886] in libcublasLt.so.12
=========         Host Frame:  [0x3d18d93] in libcublasLt.so.12
=========         Host Frame:  [0x3d2c261] in libcublasLt.so.12
=========         Host Frame:  [0xfdea1d] in libcublasLt.so.12
=========         Host Frame:  [0x112bca3] in libcublasLt.so.12
=========         Host Frame: cublasLtDDDMatmul [0x114a3e7] in libcublasLt.so.12
=========         Host Frame:  [0x1ace22] in libcublas.so.12
=========         Host Frame:  [0x1aecf3] in libcublas.so.12
=========         Host Frame:  [0x440eee] in libcublas.so.12
=========         Host Frame: cublasDsyr2k_v2_64 [0xd2931] in libcublas.so.12
=========         Host Frame:  [0x40073e] in libcusolver.so.11
=========         Host Frame:  [0x63a139] in libcusolver.so.11
=========         Host Frame:  [0x63fa56] in libcusolver.so.11
=========         Host Frame:  [0x42abaa] in libcusolver.so.11
=========         Host Frame: cusolverDnXsyevd [0x6575b0] in libcusolver.so.11
=========         Host Frame: void single_eig_cusolver<double>(DeviceSolverDnHandle&, SingleEigParameter&, DeviceDenseVector<double>&, DeviceDenseVector<double>&, DeviceDenseVector<double>&, HostDenseVector<double>&, DeviceDenseVector<int>&, int, unsigned long, unsigned long, int, int, unsigned long, unsigned long, int) [0x6588a] in libcuadmm_lib.so
=========         Host Frame: SDPSolver::solve(int, double, int, int, int, int, int, double, double, bool) [0x5b109] in libcuadmm_lib.so
=========         Host Frame: main [0x748b] in cuadmm_exe
========= 
========= Uninitialized __global__ memory read of size 16 bytes
=========     at sm90_xmma_syr2k_l_f64f64_f64f64_f64_nt_n_tilesize32x32x32_stage5_warpsize2x2x1_tensor16x8x16_execute_kernel__5x_cublas+0xf80
=========     by thread (93,0,0) in block (0,5,0)
=========     Address 0x14d7fa006fd0
=========     Saved host backtrace up to driver entry point at kernel launch time
=========         Host Frame: cuLaunchKernelEx [0x3c96a9] in libcuda.so.1
=========         Host Frame:  [0x8548032] in libcublasLt.so.12
=========         Host Frame:  [0x85ae553] in libcublasLt.so.12
=========         Host Frame:  [0x387c34f] in libcublasLt.so.12
=========         Host Frame:  [0x384f886] in libcublasLt.so.12
=========         Host Frame:  [0x3d18d93] in libcublasLt.so.12
=========         Host Frame:  [0x3d2c261] in libcublasLt.so.12
=========         Host Frame:  [0xfdea1d] in libcublasLt.so.12
=========         Host Frame:  [0x112bca3] in libcublasLt.so.12
=========         Host Frame: cublasLtDDDMatmul [0x114a3e7] in libcublasLt.so.12
=========         Host Frame:  [0x1ace22] in libcublas.so.12
=========         Host Frame:  [0x1aecf3] in libcublas.so.12
=========         Host Frame:  [0x440eee] in libcublas.so.12
=========         Host Frame: cublasDsyr2k_v2_64 [0xd2931] in libcublas.so.12
=========         Host Frame:  [0x40073e] in libcusolver.so.11
=========         Host Frame:  [0x63a139] in libcusolver.so.11
=========         Host Frame:  [0x63fa56] in libcusolver.so.11
=========         Host Frame:  [0x42abaa] in libcusolver.so.11
=========         Host Frame: cusolverDnXsyevd [0x6575b0] in libcusolver.so.11
=========         Host Frame: void single_eig_cusolver<double>(DeviceSolverDnHandle&, SingleEigParameter&, DeviceDenseVector<double>&, DeviceDenseVector<double>&, DeviceDenseVector<double>&, HostDenseVector<double>&, DeviceDenseVector<int>&, int, unsigned long, unsigned long, int, int, unsigned long, unsigned long, int) [0x6588a] in libcuadmm_lib.so
=========         Host Frame: SDPSolver::solve(int, double, int, int, int, int, int, double, double, bool) [0x5b109] in libcuadmm_lib.so
=========         Host Frame: main [0x748b] in cuadmm_exe
========= 
========= Uninitialized __global__ memory read of size 16 bytes
=========     at sm90_xmma_syr2k_l_f64f64_f64f64_f64_nt_n_tilesize32x32x32_stage5_warpsize2x2x1_tensor16x8x16_execute_kernel__5x_cublas+0xf80
=========     by thread (94,0,0) in block (0,5,0)
=========     Address 0x14d7fa006fe0
=========     Saved host backtrace up to driver entry point at kernel launch time
=========         Host Frame: cuLaunchKernelEx [0x3c96a9] in libcuda.so.1
=========         Host Frame:  [0x8548032] in libcublasLt.so.12
=========         Host Frame:  [0x85ae553] in libcublasLt.so.12
=========         Host Frame:  [0x387c34f] in libcublasLt.so.12
=========         Host Frame:  [0x384f886] in libcublasLt.so.12
=========         Host Frame:  [0x3d18d93] in libcublasLt.so.12
=========         Host Frame:  [0x3d2c261] in libcublasLt.so.12
=========         Host Frame:  [0xfdea1d] in libcublasLt.so.12
=========         Host Frame:  [0x112bca3] in libcublasLt.so.12
=========         Host Frame: cublasLtDDDMatmul [0x114a3e7] in libcublasLt.so.12
=========         Host Frame:  [0x1ace22] in libcublas.so.12
=========         Host Frame:  [0x1aecf3] in libcublas.so.12
=========         Host Frame:  [0x440eee] in libcublas.so.12
=========         Host Frame: cublasDsyr2k_v2_64 [0xd2931] in libcublas.so.12
=========         Host Frame:  [0x40073e] in libcusolver.so.11
=========         Host Frame:  [0x63a139] in libcusolver.so.11
=========         Host Frame:  [0x63fa56] in libcusolver.so.11
=========         Host Frame:  [0x42abaa] in libcusolver.so.11
=========         Host Frame: cusolverDnXsyevd [0x6575b0] in libcusolver.so.11
=========         Host Frame: void single_eig_cusolver<double>(DeviceSolverDnHandle&, SingleEigParameter&, DeviceDenseVector<double>&, DeviceDenseVector<double>&, DeviceDenseVector<double>&, HostDenseVector<double>&, DeviceDenseVector<int>&, int, unsigned long, unsigned long, int, int, unsigned long, unsigned long, int) [0x6588a] in libcuadmm_lib.so
=========         Host Frame: SDPSolver::solve(int, double, int, int, int, int, int, double, double, bool) [0x5b109] in libcuadmm_lib.so
=========         Host Frame: main [0x748b] in cuadmm_exe
========= 
========= Uninitialized __global__ memory read of size 16 bytes
=========     at sm90_xmma_syr2k_l_f64f64_f64f64_f64_nt_n_tilesize32x32x32_stage5_warpsize2x2x1_tensor16x8x16_execute_kernel__5x_cublas+0xf80
=========     by thread (95,0,0) in block (0,5,0)
=========     Address 0x14d7fa006ff0
=========     Saved host backtrace up to driver entry point at kernel launch time
=========         Host Frame: cuLaunchKernelEx [0x3c96a9] in libcuda.so.1
=========         Host Frame:  [0x8548032] in libcublasLt.so.12
=========         Host Frame:  [0x85ae553] in libcublasLt.so.12
=========         Host Frame:  [0x387c34f] in libcublasLt.so.12
=========         Host Frame:  [0x384f886] in libcublasLt.so.12
=========         Host Frame:  [0x3d18d93] in libcublasLt.so.12
=========         Host Frame:  [0x3d2c261] in libcublasLt.so.12
=========         Host Frame:  [0xfdea1d] in libcublasLt.so.12
=========         Host Frame:  [0x112bca3] in libcublasLt.so.12
=========         Host Frame: cublasLtDDDMatmul [0x114a3e7] in libcublasLt.so.12
=========         Host Frame:  [0x1ace22] in libcublas.so.12
=========         Host Frame:  [0x1aecf3] in libcublas.so.12
=========         Host Frame:  [0x440eee] in libcublas.so.12
=========         Host Frame: cublasDsyr2k_v2_64 [0xd2931] in libcublas.so.12
=========         Host Frame:  [0x40073e] in libcusolver.so.11
=========         Host Frame:  [0x63a139] in libcusolver.so.11
=========         Host Frame:  [0x63fa56] in libcusolver.so.11
=========         Host Frame:  [0x42abaa] in libcusolver.so.11
=========         Host Frame: cusolverDnXsyevd [0x6575b0] in libcusolver.so.11
=========         Host Frame: void single_eig_cusolver<double>(DeviceSolverDnHandle&, SingleEigParameter&, DeviceDenseVector<double>&, DeviceDenseVector<double>&, DeviceDenseVector<double>&, HostDenseVector<double>&, DeviceDenseVector<int>&, int, unsigned long, unsigned long, int, int, unsigned long, unsigned long, int) [0x6588a] in libcuadmm_lib.so
=========         Host Frame: SDPSolver::solve(int, double, int, int, int, int, int, double, double, bool) [0x5b109] in libcuadmm_lib.so
=========         Host Frame: main [0x748b] in cuadmm_exe
========= 
========= Uninitialized __global__ memory read of size 16 bytes
=========     at sm90_xmma_syr2k_l_f64f64_f64f64_f64_nt_n_tilesize32x32x32_stage5_warpsize2x2x1_tensor16x8x16_execute_kernel__5x_cublas+0xf80
=========     by thread (64,0,0) in block (4,11,0)
=========     Address 0x14d7fa006000
=========     Saved host backtrace up to driver entry point at kernel launch time
=========         Host Frame: cuLaunchKernelEx [0x3c96a9] in libcuda.so.1
=========         Host Frame:  [0x8548032] in libcublasLt.so.12
=========         Host Frame:  [0x85ae553] in libcublasLt.so.12
=========         Host Frame:  [0x387c34f] in libcublasLt.so.12
=========         Host Frame:  [0x384f886] in libcublasLt.so.12
=========         Host Frame:  [0x3d18d93] in libcublasLt.so.12
=========         Host Frame:  [0x3d2c261] in libcublasLt.so.12
=========         Host Frame:  [0xfdea1d] in libcublasLt.so.12
=========         Host Frame:  [0x112bca3] in libcublasLt.so.12
=========         Host Frame: cublasLtDDDMatmul [0x114a3e7] in libcublasLt.so.12
=========         Host Frame:  [0x1ace22] in libcublas.so.12
=========         Host Frame:  [0x1aecf3] in libcublas.so.12
=========         Host Frame:  [0x440eee] in libcublas.so.12
=========         Host Frame: cublasDsyr2k_v2_64 [0xd2931] in libcublas.so.12
=========         Host Frame:  [0x40073e] in libcusolver.so.11
=========         Host Frame:  [0x63a139] in libcusolver.so.11
=========         Host Frame:  [0x63fa56] in libcusolver.so.11
=========         Host Frame:  [0x42abaa] in libcusolver.so.11
=========         Host Frame: cusolverDnXsyevd [0x6575b0] in libcusolver.so.11
=========         Host Frame: void single_eig_cusolver<double>(DeviceSolverDnHandle&, SingleEigParameter&, DeviceDenseVector<double>&, DeviceDenseVector<double>&, DeviceDenseVector<double>&, HostDenseVector<double>&, DeviceDenseVector<int>&, int, unsigned long, unsigned long, int, int, unsigned long, unsigned long, int) [0x6588a] in libcuadmm_lib.so
=========         Host Frame: SDPSolver::solve(int, double, int, int, int, int, int, double, double, bool) [0x5b109] in libcuadmm_lib.so
=========         Host Frame: main [0x748b] in cuadmm_exe
========= 
========= Uninitialized __global__ memory read of size 16 bytes
=========     at sm90_xmma_syr2k_l_f64f64_f64f64_f64_nt_n_tilesize32x32x32_stage5_warpsize2x2x1_tensor16x8x16_execute_kernel__5x_cublas+0xf80
=========     by thread (65,0,0) in block (4,11,0)
=========     Address 0x14d7fa006010
=========     Saved host backtrace up to driver entry point at kernel launch time
=========         Host Frame: cuLaunchKernelEx [0x3c96a9] in libcuda.so.1
=========         Host Frame:  [0x8548032] in libcublasLt.so.12
=========         Host Frame:  [0x85ae553] in libcublasLt.so.12
=========         Host Frame:  [0x387c34f] in libcublasLt.so.12
=========         Host Frame:  [0x384f886] in libcublasLt.so.12
=========         Host Frame:  [0x3d18d93] in libcublasLt.so.12
=========         Host Frame:  [0x3d2c261] in libcublasLt.so.12
=========         Host Frame:  [0xfdea1d] in libcublasLt.so.12
=========         Host Frame:  [0x112bca3] in libcublasLt.so.12
=========         Host Frame: cublasLtDDDMatmul [0x114a3e7] in libcublasLt.so.12
=========         Host Frame:  [0x1ace22] in libcublas.so.12
=========         Host Frame:  [0x1aecf3] in libcublas.so.12
=========         Host Frame:  [0x440eee] in libcublas.so.12
=========         Host Frame: cublasDsyr2k_v2_64 [0xd2931] in libcublas.so.12
=========         Host Frame:  [0x40073e] in libcusolver.so.11
=========         Host Frame:  [0x63a139] in libcusolver.so.11
=========         Host Frame:  [0x63fa56] in libcusolver.so.11
=========         Host Frame:  [0x42abaa] in libcusolver.so.11
=========         Host Frame: cusolverDnXsyevd [0x6575b0] in libcusolver.so.11
=========         Host Frame: void single_eig_cusolver<double>(DeviceSolverDnHandle&, SingleEigParameter&, DeviceDenseVector<double>&, DeviceDenseVector<double>&, DeviceDenseVector<double>&, HostDenseVector<double>&, DeviceDenseVector<int>&, int, unsigned long, unsigned long, int, int, unsigned long, unsigned long, int) [0x6588a] in libcuadmm_lib.so
=========         Host Frame: SDPSolver::solve(int, double, int, int, int, int, int, double, double, bool) [0x5b109] in libcuadmm_lib.so
=========         Host Frame: main [0x748b] in cuadmm_exe
========= 
========= Uninitialized __global__ memory read of size 16 bytes
=========     at sm90_xmma_syr2k_l_f64f64_f64f64_f64_nt_n_tilesize32x32x32_stage5_warpsize2x2x1_tensor16x8x16_execute_kernel__5x_cublas+0xf80
=========     by thread (66,0,0) in block (4,11,0)
=========     Address 0x14d7fa006020
=========     Saved host backtrace up to driver entry point at kernel launch time
=========         Host Frame: cuLaunchKernelEx [0x3c96a9] in libcuda.so.1
=========         Host Frame:  [0x8548032] in libcublasLt.so.12
=========         Host Frame:  [0x85ae553] in libcublasLt.so.12
=========         Host Frame:  [0x387c34f] in libcublasLt.so.12
=========         Host Frame:  [0x384f886] in libcublasLt.so.12
=========         Host Frame:  [0x3d18d93] in libcublasLt.so.12
=========         Host Frame:  [0x3d2c261] in libcublasLt.so.12
=========         Host Frame:  [0xfdea1d] in libcublasLt.so.12
=========         Host Frame:  [0x112bca3] in libcublasLt.so.12
=========         Host Frame: cublasLtDDDMatmul [0x114a3e7] in libcublasLt.so.12
=========         Host Frame:  [0x1ace22] in libcublas.so.12
=========         Host Frame:  [0x1aecf3] in libcublas.so.12
=========         Host Frame:  [0x440eee] in libcublas.so.12
=========         Host Frame: cublasDsyr2k_v2_64 [0xd2931] in libcublas.so.12
=========         Host Frame:  [0x40073e] in libcusolver.so.11
=========         Host Frame:  [0x63a139] in libcusolver.so.11
=========         Host Frame:  [0x63fa56] in libcusolver.so.11
=========         Host Frame:  [0x42abaa] in libcusolver.so.11
=========         Host Frame: cusolverDnXsyevd [0x6575b0] in libcusolver.so.11
=========         Host Frame: void single_eig_cusolver<double>(DeviceSolverDnHandle&, SingleEigParameter&, DeviceDenseVector<double>&, DeviceDenseVector<double>&, DeviceDenseVector<double>&, HostDenseVector<double>&, DeviceDenseVector<int>&, int, unsigned long, unsigned long, int, int, unsigned long, unsigned long, int) [0x6588a] in libcuadmm_lib.so
=========         Host Frame: SDPSolver::solve(int, double, int, int, int, int, int, double, double, bool) [0x5b109] in libcuadmm_lib.so
=========         Host Frame: main [0x748b] in cuadmm_exe
========= 
========= Uninitialized __global__ memory read of size 16 bytes
=========     at sm90_xmma_syr2k_l_f64f64_f64f64_f64_nt_n_tilesize32x32x32_stage5_warpsize2x2x1_tensor16x8x16_execute_kernel__5x_cublas+0xf80
=========     by thread (67,0,0) in block (4,11,0)
=========     Address 0x14d7fa006030
=========     Saved host backtrace up to driver entry point at kernel launch time
=========         Host Frame: cuLaunchKernelEx [0x3c96a9] in libcuda.so.1
=========         Host Frame:  [0x8548032] in libcublasLt.so.12
=========         Host Frame:  [0x85ae553] in libcublasLt.so.12
=========         Host Frame:  [0x387c34f] in libcublasLt.so.12
=========         Host Frame:  [0x384f886] in libcublasLt.so.12
=========         Host Frame:  [0x3d18d93] in libcublasLt.so.12
=========         Host Frame:  [0x3d2c261] in libcublasLt.so.12
=========         Host Frame:  [0xfdea1d] in libcublasLt.so.12
=========         Host Frame:  [0x112bca3] in libcublasLt.so.12
=========         Host Frame: cublasLtDDDMatmul [0x114a3e7] in libcublasLt.so.12
=========         Host Frame:  [0x1ace22] in libcublas.so.12
=========         Host Frame:  [0x1aecf3] in libcublas.so.12
=========         Host Frame:  [0x440eee] in libcublas.so.12
=========         Host Frame: cublasDsyr2k_v2_64 [0xd2931] in libcublas.so.12
=========         Host Frame:  [0x40073e] in libcusolver.so.11
=========         Host Frame:  [0x63a139] in libcusolver.so.11
=========         Host Frame:  [0x63fa56] in libcusolver.so.11
=========         Host Frame:  [0x42abaa] in libcusolver.so.11
=========         Host Frame: cusolverDnXsyevd [0x6575b0] in libcusolver.so.11
=========         Host Frame: void single_eig_cusolver<double>(DeviceSolverDnHandle&, SingleEigParameter&, DeviceDenseVector<double>&, DeviceDenseVector<double>&, DeviceDenseVector<double>&, HostDenseVector<double>&, DeviceDenseVector<int>&, int, unsigned long, unsigned long, int, int, unsigned long, unsigned long, int) [0x6588a] in libcuadmm_lib.so
=========         Host Frame: SDPSolver::solve(int, double, int, int, int, int, int, double, double, bool) [0x5b109] in libcuadmm_lib.so
=========         Host Frame: main [0x748b] in cuadmm_exe
========= 
========= Uninitialized __global__ memory read of size 16 bytes
=========     at sm90_xmma_syr2k_l_f64f64_f64f64_f64_nt_n_tilesize32x32x32_stage5_warpsize2x2x1_tensor16x8x16_execute_kernel__5x_cublas+0xf80
=========     by thread (68,0,0) in block (4,11,0)
=========     Address 0x14d7fa006040
=========     Saved host backtrace up to driver entry point at kernel launch time
=========         Host Frame: cuLaunchKernelEx [0x3c96a9] in libcuda.so.1
=========         Host Frame:  [0x8548032] in libcublasLt.so.12
=========         Host Frame:  [0x85ae553] in libcublasLt.so.12
=========         Host Frame:  [0x387c34f] in libcublasLt.so.12
=========         Host Frame:  [0x384f886] in libcublasLt.so.12
=========         Host Frame:  [0x3d18d93] in libcublasLt.so.12
=========         Host Frame:  [0x3d2c261] in libcublasLt.so.12
=========         Host Frame:  [0xfdea1d] in libcublasLt.so.12
=========         Host Frame:  [0x112bca3] in libcublasLt.so.12
=========         Host Frame: cublasLtDDDMatmul [0x114a3e7] in libcublasLt.so.12
=========         Host Frame:  [0x1ace22] in libcublas.so.12
=========         Host Frame:  [0x1aecf3] in libcublas.so.12
=========         Host Frame:  [0x440eee] in libcublas.so.12
=========         Host Frame: cublasDsyr2k_v2_64 [0xd2931] in libcublas.so.12
=========         Host Frame:  [0x40073e] in libcusolver.so.11
=========         Host Frame:  [0x63a139] in libcusolver.so.11
=========         Host Frame:  [0x63fa56] in libcusolver.so.11
=========         Host Frame:  [0x42abaa] in libcusolver.so.11
=========         Host Frame: cusolverDnXsyevd [0x6575b0] in libcusolver.so.11
=========         Host Frame: void single_eig_cusolver<double>(DeviceSolverDnHandle&, SingleEigParameter&, DeviceDenseVector<double>&, DeviceDenseVector<double>&, DeviceDenseVector<double>&, HostDenseVector<double>&, DeviceDenseVector<int>&, int, unsigned long, unsigned long, int, int, unsigned long, unsigned long, int) [0x6588a] in libcuadmm_lib.so
=========         Host Frame: SDPSolver::solve(int, double, int, int, int, int, int, double, double, bool) [0x5b109] in libcuadmm_lib.so
=========         Host Frame: main [0x748b] in cuadmm_exe
========= 
========= Uninitialized __global__ memory read of size 16 bytes
=========     at sm90_xmma_syr2k_l_f64f64_f64f64_f64_nt_n_tilesize32x32x32_stage5_warpsize2x2x1_tensor16x8x16_execute_kernel__5x_cublas+0xf80
=========     by thread (69,0,0) in block (4,11,0)
=========     Address 0x14d7fa006050
=========     Saved host backtrace up to driver entry point at kernel launch time
=========         Host Frame: cuLaunchKernelEx [0x3c96a9] in libcuda.so.1
=========         Host Frame:  [0x8548032] in libcublasLt.so.12
=========         Host Frame:  [0x85ae553] in libcublasLt.so.12
=========         Host Frame:  [0x387c34f] in libcublasLt.so.12
=========         Host Frame:  [0x384f886] in libcublasLt.so.12
=========         Host Frame:  [0x3d18d93] in libcublasLt.so.12
=========         Host Frame:  [0x3d2c261] in libcublasLt.so.12
=========         Host Frame:  [0xfdea1d] in libcublasLt.so.12
=========         Host Frame:  [0x112bca3] in libcublasLt.so.12
=========         Host Frame: cublasLtDDDMatmul [0x114a3e7] in libcublasLt.so.12
=========         Host Frame:  [0x1ace22] in libcublas.so.12
=========         Host Frame:  [0x1aecf3] in libcublas.so.12
=========         Host Frame:  [0x440eee] in libcublas.so.12
=========         Host Frame: cublasDsyr2k_v2_64 [0xd2931] in libcublas.so.12
=========         Host Frame:  [0x40073e] in libcusolver.so.11
=========         Host Frame:  [0x63a139] in libcusolver.so.11
=========         Host Frame:  [0x63fa56] in libcusolver.so.11
=========         Host Frame:  [0x42abaa] in libcusolver.so.11
=========         Host Frame: cusolverDnXsyevd [0x6575b0] in libcusolver.so.11
=========         Host Frame: void single_eig_cusolver<double>(DeviceSolverDnHandle&, SingleEigParameter&, DeviceDenseVector<double>&, DeviceDenseVector<double>&, DeviceDenseVector<double>&, HostDenseVector<double>&, DeviceDenseVector<int>&, int, unsigned long, unsigned long, int, int, unsigned long, unsigned long, int) [0x6588a] in libcuadmm_lib.so
=========         Host Frame: SDPSolver::solve(int, double, int, int, int, int, int, double, double, bool) [0x5b109] in libcuadmm_lib.so
=========         Host Frame: main [0x748b] in cuadmm_exe
========= 
========= Uninitialized __global__ memory read of size 16 bytes
=========     at sm90_xmma_syr2k_l_f64f64_f64f64_f64_nt_n_tilesize32x32x32_stage5_warpsize2x2x1_tensor16x8x16_execute_kernel__5x_cublas+0xf80
=========     by thread (70,0,0) in block (4,11,0)
=========     Address 0x14d7fa006060
=========     Saved host backtrace up to driver entry point at kernel launch time
=========         Host Frame: cuLaunchKernelEx [0x3c96a9] in libcuda.so.1
=========         Host Frame:  [0x8548032] in libcublasLt.so.12
=========         Host Frame:  [0x85ae553] in libcublasLt.so.12
=========         Host Frame:  [0x387c34f] in libcublasLt.so.12
=========         Host Frame:  [0x384f886] in libcublasLt.so.12
=========         Host Frame:  [0x3d18d93] in libcublasLt.so.12
=========         Host Frame:  [0x3d2c261] in libcublasLt.so.12
=========         Host Frame:  [0xfdea1d] in libcublasLt.so.12
=========         Host Frame:  [0x112bca3] in libcublasLt.so.12
=========         Host Frame: cublasLtDDDMatmul [0x114a3e7] in libcublasLt.so.12
=========         Host Frame:  [0x1ace22] in libcublas.so.12
=========         Host Frame:  [0x1aecf3] in libcublas.so.12
=========         Host Frame:  [0x440eee] in libcublas.so.12
=========         Host Frame: cublasDsyr2k_v2_64 [0xd2931] in libcublas.so.12
=========         Host Frame:  [0x40073e] in libcusolver.so.11
=========         Host Frame:  [0x63a139] in libcusolver.so.11
=========         Host Frame:  [0x63fa56] in libcusolver.so.11
=========         Host Frame:  [0x42abaa] in libcusolver.so.11
=========         Host Frame: cusolverDnXsyevd [0x6575b0] in libcusolver.so.11
=========         Host Frame: void single_eig_cusolver<double>(DeviceSolverDnHandle&, SingleEigParameter&, DeviceDenseVector<double>&, DeviceDenseVector<double>&, DeviceDenseVector<double>&, HostDenseVector<double>&, DeviceDenseVector<int>&, int, unsigned long, unsigned long, int, int, unsigned long, unsigned long, int) [0x6588a] in libcuadmm_lib.so
=========         Host Frame: SDPSolver::solve(int, double, int, int, int, int, int, double, double, bool) [0x5b109] in libcuadmm_lib.so
=========         Host Frame: main [0x748b] in cuadmm_exe
========= 
========= Uninitialized __global__ memory read of size 16 bytes
=========     at sm90_xmma_syr2k_l_f64f64_f64f64_f64_nt_n_tilesize32x32x32_stage5_warpsize2x2x1_tensor16x8x16_execute_kernel__5x_cublas+0xf80
=========     by thread (71,0,0) in block (4,11,0)
=========     Address 0x14d7fa006070
=========     Saved host backtrace up to driver entry point at kernel launch time
=========         Host Frame: cuLaunchKernelEx [0x3c96a9] in libcuda.so.1
=========         Host Frame:  [0x8548032] in libcublasLt.so.12
=========         Host Frame:  [0x85ae553] in libcublasLt.so.12
=========         Host Frame:  [0x387c34f] in libcublasLt.so.12
=========         Host Frame:  [0x384f886] in libcublasLt.so.12
=========         Host Frame:  [0x3d18d93] in libcublasLt.so.12
=========         Host Frame:  [0x3d2c261] in libcublasLt.so.12
=========         Host Frame:  [0xfdea1d] in libcublasLt.so.12
=========         Host Frame:  [0x112bca3] in libcublasLt.so.12
=========         Host Frame: cublasLtDDDMatmul [0x114a3e7] in libcublasLt.so.12
=========         Host Frame:  [0x1ace22] in libcublas.so.12
=========         Host Frame:  [0x1aecf3] in libcublas.so.12
=========         Host Frame:  [0x440eee] in libcublas.so.12
=========         Host Frame: cublasDsyr2k_v2_64 [0xd2931] in libcublas.so.12
=========         Host Frame:  [0x40073e] in libcusolver.so.11
=========         Host Frame:  [0x63a139] in libcusolver.so.11
=========         Host Frame:  [0x63fa56] in libcusolver.so.11
=========         Host Frame:  [0x42abaa] in libcusolver.so.11
=========         Host Frame: cusolverDnXsyevd [0x6575b0] in libcusolver.so.11
=========         Host Frame: void single_eig_cusolver<double>(DeviceSolverDnHandle&, SingleEigParameter&, DeviceDenseVector<double>&, DeviceDenseVector<double>&, DeviceDenseVector<double>&, HostDenseVector<double>&, DeviceDenseVector<int>&, int, unsigned long, unsigned long, int, int, unsigned long, unsigned long, int) [0x6588a] in libcuadmm_lib.so
=========         Host Frame: SDPSolver::solve(int, double, int, int, int, int, int, double, double, bool) [0x5b109] in libcuadmm_lib.so
=========         Host Frame: main [0x748b] in cuadmm_exe
========= 
========= Uninitialized __global__ memory read of size 16 bytes
=========     at sm90_xmma_syr2k_l_f64f64_f64f64_f64_nt_n_tilesize32x32x32_stage5_warpsize2x2x1_tensor16x8x16_execute_kernel__5x_cublas+0xf80
=========     by thread (72,0,0) in block (4,11,0)
=========     Address 0x14d7fa006080
=========     Saved host backtrace up to driver entry point at kernel launch time
=========         Host Frame: cuLaunchKernelEx [0x3c96a9] in libcuda.so.1
=========         Host Frame:  [0x8548032] in libcublasLt.so.12
=========         Host Frame:  [0x85ae553] in libcublasLt.so.12
=========         Host Frame:  [0x387c34f] in libcublasLt.so.12
=========         Host Frame:  [0x384f886] in libcublasLt.so.12
=========         Host Frame:  [0x3d18d93] in libcublasLt.so.12
=========         Host Frame:  [0x3d2c261] in libcublasLt.so.12
=========         Host Frame:  [0xfdea1d] in libcublasLt.so.12
=========         Host Frame:  [0x112bca3] in libcublasLt.so.12
=========         Host Frame: cublasLtDDDMatmul [0x114a3e7] in libcublasLt.so.12
=========         Host Frame:  [0x1ace22] in libcublas.so.12
=========         Host Frame:  [0x1aecf3] in libcublas.so.12
=========         Host Frame:  [0x440eee] in libcublas.so.12
=========         Host Frame: cublasDsyr2k_v2_64 [0xd2931] in libcublas.so.12
=========         Host Frame:  [0x40073e] in libcusolver.so.11
=========         Host Frame:  [0x63a139] in libcusolver.so.11
=========         Host Frame:  [0x63fa56] in libcusolver.so.11
=========         Host Frame:  [0x42abaa] in libcusolver.so.11
=========         Host Frame: cusolverDnXsyevd [0x6575b0] in libcusolver.so.11
=========         Host Frame: void single_eig_cusolver<double>(DeviceSolverDnHandle&, SingleEigParameter&, DeviceDenseVector<double>&, DeviceDenseVector<double>&, DeviceDenseVector<double>&, HostDenseVector<double>&, DeviceDenseVector<int>&, int, unsigned long, unsigned long, int, int, unsigned long, unsigned long, int) [0x6588a] in libcuadmm_lib.so
=========         Host Frame: SDPSolver::solve(int, double, int, int, int, int, int, double, double, bool) [0x5b109] in libcuadmm_lib.so
=========         Host Frame: main [0x748b] in cuadmm_exe
========= 
========= Uninitialized __global__ memory read of size 16 bytes
=========     at sm90_xmma_syr2k_l_f64f64_f64f64_f64_nt_n_tilesize32x32x32_stage5_warpsize2x2x1_tensor16x8x16_execute_kernel__5x_cublas+0xf80
=========     by thread (73,0,0) in block (4,11,0)
=========     Address 0x14d7fa006090
=========     Saved host backtrace up to driver entry point at kernel launch time
=========         Host Frame: cuLaunchKernelEx [0x3c96a9] in libcuda.so.1
=========         Host Frame:  [0x8548032] in libcublasLt.so.12
=========         Host Frame:  [0x85ae553] in libcublasLt.so.12
=========         Host Frame:  [0x387c34f] in libcublasLt.so.12
=========         Host Frame:  [0x384f886] in libcublasLt.so.12
=========         Host Frame:  [0x3d18d93] in libcublasLt.so.12
=========         Host Frame:  [0x3d2c261] in libcublasLt.so.12
=========         Host Frame:  [0xfdea1d] in libcublasLt.so.12
=========         Host Frame:  [0x112bca3] in libcublasLt.so.12
=========         Host Frame: cublasLtDDDMatmul [0x114a3e7] in libcublasLt.so.12
=========         Host Frame:  [0x1ace22] in libcublas.so.12
=========         Host Frame:  [0x1aecf3] in libcublas.so.12
=========         Host Frame:  [0x440eee] in libcublas.so.12
=========         Host Frame: cublasDsyr2k_v2_64 [0xd2931] in libcublas.so.12
=========         Host Frame:  [0x40073e] in libcusolver.so.11
=========         Host Frame:  [0x63a139] in libcusolver.so.11
=========         Host Frame:  [0x63fa56] in libcusolver.so.11
=========         Host Frame:  [0x42abaa] in libcusolver.so.11
=========         Host Frame: cusolverDnXsyevd [0x6575b0] in libcusolver.so.11
=========         Host Frame: void single_eig_cusolver<double>(DeviceSolverDnHandle&, SingleEigParameter&, DeviceDenseVector<double>&, DeviceDenseVector<double>&, DeviceDenseVector<double>&, HostDenseVector<double>&, DeviceDenseVector<int>&, int, unsigned long, unsigned long, int, int, unsigned long, unsigned long, int) [0x6588a] in libcuadmm_lib.so
=========         Host Frame: SDPSolver::solve(int, double, int, int, int, int, int, double, double, bool) [0x5b109] in libcuadmm_lib.so
=========         Host Frame: main [0x748b] in cuadmm_exe
========= 
========= Uninitialized __global__ memory read of size 16 bytes
=========     at sm90_xmma_syr2k_l_f64f64_f64f64_f64_nt_n_tilesize32x32x32_stage5_warpsize2x2x1_tensor16x8x16_execute_kernel__5x_cublas+0xf80
=========     by thread (74,0,0) in block (4,11,0)
=========     Address 0x14d7fa0060a0
=========     Saved host backtrace up to driver entry point at kernel launch time
=========         Host Frame: cuLaunchKernelEx [0x3c96a9] in libcuda.so.1
=========         Host Frame:  [0x8548032] in libcublasLt.so.12
=========         Host Frame:  [0x85ae553] in libcublasLt.so.12
=========         Host Frame:  [0x387c34f] in libcublasLt.so.12
=========         Host Frame:  [0x384f886] in libcublasLt.so.12
=========         Host Frame:  [0x3d18d93] in libcublasLt.so.12
=========         Host Frame:  [0x3d2c261] in libcublasLt.so.12
=========         Host Frame:  [0xfdea1d] in libcublasLt.so.12
=========         Host Frame:  [0x112bca3] in libcublasLt.so.12
=========         Host Frame: cublasLtDDDMatmul [0x114a3e7] in libcublasLt.so.12
=========         Host Frame:  [0x1ace22] in libcublas.so.12
=========         Host Frame:  [0x1aecf3] in libcublas.so.12
=========         Host Frame:  [0x440eee] in libcublas.so.12
=========         Host Frame: cublasDsyr2k_v2_64 [0xd2931] in libcublas.so.12
=========         Host Frame:  [0x40073e] in libcusolver.so.11
=========         Host Frame:  [0x63a139] in libcusolver.so.11
=========         Host Frame:  [0x63fa56] in libcusolver.so.11
=========         Host Frame:  [0x42abaa] in libcusolver.so.11
=========         Host Frame: cusolverDnXsyevd [0x6575b0] in libcusolver.so.11
=========         Host Frame: void single_eig_cusolver<double>(DeviceSolverDnHandle&, SingleEigParameter&, DeviceDenseVector<double>&, DeviceDenseVector<double>&, DeviceDenseVector<double>&, HostDenseVector<double>&, DeviceDenseVector<int>&, int, unsigned long, unsigned long, int, int, unsigned long, unsigned long, int) [0x6588a] in libcuadmm_lib.so
=========         Host Frame: SDPSolver::solve(int, double, int, int, int, int, int, double, double, bool) [0x5b109] in libcuadmm_lib.so
=========         Host Frame: main [0x748b] in cuadmm_exe
========= 
========= Uninitialized __global__ memory read of size 16 bytes
=========     at sm90_xmma_syr2k_l_f64f64_f64f64_f64_nt_n_tilesize32x32x32_stage5_warpsize2x2x1_tensor16x8x16_execute_kernel__5x_cublas+0xf80
=========     by thread (75,0,0) in block (4,11,0)
=========     Address 0x14d7fa0060b0
=========     Saved host backtrace up to driver entry point at kernel launch time
=========         Host Frame: cuLaunchKernelEx [0x3c96a9] in libcuda.so.1
=========         Host Frame:  [0x8548032] in libcublasLt.so.12
=========         Host Frame:  [0x85ae553] in libcublasLt.so.12
=========         Host Frame:  [0x387c34f] in libcublasLt.so.12
=========         Host Frame:  [0x384f886] in libcublasLt.so.12
=========         Host Frame:  [0x3d18d93] in libcublasLt.so.12
=========         Host Frame:  [0x3d2c261] in libcublasLt.so.12
=========         Host Frame:  [0xfdea1d] in libcublasLt.so.12
=========         Host Frame:  [0x112bca3] in libcublasLt.so.12
=========         Host Frame: cublasLtDDDMatmul [0x114a3e7] in libcublasLt.so.12
=========         Host Frame:  [0x1ace22] in libcublas.so.12
=========         Host Frame:  [0x1aecf3] in libcublas.so.12
=========         Host Frame:  [0x440eee] in libcublas.so.12
=========         Host Frame: cublasDsyr2k_v2_64 [0xd2931] in libcublas.so.12
=========         Host Frame:  [0x40073e] in libcusolver.so.11
=========         Host Frame:  [0x63a139] in libcusolver.so.11
=========         Host Frame:  [0x63fa56] in libcusolver.so.11
=========         Host Frame:  [0x42abaa] in libcusolver.so.11
=========         Host Frame: cusolverDnXsyevd [0x6575b0] in libcusolver.so.11
=========         Host Frame: void single_eig_cusolver<double>(DeviceSolverDnHandle&, SingleEigParameter&, DeviceDenseVector<double>&, DeviceDenseVector<double>&, DeviceDenseVector<double>&, HostDenseVector<double>&, DeviceDenseVector<int>&, int, unsigned long, unsigned long, int, int, unsigned long, unsigned long, int) [0x6588a] in libcuadmm_lib.so
=========         Host Frame: SDPSolver::solve(int, double, int, int, int, int, int, double, double, bool) [0x5b109] in libcuadmm_lib.so
=========         Host Frame: main [0x748b] in cuadmm_exe
========= 
========= Uninitialized __global__ memory read of size 16 bytes
=========     at sm90_xmma_syr2k_l_f64f64_f64f64_f64_nt_n_tilesize32x32x32_stage5_warpsize2x2x1_tensor16x8x16_execute_kernel__5x_cublas+0xf80
=========     by thread (76,0,0) in block (4,11,0)
=========     Address 0x14d7fa0060c0
=========     Saved host backtrace up to driver entry point at kernel launch time
=========         Host Frame: cuLaunchKernelEx [0x3c96a9] in libcuda.so.1
=========         Host Frame:  [0x8548032] in libcublasLt.so.12
=========         Host Frame:  [0x85ae553] in libcublasLt.so.12
=========         Host Frame:  [0x387c34f] in libcublasLt.so.12
=========         Host Frame:  [0x384f886] in libcublasLt.so.12
=========         Host Frame:  [0x3d18d93] in libcublasLt.so.12
=========         Host Frame:  [0x3d2c261] in libcublasLt.so.12
=========         Host Frame:  [0xfdea1d] in libcublasLt.so.12
=========         Host Frame:  [0x112bca3] in libcublasLt.so.12
=========         Host Frame: cublasLtDDDMatmul [0x114a3e7] in libcublasLt.so.12
=========         Host Frame:  [0x1ace22] in libcublas.so.12
=========         Host Frame:  [0x1aecf3] in libcublas.so.12
=========         Host Frame:  [0x440eee] in libcublas.so.12
=========         Host Frame: cublasDsyr2k_v2_64 [0xd2931] in libcublas.so.12
=========         Host Frame:  [0x40073e] in libcusolver.so.11
=========         Host Frame:  [0x63a139] in libcusolver.so.11
=========         Host Frame:  [0x63fa56] in libcusolver.so.11
=========         Host Frame:  [0x42abaa] in libcusolver.so.11
=========         Host Frame: cusolverDnXsyevd [0x6575b0] in libcusolver.so.11
=========         Host Frame: void single_eig_cusolver<double>(DeviceSolverDnHandle&, SingleEigParameter&, DeviceDenseVector<double>&, DeviceDenseVector<double>&, DeviceDenseVector<double>&, HostDenseVector<double>&, DeviceDenseVector<int>&, int, unsigned long, unsigned long, int, int, unsigned long, unsigned long, int) [0x6588a] in libcuadmm_lib.so
=========         Host Frame: SDPSolver::solve(int, double, int, int, int, int, int, double, double, bool) [0x5b109] in libcuadmm_lib.so
=========         Host Frame: main [0x748b] in cuadmm_exe
========= 
========= Uninitialized __global__ memory read of size 16 bytes
=========     at sm90_xmma_syr2k_l_f64f64_f64f64_f64_nt_n_tilesize32x32x32_stage5_warpsize2x2x1_tensor16x8x16_execute_kernel__5x_cublas+0xf80
=========     by thread (77,0,0) in block (4,11,0)
=========     Address 0x14d7fa0060d0
=========     Saved host backtrace up to driver entry point at kernel launch time
=========         Host Frame: cuLaunchKernelEx [0x3c96a9] in libcuda.so.1
=========         Host Frame:  [0x8548032] in libcublasLt.so.12
=========         Host Frame:  [0x85ae553] in libcublasLt.so.12
=========         Host Frame:  [0x387c34f] in libcublasLt.so.12
=========         Host Frame:  [0x384f886] in libcublasLt.so.12
=========         Host Frame:  [0x3d18d93] in libcublasLt.so.12
=========         Host Frame:  [0x3d2c261] in libcublasLt.so.12
=========         Host Frame:  [0xfdea1d] in libcublasLt.so.12
=========         Host Frame:  [0x112bca3] in libcublasLt.so.12
=========         Host Frame: cublasLtDDDMatmul [0x114a3e7] in libcublasLt.so.12
=========         Host Frame:  [0x1ace22] in libcublas.so.12
=========         Host Frame:  [0x1aecf3] in libcublas.so.12
=========         Host Frame:  [0x440eee] in libcublas.so.12
=========         Host Frame: cublasDsyr2k_v2_64 [0xd2931] in libcublas.so.12
=========         Host Frame:  [0x40073e] in libcusolver.so.11
=========         Host Frame:  [0x63a139] in libcusolver.so.11
=========         Host Frame:  [0x63fa56] in libcusolver.so.11
=========         Host Frame:  [0x42abaa] in libcusolver.so.11
=========         Host Frame: cusolverDnXsyevd [0x6575b0] in libcusolver.so.11
=========         Host Frame: void single_eig_cusolver<double>(DeviceSolverDnHandle&, SingleEigParameter&, DeviceDenseVector<double>&, DeviceDenseVector<double>&, DeviceDenseVector<double>&, HostDenseVector<double>&, DeviceDenseVector<int>&, int, unsigned long, unsigned long, int, int, unsigned long, unsigned long, int) [0x6588a] in libcuadmm_lib.so
=========         Host Frame: SDPSolver::solve(int, double, int, int, int, int, int, double, double, bool) [0x5b109] in libcuadmm_lib.so
=========         Host Frame: main [0x748b] in cuadmm_exe
========= 
========= Uninitialized __global__ memory read of size 16 bytes
=========     at sm90_xmma_syr2k_l_f64f64_f64f64_f64_nt_n_tilesize32x32x32_stage5_warpsize2x2x1_tensor16x8x16_execute_kernel__5x_cublas+0xf80
=========     by thread (78,0,0) in block (4,11,0)
=========     Address 0x14d7fa0060e0
=========     Saved host backtrace up to driver entry point at kernel launch time
=========         Host Frame: cuLaunchKernelEx [0x3c96a9] in libcuda.so.1
=========         Host Frame:  [0x8548032] in libcublasLt.so.12
=========         Host Frame:  [0x85ae553] in libcublasLt.so.12
=========         Host Frame:  [0x387c34f] in libcublasLt.so.12
=========         Host Frame:  [0x384f886] in libcublasLt.so.12
=========         Host Frame:  [0x3d18d93] in libcublasLt.so.12
=========         Host Frame:  [0x3d2c261] in libcublasLt.so.12
=========         Host Frame:  [0xfdea1d] in libcublasLt.so.12
=========         Host Frame:  [0x112bca3] in libcublasLt.so.12
=========         Host Frame: cublasLtDDDMatmul [0x114a3e7] in libcublasLt.so.12
=========         Host Frame:  [0x1ace22] in libcublas.so.12
=========         Host Frame:  [0x1aecf3] in libcublas.so.12
=========         Host Frame:  [0x440eee] in libcublas.so.12
=========         Host Frame: cublasDsyr2k_v2_64 [0xd2931] in libcublas.so.12
=========         Host Frame:  [0x40073e] in libcusolver.so.11
=========         Host Frame:  [0x63a139] in libcusolver.so.11
=========         Host Frame:  [0x63fa56] in libcusolver.so.11
=========         Host Frame:  [0x42abaa] in libcusolver.so.11
=========         Host Frame: cusolverDnXsyevd [0x6575b0] in libcusolver.so.11
=========         Host Frame: void single_eig_cusolver<double>(DeviceSolverDnHandle&, SingleEigParameter&, DeviceDenseVector<double>&, DeviceDenseVector<double>&, DeviceDenseVector<double>&, HostDenseVector<double>&, DeviceDenseVector<int>&, int, unsigned long, unsigned long, int, int, unsigned long, unsigned long, int) [0x6588a] in libcuadmm_lib.so
=========         Host Frame: SDPSolver::solve(int, double, int, int, int, int, int, double, double, bool) [0x5b109] in libcuadmm_lib.so
=========         Host Frame: main [0x748b] in cuadmm_exe
========= 
========= Uninitialized __global__ memory read of size 16 bytes
=========     at sm90_xmma_syr2k_l_f64f64_f64f64_f64_nt_n_tilesize32x32x32_stage5_warpsize2x2x1_tensor16x8x16_execute_kernel__5x_cublas+0xf80
=========     by thread (79,0,0) in block (4,11,0)
=========     Address 0x14d7fa0060f0
=========     Saved host backtrace up to driver entry point at kernel launch time
=========         Host Frame: cuLaunchKernelEx [0x3c96a9] in libcuda.so.1
=========         Host Frame:  [0x8548032] in libcublasLt.so.12
=========         Host Frame:  [0x85ae553] in libcublasLt.so.12
=========         Host Frame:  [0x387c34f] in libcublasLt.so.12
=========         Host Frame:  [0x384f886] in libcublasLt.so.12
=========         Host Frame:  [0x3d18d93] in libcublasLt.so.12
=========         Host Frame:  [0x3d2c261] in libcublasLt.so.12
=========         Host Frame:  [0xfdea1d] in libcublasLt.so.12
=========         Host Frame:  [0x112bca3] in libcublasLt.so.12
=========         Host Frame: cublasLtDDDMatmul [0x114a3e7] in libcublasLt.so.12
=========         Host Frame:  [0x1ace22] in libcublas.so.12
=========         Host Frame:  [0x1aecf3] in libcublas.so.12
=========         Host Frame:  [0x440eee] in libcublas.so.12
=========         Host Frame: cublasDsyr2k_v2_64 [0xd2931] in libcublas.so.12
=========         Host Frame:  [0x40073e] in libcusolver.so.11
=========         Host Frame:  [0x63a139] in libcusolver.so.11
=========         Host Frame:  [0x63fa56] in libcusolver.so.11
=========         Host Frame:  [0x42abaa] in libcusolver.so.11
=========         Host Frame: cusolverDnXsyevd [0x6575b0] in libcusolver.so.11
=========         Host Frame: void single_eig_cusolver<double>(DeviceSolverDnHandle&, SingleEigParameter&, DeviceDenseVector<double>&, DeviceDenseVector<double>&, DeviceDenseVector<double>&, HostDenseVector<double>&, DeviceDenseVector<int>&, int, unsigned long, unsigned long, int, int, unsigned long, unsigned long, int) [0x6588a] in libcuadmm_lib.so
=========         Host Frame: SDPSolver::solve(int, double, int, int, int, int, int, double, double, bool) [0x5b109] in libcuadmm_lib.so
=========         Host Frame: main [0x748b] in cuadmm_exe
========= 
========= Uninitialized __global__ memory read of size 16 bytes
=========     at sm90_xmma_syr2k_l_f64f64_f64f64_f64_nt_n_tilesize32x32x32_stage5_warpsize2x2x1_tensor16x8x16_execute_kernel__5x_cublas+0xf80
=========     by thread (80,0,0) in block (4,11,0)
=========     Address 0x14d7fa007500
=========     Saved host backtrace up to driver entry point at kernel launch time
=========         Host Frame: cuLaunchKernelEx [0x3c96a9] in libcuda.so.1
=========         Host Frame:  [0x8548032] in libcublasLt.so.12
=========         Host Frame:  [0x85ae553] in libcublasLt.so.12
=========         Host Frame:  [0x387c34f] in libcublasLt.so.12
=========         Host Frame:  [0x384f886] in libcublasLt.so.12
=========         Host Frame:  [0x3d18d93] in libcublasLt.so.12
=========         Host Frame:  [0x3d2c261] in libcublasLt.so.12
=========         Host Frame:  [0xfdea1d] in libcublasLt.so.12
=========         Host Frame:  [0x112bca3] in libcublasLt.so.12
=========         Host Frame: cublasLtDDDMatmul [0x114a3e7] in libcublasLt.so.12
=========         Host Frame:  [0x1ace22] in libcublas.so.12
=========         Host Frame:  [0x1aecf3] in libcublas.so.12
=========         Host Frame:  [0x440eee] in libcublas.so.12
=========         Host Frame: cublasDsyr2k_v2_64 [0xd2931] in libcublas.so.12
=========         Host Frame:  [0x40073e] in libcusolver.so.11
=========         Host Frame:  [0x63a139] in libcusolver.so.11
=========         Host Frame:  [0x63fa56] in libcusolver.so.11
=========         Host Frame:  [0x42abaa] in libcusolver.so.11
=========         Host Frame: cusolverDnXsyevd [0x6575b0] in libcusolver.so.11
=========         Host Frame: void single_eig_cusolver<double>(DeviceSolverDnHandle&, SingleEigParameter&, DeviceDenseVector<double>&, DeviceDenseVector<double>&, DeviceDenseVector<double>&, HostDenseVector<double>&, DeviceDenseVector<int>&, int, unsigned long, unsigned long, int, int, unsigned long, unsigned long, int) [0x6588a] in libcuadmm_lib.so
=========         Host Frame: SDPSolver::solve(int, double, int, int, int, int, int, double, double, bool) [0x5b109] in libcuadmm_lib.so
=========         Host Frame: main [0x748b] in cuadmm_exe
========= 
========= Uninitialized __global__ memory read of size 16 bytes
=========     at sm90_xmma_syr2k_l_f64f64_f64f64_f64_nt_n_tilesize32x32x32_stage5_warpsize2x2x1_tensor16x8x16_execute_kernel__5x_cublas+0xf80
=========     by thread (81,0,0) in block (4,11,0)
=========     Address 0x14d7fa007510
=========     Saved host backtrace up to driver entry point at kernel launch time
=========         Host Frame: cuLaunchKernelEx [0x3c96a9] in libcuda.so.1
=========         Host Frame:  [0x8548032] in libcublasLt.so.12
=========         Host Frame:  [0x85ae553] in libcublasLt.so.12
=========         Host Frame:  [0x387c34f] in libcublasLt.so.12
=========         Host Frame:  [0x384f886] in libcublasLt.so.12
=========         Host Frame:  [0x3d18d93] in libcublasLt.so.12
=========         Host Frame:  [0x3d2c261] in libcublasLt.so.12
=========         Host Frame:  [0xfdea1d] in libcublasLt.so.12
=========         Host Frame:  [0x112bca3] in libcublasLt.so.12
=========         Host Frame: cublasLtDDDMatmul [0x114a3e7] in libcublasLt.so.12
=========         Host Frame:  [0x1ace22] in libcublas.so.12
=========         Host Frame:  [0x1aecf3] in libcublas.so.12
=========         Host Frame:  [0x440eee] in libcublas.so.12
=========         Host Frame: cublasDsyr2k_v2_64 [0xd2931] in libcublas.so.12
=========         Host Frame:  [0x40073e] in libcusolver.so.11
=========         Host Frame:  [0x63a139] in libcusolver.so.11
=========         Host Frame:  [0x63fa56] in libcusolver.so.11
=========         Host Frame:  [0x42abaa] in libcusolver.so.11
=========         Host Frame: cusolverDnXsyevd [0x6575b0] in libcusolver.so.11
=========         Host Frame: void single_eig_cusolver<double>(DeviceSolverDnHandle&, SingleEigParameter&, DeviceDenseVector<double>&, DeviceDenseVector<double>&, DeviceDenseVector<double>&, HostDenseVector<double>&, DeviceDenseVector<int>&, int, unsigned long, unsigned long, int, int, unsigned long, unsigned long, int) [0x6588a] in libcuadmm_lib.so
=========         Host Frame: SDPSolver::solve(int, double, int, int, int, int, int, double, double, bool) [0x5b109] in libcuadmm_lib.so
=========         Host Frame: main [0x748b] in cuadmm_exe
========= 
========= Uninitialized __global__ memory read of size 16 bytes
=========     at sm90_xmma_syr2k_l_f64f64_f64f64_f64_nt_n_tilesize32x32x32_stage5_warpsize2x2x1_tensor16x8x16_execute_kernel__5x_cublas+0xf80
=========     by thread (82,0,0) in block (4,11,0)
=========     Address 0x14d7fa007520
=========     Saved host backtrace up to driver entry point at kernel launch time
=========         Host Frame: cuLaunchKernelEx [0x3c96a9] in libcuda.so.1
=========         Host Frame:  [0x8548032] in libcublasLt.so.12
=========         Host Frame:  [0x85ae553] in libcublasLt.so.12
=========         Host Frame:  [0x387c34f] in libcublasLt.so.12
=========         Host Frame:  [0x384f886] in libcublasLt.so.12
=========         Host Frame:  [0x3d18d93] in libcublasLt.so.12
=========         Host Frame:  [0x3d2c261] in libcublasLt.so.12
=========         Host Frame:  [0xfdea1d] in libcublasLt.so.12
=========         Host Frame:  [0x112bca3] in libcublasLt.so.12
=========         Host Frame: cublasLtDDDMatmul [0x114a3e7] in libcublasLt.so.12
=========         Host Frame:  [0x1ace22] in libcublas.so.12
=========         Host Frame:  [0x1aecf3] in libcublas.so.12
=========         Host Frame:  [0x440eee] in libcublas.so.12
=========         Host Frame: cublasDsyr2k_v2_64 [0xd2931] in libcublas.so.12
=========         Host Frame:  [0x40073e] in libcusolver.so.11
=========         Host Frame:  [0x63a139] in libcusolver.so.11
=========         Host Frame:  [0x63fa56] in libcusolver.so.11
=========         Host Frame:  [0x42abaa] in libcusolver.so.11
=========         Host Frame: cusolverDnXsyevd [0x6575b0] in libcusolver.so.11
=========         Host Frame: void single_eig_cusolver<double>(DeviceSolverDnHandle&, SingleEigParameter&, DeviceDenseVector<double>&, DeviceDenseVector<double>&, DeviceDenseVector<double>&, HostDenseVector<double>&, DeviceDenseVector<int>&, int, unsigned long, unsigned long, int, int, unsigned long, unsigned long, int) [0x6588a] in libcuadmm_lib.so
=========         Host Frame: SDPSolver::solve(int, double, int, int, int, int, int, double, double, bool) [0x5b109] in libcuadmm_lib.so
=========         Host Frame: main [0x748b] in cuadmm_exe
========= 
========= Uninitialized __global__ memory read of size 16 bytes
=========     at sm90_xmma_syr2k_l_f64f64_f64f64_f64_nt_n_tilesize32x32x32_stage5_warpsize2x2x1_tensor16x8x16_execute_kernel__5x_cublas+0xf80
=========     by thread (83,0,0) in block (4,11,0)
=========     Address 0x14d7fa007530
=========     Saved host backtrace up to driver entry point at kernel launch time
=========         Host Frame: cuLaunchKernelEx [0x3c96a9] in libcuda.so.1
=========         Host Frame:  [0x8548032] in libcublasLt.so.12
=========         Host Frame:  [0x85ae553] in libcublasLt.so.12
=========         Host Frame:  [0x387c34f] in libcublasLt.so.12
=========         Host Frame:  [0x384f886] in libcublasLt.so.12
=========         Host Frame:  [0x3d18d93] in libcublasLt.so.12
=========         Host Frame:  [0x3d2c261] in libcublasLt.so.12
=========         Host Frame:  [0xfdea1d] in libcublasLt.so.12
=========         Host Frame:  [0x112bca3] in libcublasLt.so.12
=========         Host Frame: cublasLtDDDMatmul [0x114a3e7] in libcublasLt.so.12
=========         Host Frame:  [0x1ace22] in libcublas.so.12
=========         Host Frame:  [0x1aecf3] in libcublas.so.12
=========         Host Frame:  [0x440eee] in libcublas.so.12
=========         Host Frame: cublasDsyr2k_v2_64 [0xd2931] in libcublas.so.12
=========         Host Frame:  [0x40073e] in libcusolver.so.11
=========         Host Frame:  [0x63a139] in libcusolver.so.11
=========         Host Frame:  [0x63fa56] in libcusolver.so.11
=========         Host Frame:  [0x42abaa] in libcusolver.so.11
=========         Host Frame: cusolverDnXsyevd [0x6575b0] in libcusolver.so.11
=========         Host Frame: void single_eig_cusolver<double>(DeviceSolverDnHandle&, SingleEigParameter&, DeviceDenseVector<double>&, DeviceDenseVector<double>&, DeviceDenseVector<double>&, HostDenseVector<double>&, DeviceDenseVector<int>&, int, unsigned long, unsigned long, int, int, unsigned long, unsigned long, int) [0x6588a] in libcuadmm_lib.so
=========         Host Frame: SDPSolver::solve(int, double, int, int, int, int, int, double, double, bool) [0x5b109] in libcuadmm_lib.so
=========         Host Frame: main [0x748b] in cuadmm_exe
========= 
   50 | 7.40e-02 1.09e-01 | -1.9529e+00 -7.0452e-01 3.41e-01 | 258.7 | 5.0e-01 
 [validation] it     100 interval          | ext KKT 4.32e-01 (p 1.0e-01 d 1.1e-01 g 4.3e-01) | X cone 9.9e-07 | dual cone 7.1e-02 | sigma 1.250e-01 | failed: primal,dual,gap,dual_cone (84 ms)
  100 | 1.02e-01 1.12e-01 | -4.0595e+00 -1.3092e+00 4.32e-01 | 286.8 | 1.2e-01 
  150 | 1.02e-01 7.90e-02 | -5.8906e+00 -1.4539e+00 5.32e-01 | 314.8 | 1.0e+00 
 [validation] it     200 max_iter          | ext KKT 4.52e-01 (p 7.1e-02 d 1.1e-01 g 4.5e-01) | X cone 1.1e-06 | dual cone 6.0e-02 | sigma 1.250e-01 | failed: primal,dual,gap,dual_cone (82 ms)
  200 | 7.09e-02 1.06e-01 | -6.2829e+00 -2.0586e+00 4.52e-01 | 342.9 | 1.2e-01 
 Returning the best externally evaluated iterate: iteration 100, merit 4.3e-01 (final iterate: 4.5e-01)
 ------------------------------------------------------------------------------

Solver ended: maximum iteration reached (safety cap, not validated)

 primal infeasibility = 1.0e-01 
 dual   infeasibility = 1.1e-01 
 relative gap         = 4.3e-01
 PSD violation X      = 1.8e-07 
 PSD violation S      = 7.3e-16
 certificate: <b,y> + R * -2.810979e-01 is a lower bound on the optimal value if every block of an
              optimal X has trace (or entries) bounded by R, see certified_lower_bound()

 LOBPCG calls = 0, certificate fallbacks to cuSOLVER = 0

 primal objective = -4.05952963e+00 
 dual   objective = -1.30916712e+00

 algorithm: plain ADMM, plain ADMM iterations = 200
 sigma policy: legacy_adaptive, initial sigma 1.000000e+00, final sigma 1.250000e-01, 19 change(s)
 phases: sGS-ADMM 0 iterations (0.000 s, validation 0.000 s) | plain ADMM 200 iterations (342.243 s, validation 0.167 s)
 switch: switch_admm = 0, first plain-ADMM iteration 1
 stop reason: max_iter
 external validations: 2 (0.17 s); first validated iteration: -1; returned the best externally evaluated iterate
 best external iterate: iteration 100, KKT 4.32e-01, X cone 9.87e-07, dual cone 7.14e-02, merit 4.32e-01

 time per iteration = 1.7112s 
 total time         = 342.9s (init 0.6s, iterations 342.2s)
 -------------------------------------------------------------------------------

========= ERROR SUMMARY: 1237088 errors
========= ERROR SUMMARY: 1236988 errors were not printed. Use --print-limit option to adjust the number of printed errors
