========= COMPUTE-SANITIZER
Loaded problem from /n/home00/yukuanwei/cuadmm-data/plato_kocvara/txt/trto5/
              vector length: 1554721
      number of constraints: 3280
           number of blocks: 2
  number of non-zeros in At: 24158
  number of non-zeros in  b: 3280
  number of non-zeros in  C: 2

 factorization of AA^T + 1e-15 I: supernodal LL^T -> simplicial LDL^T, nnz(L) = 5.202e+05, 0.0 s
   pivots in [5.00e-01, 1.00e+00], 0 tiny (< 1e-12 max) and 0 nonpositive
   y-step solves: CHOLMOD on the CPU

Analysis of the blk vector:
        1 l. block of size 3280
        1 matrices of size 1761 (large)

 ||C|| = 2.5, ||b|| = 58.2713
 DIMACS block kinds from dimacs_blocks.txt (2 blocks)

 Algorithm: plain ADMM
 Build: plain ADMM only (CUADMM_PLAIN_ADMM_ONLY): sGS-ADMM and the sGS -> ADMM hybrid are disabled; one y linear solve per iteration
 Sigma policy: fixed, initial sigma 1 (kept for every iteration)
 Maximum iterations: 250, internal KKT tolerance: 0.0001
 External validation: every 125 iterations and at each crossing of the internal tolerance; stop only when eta_p <= 0.0001, eta_d <= 0.0001, eta_g <= 0.0001, X cone <= 0.0001, dual cone <= 0.0001 (recomputed on the CPU, all finite)

Problem parameters:
              solver max iter: 250
       KKT stopping tolerance: 0.0001
       sigma update threshold: 500
         sigma update stage 1: 50
         sigma update stage 2: 100
                  switch admm: 0
                    algorithm: plain ADMM
         switch proj max iter: 0
              switch proj tol: 0.01
                     sigscale: 2
                 sigma policy: fixed
                initial sigma: 1
    initial projection method: EIG_FP64
      final projection method: EIG_FP64
                   use LOBPCG: true
              LOBPCG max iter: 20
             LOBPCG tolerance: 1e-05
             LOBPCG warmstart: true
                 LOBPCG ratio: 0.03
            LOBPCG relaxation: 1.2
        LOBPCG rank threshold: max(1e-08 * max|lambda|, 0.001 * stop_tol)
           small matrix limit: 32
          medium matrix limit: 1000

 ------------------------------------------------------------------------------
                                   cuADMM
 ------------------------------------------------------------------------------
  it. | p infeas d infeas | primal obj.   dual obj. rel. gap |  time |   sigma 
 ------------------------------------------------------------------------------
 --------------- Starting with projection method EIG_FP64 ---------------------
    0 | 9.83e-01 6.00e-01 |  0.0000e+00  0.0000e+00 0.00e+00 |   0.5 | 1.0e+00 
========= Uninitialized __global__ memory read of size 8 bytes
=========     at sm90_xmma_syr2k_l_f64f64_f64f64_f64_nt_n_tilesize64x64x32_stage3_warpsize2x2x1_tensor16x8x16_aligna8_alignc8_execute_kernel__5x_cublas+0x1d00
=========     by thread (96,0,0) in block (4,4,0)
=========     Address 0x14872a004110
=========     Saved host backtrace up to driver entry point at kernel launch time
=========         Host Frame: cuLaunchKernelEx [0x3c96a9] in libcuda.so.1
=========         Host Frame:  [0x8548032] in libcublasLt.so.12
=========         Host Frame:  [0x85ae553] in libcublasLt.so.12
=========         Host Frame:  [0x387c34f] in libcublasLt.so.12
=========         Host Frame:  [0x384f886] in libcublasLt.so.12
=========         Host Frame:  [0x3d18d93] in libcublasLt.so.12
=========         Host Frame:  [0x3d2c261] in libcublasLt.so.12
=========         Host Frame:  [0xfdea1d] in libcublasLt.so.12
=========         Host Frame:  [0x112bca3] in libcublasLt.so.12
=========         Host Frame: cublasLtDDDMatmul [0x114a3e7] in libcublasLt.so.12
=========         Host Frame:  [0x1ace22] in libcublas.so.12
=========         Host Frame:  [0x1aecf3] in libcublas.so.12
=========         Host Frame:  [0x440eee] in libcublas.so.12
=========         Host Frame: cublasDsyr2k_v2_64 [0xd2931] in libcublas.so.12
=========         Host Frame:  [0x40073e] in libcusolver.so.11
=========         Host Frame:  [0x63a139] in libcusolver.so.11
=========         Host Frame:  [0x63fa56] in libcusolver.so.11
=========         Host Frame:  [0x42abaa] in libcusolver.so.11
=========         Host Frame: cusolverDnXsyevd [0x6575b0] in libcusolver.so.11
=========         Host Frame: void single_eig_cusolver<double>(DeviceSolverDnHandle&, SingleEigParameter&, DeviceDenseVector<double>&, DeviceDenseVector<double>&, DeviceDenseVector<double>&, HostDenseVector<double>&, DeviceDenseVector<int>&, int, unsigned long, unsigned long, int, int, unsigned long, unsigned long, int) [0x6588a] in libcuadmm_lib.so
=========         Host Frame: SDPSolver::large_full_eig_project(int, int, int, bool, bool) [0x509ae] in libcuadmm_lib.so
=========         Host Frame: SDPSolver::solve(int, double, int, int, int, int, int, double, double, bool) [0x5af0a] in libcuadmm_lib.so
=========         Host Frame: main [0x748b] in cuadmm_exe
========= 
========= Uninitialized __global__ memory read of size 8 bytes
=========     at sm90_xmma_syr2k_l_f64f64_f64f64_f64_nt_n_tilesize64x64x32_stage3_warpsize2x2x1_tensor16x8x16_aligna8_alignc8_execute_kernel__5x_cublas+0x1d00
=========     by thread (97,0,0) in block (4,4,0)
=========     Address 0x14872a004118
=========     Saved host backtrace up to driver entry point at kernel launch time
=========         Host Frame: cuLaunchKernelEx [0x3c96a9] in libcuda.so.1
=========         Host Frame:  [0x8548032] in libcublasLt.so.12
=========         Host Frame:  [0x85ae553] in libcublasLt.so.12
=========         Host Frame:  [0x387c34f] in libcublasLt.so.12
=========         Host Frame:  [0x384f886] in libcublasLt.so.12
=========         Host Frame:  [0x3d18d93] in libcublasLt.so.12
=========         Host Frame:  [0x3d2c261] in libcublasLt.so.12
=========         Host Frame:  [0xfdea1d] in libcublasLt.so.12
=========         Host Frame:  [0x112bca3] in libcublasLt.so.12
=========         Host Frame: cublasLtDDDMatmul [0x114a3e7] in libcublasLt.so.12
=========         Host Frame:  [0x1ace22] in libcublas.so.12
=========         Host Frame:  [0x1aecf3] in libcublas.so.12
=========         Host Frame:  [0x440eee] in libcublas.so.12
=========         Host Frame: cublasDsyr2k_v2_64 [0xd2931] in libcublas.so.12
=========         Host Frame:  [0x40073e] in libcusolver.so.11
=========         Host Frame:  [0x63a139] in libcusolver.so.11
=========         Host Frame:  [0x63fa56] in libcusolver.so.11
=========         Host Frame:  [0x42abaa] in libcusolver.so.11
=========         Host Frame: cusolverDnXsyevd [0x6575b0] in libcusolver.so.11
=========         Host Frame: void single_eig_cusolver<double>(DeviceSolverDnHandle&, SingleEigParameter&, DeviceDenseVector<double>&, DeviceDenseVector<double>&, DeviceDenseVector<double>&, HostDenseVector<double>&, DeviceDenseVector<int>&, int, unsigned long, unsigned long, int, int, unsigned long, unsigned long, int) [0x6588a] in libcuadmm_lib.so
=========         Host Frame: SDPSolver::large_full_eig_project(int, int, int, bool, bool) [0x509ae] in libcuadmm_lib.so
=========         Host Frame: SDPSolver::solve(int, double, int, int, int, int, int, double, double, bool) [0x5af0a] in libcuadmm_lib.so
=========         Host Frame: main [0x748b] in cuadmm_exe
========= 
========= Uninitialized __global__ memory read of size 8 bytes
=========     at sm90_xmma_syr2k_l_f64f64_f64f64_f64_nt_n_tilesize64x64x32_stage3_warpsize2x2x1_tensor16x8x16_aligna8_alignc8_execute_kernel__5x_cublas+0x1d00
=========     by thread (98,0,0) in block (4,4,0)
=========     Address 0x14872a004120
=========     Saved host backtrace up to driver entry point at kernel launch time
=========         Host Frame: cuLaunchKernelEx [0x3c96a9] in libcuda.so.1
=========         Host Frame:  [0x8548032] in libcublasLt.so.12
=========         Host Frame:  [0x85ae553] in libcublasLt.so.12
=========         Host Frame:  [0x387c34f] in libcublasLt.so.12
=========         Host Frame:  [0x384f886] in libcublasLt.so.12
=========         Host Frame:  [0x3d18d93] in libcublasLt.so.12
=========         Host Frame:  [0x3d2c261] in libcublasLt.so.12
=========         Host Frame:  [0xfdea1d] in libcublasLt.so.12
=========         Host Frame:  [0x112bca3] in libcublasLt.so.12
=========         Host Frame: cublasLtDDDMatmul [0x114a3e7] in libcublasLt.so.12
=========         Host Frame:  [0x1ace22] in libcublas.so.12
=========         Host Frame:  [0x1aecf3] in libcublas.so.12
=========         Host Frame:  [0x440eee] in libcublas.so.12
=========         Host Frame: cublasDsyr2k_v2_64 [0xd2931] in libcublas.so.12
=========         Host Frame:  [0x40073e] in libcusolver.so.11
=========         Host Frame:  [0x63a139] in libcusolver.so.11
=========         Host Frame:  [0x63fa56] in libcusolver.so.11
=========         Host Frame:  [0x42abaa] in libcusolver.so.11
=========         Host Frame: cusolverDnXsyevd [0x6575b0] in libcusolver.so.11
=========         Host Frame: void single_eig_cusolver<double>(DeviceSolverDnHandle&, SingleEigParameter&, DeviceDenseVector<double>&, DeviceDenseVector<double>&, DeviceDenseVector<double>&, HostDenseVector<double>&, DeviceDenseVector<int>&, int, unsigned long, unsigned long, int, int, unsigned long, unsigned long, int) [0x6588a] in libcuadmm_lib.so
=========         Host Frame: SDPSolver::large_full_eig_project(int, int, int, bool, bool) [0x509ae] in libcuadmm_lib.so
=========         Host Frame: SDPSolver::solve(int, double, int, int, int, int, int, double, double, bool) [0x5af0a] in libcuadmm_lib.so
=========         Host Frame: main [0x748b] in cuadmm_exe
========= 
========= Uninitialized __global__ memory read of size 8 bytes
=========     at sm90_xmma_syr2k_l_f64f64_f64f64_f64_nt_n_tilesize64x64x32_stage3_warpsize2x2x1_tensor16x8x16_aligna8_alignc8_execute_kernel__5x_cublas+0x1d00
=========     by thread (99,0,0) in block (4,4,0)
=========     Address 0x14872a004128
=========     Saved host backtrace up to driver entry point at kernel launch time
=========         Host Frame: cuLaunchKernelEx [0x3c96a9] in libcuda.so.1
=========         Host Frame:  [0x8548032] in libcublasLt.so.12
=========         Host Frame:  [0x85ae553] in libcublasLt.so.12
=========         Host Frame:  [0x387c34f] in libcublasLt.so.12
=========         Host Frame:  [0x384f886] in libcublasLt.so.12
=========         Host Frame:  [0x3d18d93] in libcublasLt.so.12
=========         Host Frame:  [0x3d2c261] in libcublasLt.so.12
=========         Host Frame:  [0xfdea1d] in libcublasLt.so.12
=========         Host Frame:  [0x112bca3] in libcublasLt.so.12
=========         Host Frame: cublasLtDDDMatmul [0x114a3e7] in libcublasLt.so.12
=========         Host Frame:  [0x1ace22] in libcublas.so.12
=========         Host Frame:  [0x1aecf3] in libcublas.so.12
=========         Host Frame:  [0x440eee] in libcublas.so.12
=========         Host Frame: cublasDsyr2k_v2_64 [0xd2931] in libcublas.so.12
=========         Host Frame:  [0x40073e] in libcusolver.so.11
=========         Host Frame:  [0x63a139] in libcusolver.so.11
=========         Host Frame:  [0x63fa56] in libcusolver.so.11
=========         Host Frame:  [0x42abaa] in libcusolver.so.11
=========         Host Frame: cusolverDnXsyevd [0x6575b0] in libcusolver.so.11
=========         Host Frame: void single_eig_cusolver<double>(DeviceSolverDnHandle&, SingleEigParameter&, DeviceDenseVector<double>&, DeviceDenseVector<double>&, DeviceDenseVector<double>&, HostDenseVector<double>&, DeviceDenseVector<int>&, int, unsigned long, unsigned long, int, int, unsigned long, unsigned long, int) [0x6588a] in libcuadmm_lib.so
=========         Host Frame: SDPSolver::large_full_eig_project(int, int, int, bool, bool) [0x509ae] in libcuadmm_lib.so
=========         Host Frame: SDPSolver::solve(int, double, int, int, int, int, int, double, double, bool) [0x5af0a] in libcuadmm_lib.so
=========         Host Frame: main [0x748b] in cuadmm_exe
========= 
========= Uninitialized __global__ memory read of size 8 bytes
=========     at sm90_xmma_syr2k_l_f64f64_f64f64_f64_nt_n_tilesize64x64x32_stage3_warpsize2x2x1_tensor16x8x16_aligna8_alignc8_execute_kernel__5x_cublas+0x1d00
=========     by thread (100,0,0) in block (4,4,0)
=========     Address 0x14872a004130
=========     Saved host backtrace up to driver entry point at kernel launch time
=========         Host Frame: cuLaunchKernelEx [0x3c96a9] in libcuda.so.1
=========         Host Frame:  [0x8548032] in libcublasLt.so.12
=========         Host Frame:  [0x85ae553] in libcublasLt.so.12
=========         Host Frame:  [0x387c34f] in libcublasLt.so.12
=========         Host Frame:  [0x384f886] in libcublasLt.so.12
=========         Host Frame:  [0x3d18d93] in libcublasLt.so.12
=========         Host Frame:  [0x3d2c261] in libcublasLt.so.12
=========         Host Frame:  [0xfdea1d] in libcublasLt.so.12
=========         Host Frame:  [0x112bca3] in libcublasLt.so.12
=========         Host Frame: cublasLtDDDMatmul [0x114a3e7] in libcublasLt.so.12
=========         Host Frame:  [0x1ace22] in libcublas.so.12
=========         Host Frame:  [0x1aecf3] in libcublas.so.12
=========         Host Frame:  [0x440eee] in libcublas.so.12
=========         Host Frame: cublasDsyr2k_v2_64 [0xd2931] in libcublas.so.12
=========         Host Frame:  [0x40073e] in libcusolver.so.11
=========         Host Frame:  [0x63a139] in libcusolver.so.11
=========         Host Frame:  [0x63fa56] in libcusolver.so.11
=========         Host Frame:  [0x42abaa] in libcusolver.so.11
=========         Host Frame: cusolverDnXsyevd [0x6575b0] in libcusolver.so.11
=========         Host Frame: void single_eig_cusolver<double>(DeviceSolverDnHandle&, SingleEigParameter&, DeviceDenseVector<double>&, DeviceDenseVector<double>&, DeviceDenseVector<double>&, HostDenseVector<double>&, DeviceDenseVector<int>&, int, unsigned long, unsigned long, int, int, unsigned long, unsigned long, int) [0x6588a] in libcuadmm_lib.so
=========         Host Frame: SDPSolver::large_full_eig_project(int, int, int, bool, bool) [0x509ae] in libcuadmm_lib.so
=========         Host Frame: SDPSolver::solve(int, double, int, int, int, int, int, double, double, bool) [0x5af0a] in libcuadmm_lib.so
=========         Host Frame: main [0x748b] in cuadmm_exe
========= 
========= Uninitialized __global__ memory read of size 8 bytes
=========     at sm90_xmma_syr2k_l_f64f64_f64f64_f64_nt_n_tilesize64x64x32_stage3_warpsize2x2x1_tensor16x8x16_aligna8_alignc8_execute_kernel__5x_cublas+0x1d00
=========     by thread (101,0,0) in block (4,4,0)
=========     Address 0x14872a004138
=========     Saved host backtrace up to driver entry point at kernel launch time
=========         Host Frame: cuLaunchKernelEx [0x3c96a9] in libcuda.so.1
=========         Host Frame:  [0x8548032] in libcublasLt.so.12
=========         Host Frame:  [0x85ae553] in libcublasLt.so.12
=========         Host Frame:  [0x387c34f] in libcublasLt.so.12
=========         Host Frame:  [0x384f886] in libcublasLt.so.12
=========         Host Frame:  [0x3d18d93] in libcublasLt.so.12
=========         Host Frame:  [0x3d2c261] in libcublasLt.so.12
=========         Host Frame:  [0xfdea1d] in libcublasLt.so.12
=========         Host Frame:  [0x112bca3] in libcublasLt.so.12
=========         Host Frame: cublasLtDDDMatmul [0x114a3e7] in libcublasLt.so.12
=========         Host Frame:  [0x1ace22] in libcublas.so.12
=========         Host Frame:  [0x1aecf3] in libcublas.so.12
=========         Host Frame:  [0x440eee] in libcublas.so.12
=========         Host Frame: cublasDsyr2k_v2_64 [0xd2931] in libcublas.so.12
=========         Host Frame:  [0x40073e] in libcusolver.so.11
=========         Host Frame:  [0x63a139] in libcusolver.so.11
=========         Host Frame:  [0x63fa56] in libcusolver.so.11
=========         Host Frame:  [0x42abaa] in libcusolver.so.11
=========         Host Frame: cusolverDnXsyevd [0x6575b0] in libcusolver.so.11
=========         Host Frame: void single_eig_cusolver<double>(DeviceSolverDnHandle&, SingleEigParameter&, DeviceDenseVector<double>&, DeviceDenseVector<double>&, DeviceDenseVector<double>&, HostDenseVector<double>&, DeviceDenseVector<int>&, int, unsigned long, unsigned long, int, int, unsigned long, unsigned long, int) [0x6588a] in libcuadmm_lib.so
=========         Host Frame: SDPSolver::large_full_eig_project(int, int, int, bool, bool) [0x509ae] in libcuadmm_lib.so
=========         Host Frame: SDPSolver::solve(int, double, int, int, int, int, int, double, double, bool) [0x5af0a] in libcuadmm_lib.so
=========         Host Frame: main [0x748b] in cuadmm_exe
========= 
========= Uninitialized __global__ memory read of size 8 bytes
=========     at sm90_xmma_syr2k_l_f64f64_f64f64_f64_nt_n_tilesize64x64x32_stage3_warpsize2x2x1_tensor16x8x16_aligna8_alignc8_execute_kernel__5x_cublas+0x1d00
=========     by thread (102,0,0) in block (4,4,0)
=========     Address 0x14872a004140
=========     Saved host backtrace up to driver entry point at kernel launch time
=========         Host Frame: cuLaunchKernelEx [0x3c96a9] in libcuda.so.1
=========         Host Frame:  [0x8548032] in libcublasLt.so.12
=========         Host Frame:  [0x85ae553] in libcublasLt.so.12
=========         Host Frame:  [0x387c34f] in libcublasLt.so.12
=========         Host Frame:  [0x384f886] in libcublasLt.so.12
=========         Host Frame:  [0x3d18d93] in libcublasLt.so.12
=========         Host Frame:  [0x3d2c261] in libcublasLt.so.12
=========         Host Frame:  [0xfdea1d] in libcublasLt.so.12
=========         Host Frame:  [0x112bca3] in libcublasLt.so.12
=========         Host Frame: cublasLtDDDMatmul [0x114a3e7] in libcublasLt.so.12
=========         Host Frame:  [0x1ace22] in libcublas.so.12
=========         Host Frame:  [0x1aecf3] in libcublas.so.12
=========         Host Frame:  [0x440eee] in libcublas.so.12
=========         Host Frame: cublasDsyr2k_v2_64 [0xd2931] in libcublas.so.12
=========         Host Frame:  [0x40073e] in libcusolver.so.11
=========         Host Frame:  [0x63a139] in libcusolver.so.11
=========         Host Frame:  [0x63fa56] in libcusolver.so.11
=========         Host Frame:  [0x42abaa] in libcusolver.so.11
=========         Host Frame: cusolverDnXsyevd [0x6575b0] in libcusolver.so.11
=========         Host Frame: void single_eig_cusolver<double>(DeviceSolverDnHandle&, SingleEigParameter&, DeviceDenseVector<double>&, DeviceDenseVector<double>&, DeviceDenseVector<double>&, HostDenseVector<double>&, DeviceDenseVector<int>&, int, unsigned long, unsigned long, int, int, unsigned long, unsigned long, int) [0x6588a] in libcuadmm_lib.so
=========         Host Frame: SDPSolver::large_full_eig_project(int, int, int, bool, bool) [0x509ae] in libcuadmm_lib.so
=========         Host Frame: SDPSolver::solve(int, double, int, int, int, int, int, double, double, bool) [0x5af0a] in libcuadmm_lib.so
=========         Host Frame: main [0x748b] in cuadmm_exe
========= 
========= Uninitialized __global__ memory read of size 8 bytes
=========     at sm90_xmma_syr2k_l_f64f64_f64f64_f64_nt_n_tilesize64x64x32_stage3_warpsize2x2x1_tensor16x8x16_aligna8_alignc8_execute_kernel__5x_cublas+0x1d00
=========     by thread (103,0,0) in block (4,4,0)
=========     Address 0x14872a004148
=========     Saved host backtrace up to driver entry point at kernel launch time
=========         Host Frame: cuLaunchKernelEx [0x3c96a9] in libcuda.so.1
=========         Host Frame:  [0x8548032] in libcublasLt.so.12
=========         Host Frame:  [0x85ae553] in libcublasLt.so.12
=========         Host Frame:  [0x387c34f] in libcublasLt.so.12
=========         Host Frame:  [0x384f886] in libcublasLt.so.12
=========         Host Frame:  [0x3d18d93] in libcublasLt.so.12
=========         Host Frame:  [0x3d2c261] in libcublasLt.so.12
=========         Host Frame:  [0xfdea1d] in libcublasLt.so.12
=========         Host Frame:  [0x112bca3] in libcublasLt.so.12
=========         Host Frame: cublasLtDDDMatmul [0x114a3e7] in libcublasLt.so.12
=========         Host Frame:  [0x1ace22] in libcublas.so.12
=========         Host Frame:  [0x1aecf3] in libcublas.so.12
=========         Host Frame:  [0x440eee] in libcublas.so.12
=========         Host Frame: cublasDsyr2k_v2_64 [0xd2931] in libcublas.so.12
=========         Host Frame:  [0x40073e] in libcusolver.so.11
=========         Host Frame:  [0x63a139] in libcusolver.so.11
=========         Host Frame:  [0x63fa56] in libcusolver.so.11
=========         Host Frame:  [0x42abaa] in libcusolver.so.11
=========         Host Frame: cusolverDnXsyevd [0x6575b0] in libcusolver.so.11
=========         Host Frame: void single_eig_cusolver<double>(DeviceSolverDnHandle&, SingleEigParameter&, DeviceDenseVector<double>&, DeviceDenseVector<double>&, DeviceDenseVector<double>&, HostDenseVector<double>&, DeviceDenseVector<int>&, int, unsigned long, unsigned long, int, int, unsigned long, unsigned long, int) [0x6588a] in libcuadmm_lib.so
=========         Host Frame: SDPSolver::large_full_eig_project(int, int, int, bool, bool) [0x509ae] in libcuadmm_lib.so
=========         Host Frame: SDPSolver::solve(int, double, int, int, int, int, int, double, double, bool) [0x5af0a] in libcuadmm_lib.so
=========         Host Frame: main [0x748b] in cuadmm_exe
========= 
========= Uninitialized __global__ memory read of size 8 bytes
=========     at sm90_xmma_syr2k_l_f64f64_f64f64_f64_nt_n_tilesize64x64x32_stage3_warpsize2x2x1_tensor16x8x16_aligna8_alignc8_execute_kernel__5x_cublas+0x1d00
=========     by thread (104,0,0) in block (4,4,0)
=========     Address 0x14872a004150
=========     Saved host backtrace up to driver entry point at kernel launch time
=========         Host Frame: cuLaunchKernelEx [0x3c96a9] in libcuda.so.1
=========         Host Frame:  [0x8548032] in libcublasLt.so.12
=========         Host Frame:  [0x85ae553] in libcublasLt.so.12
=========         Host Frame:  [0x387c34f] in libcublasLt.so.12
=========         Host Frame:  [0x384f886] in libcublasLt.so.12
=========         Host Frame:  [0x3d18d93] in libcublasLt.so.12
=========         Host Frame:  [0x3d2c261] in libcublasLt.so.12
=========         Host Frame:  [0xfdea1d] in libcublasLt.so.12
=========         Host Frame:  [0x112bca3] in libcublasLt.so.12
=========         Host Frame: cublasLtDDDMatmul [0x114a3e7] in libcublasLt.so.12
=========         Host Frame:  [0x1ace22] in libcublas.so.12
=========         Host Frame:  [0x1aecf3] in libcublas.so.12
=========         Host Frame:  [0x440eee] in libcublas.so.12
=========         Host Frame: cublasDsyr2k_v2_64 [0xd2931] in libcublas.so.12
=========         Host Frame:  [0x40073e] in libcusolver.so.11
=========         Host Frame:  [0x63a139] in libcusolver.so.11
=========         Host Frame:  [0x63fa56] in libcusolver.so.11
=========         Host Frame:  [0x42abaa] in libcusolver.so.11
=========         Host Frame: cusolverDnXsyevd [0x6575b0] in libcusolver.so.11
=========         Host Frame: void single_eig_cusolver<double>(DeviceSolverDnHandle&, SingleEigParameter&, DeviceDenseVector<double>&, DeviceDenseVector<double>&, DeviceDenseVector<double>&, HostDenseVector<double>&, DeviceDenseVector<int>&, int, unsigned long, unsigned long, int, int, unsigned long, unsigned long, int) [0x6588a] in libcuadmm_lib.so
=========         Host Frame: SDPSolver::large_full_eig_project(int, int, int, bool, bool) [0x509ae] in libcuadmm_lib.so
=========         Host Frame: SDPSolver::solve(int, double, int, int, int, int, int, double, double, bool) [0x5af0a] in libcuadmm_lib.so
=========         Host Frame: main [0x748b] in cuadmm_exe
========= 
========= Uninitialized __global__ memory read of size 8 bytes
=========     at sm90_xmma_syr2k_l_f64f64_f64f64_f64_nt_n_tilesize64x64x32_stage3_warpsize2x2x1_tensor16x8x16_aligna8_alignc8_execute_kernel__5x_cublas+0x1d00
=========     by thread (105,0,0) in block (4,4,0)
=========     Address 0x14872a004158
=========     Saved host backtrace up to driver entry point at kernel launch time
=========         Host Frame: cuLaunchKernelEx [0x3c96a9] in libcuda.so.1
=========         Host Frame:  [0x8548032] in libcublasLt.so.12
=========         Host Frame:  [0x85ae553] in libcublasLt.so.12
=========         Host Frame:  [0x387c34f] in libcublasLt.so.12
=========         Host Frame:  [0x384f886] in libcublasLt.so.12
=========         Host Frame:  [0x3d18d93] in libcublasLt.so.12
=========         Host Frame:  [0x3d2c261] in libcublasLt.so.12
=========         Host Frame:  [0xfdea1d] in libcublasLt.so.12
=========         Host Frame:  [0x112bca3] in libcublasLt.so.12
=========         Host Frame: cublasLtDDDMatmul [0x114a3e7] in libcublasLt.so.12
=========         Host Frame:  [0x1ace22] in libcublas.so.12
=========         Host Frame:  [0x1aecf3] in libcublas.so.12
=========         Host Frame:  [0x440eee] in libcublas.so.12
=========         Host Frame: cublasDsyr2k_v2_64 [0xd2931] in libcublas.so.12
=========         Host Frame:  [0x40073e] in libcusolver.so.11
=========         Host Frame:  [0x63a139] in libcusolver.so.11
=========         Host Frame:  [0x63fa56] in libcusolver.so.11
=========         Host Frame:  [0x42abaa] in libcusolver.so.11
=========         Host Frame: cusolverDnXsyevd [0x6575b0] in libcusolver.so.11
=========         Host Frame: void single_eig_cusolver<double>(DeviceSolverDnHandle&, SingleEigParameter&, DeviceDenseVector<double>&, DeviceDenseVector<double>&, DeviceDenseVector<double>&, HostDenseVector<double>&, DeviceDenseVector<int>&, int, unsigned long, unsigned long, int, int, unsigned long, unsigned long, int) [0x6588a] in libcuadmm_lib.so
=========         Host Frame: SDPSolver::large_full_eig_project(int, int, int, bool, bool) [0x509ae] in libcuadmm_lib.so
=========         Host Frame: SDPSolver::solve(int, double, int, int, int, int, int, double, double, bool) [0x5af0a] in libcuadmm_lib.so
=========         Host Frame: main [0x748b] in cuadmm_exe
========= 
========= Uninitialized __global__ memory read of size 8 bytes
=========     at sm90_xmma_syr2k_l_f64f64_f64f64_f64_nt_n_tilesize64x64x32_stage3_warpsize2x2x1_tensor16x8x16_aligna8_alignc8_execute_kernel__5x_cublas+0x1d00
=========     by thread (106,0,0) in block (4,4,0)
=========     Address 0x14872a004160
=========     Saved host backtrace up to driver entry point at kernel launch time
=========         Host Frame: cuLaunchKernelEx [0x3c96a9] in libcuda.so.1
=========         Host Frame:  [0x8548032] in libcublasLt.so.12
=========         Host Frame:  [0x85ae553] in libcublasLt.so.12
=========         Host Frame:  [0x387c34f] in libcublasLt.so.12
=========         Host Frame:  [0x384f886] in libcublasLt.so.12
=========         Host Frame:  [0x3d18d93] in libcublasLt.so.12
=========         Host Frame:  [0x3d2c261] in libcublasLt.so.12
=========         Host Frame:  [0xfdea1d] in libcublasLt.so.12
=========         Host Frame:  [0x112bca3] in libcublasLt.so.12
=========         Host Frame: cublasLtDDDMatmul [0x114a3e7] in libcublasLt.so.12
=========         Host Frame:  [0x1ace22] in libcublas.so.12
=========         Host Frame:  [0x1aecf3] in libcublas.so.12
=========         Host Frame:  [0x440eee] in libcublas.so.12
=========         Host Frame: cublasDsyr2k_v2_64 [0xd2931] in libcublas.so.12
=========         Host Frame:  [0x40073e] in libcusolver.so.11
=========         Host Frame:  [0x63a139] in libcusolver.so.11
=========         Host Frame:  [0x63fa56] in libcusolver.so.11
=========         Host Frame:  [0x42abaa] in libcusolver.so.11
=========         Host Frame: cusolverDnXsyevd [0x6575b0] in libcusolver.so.11
=========         Host Frame: void single_eig_cusolver<double>(DeviceSolverDnHandle&, SingleEigParameter&, DeviceDenseVector<double>&, DeviceDenseVector<double>&, DeviceDenseVector<double>&, HostDenseVector<double>&, DeviceDenseVector<int>&, int, unsigned long, unsigned long, int, int, unsigned long, unsigned long, int) [0x6588a] in libcuadmm_lib.so
=========         Host Frame: SDPSolver::large_full_eig_project(int, int, int, bool, bool) [0x509ae] in libcuadmm_lib.so
=========         Host Frame: SDPSolver::solve(int, double, int, int, int, int, int, double, double, bool) [0x5af0a] in libcuadmm_lib.so
=========         Host Frame: main [0x748b] in cuadmm_exe
========= 
========= Uninitialized __global__ memory read of size 8 bytes
=========     at sm90_xmma_syr2k_l_f64f64_f64f64_f64_nt_n_tilesize64x64x32_stage3_warpsize2x2x1_tensor16x8x16_aligna8_alignc8_execute_kernel__5x_cublas+0x1d00
=========     by thread (107,0,0) in block (4,4,0)
=========     Address 0x14872a004168
=========     Saved host backtrace up to driver entry point at kernel launch time
=========         Host Frame: cuLaunchKernelEx [0x3c96a9] in libcuda.so.1
=========         Host Frame:  [0x8548032] in libcublasLt.so.12
=========         Host Frame:  [0x85ae553] in libcublasLt.so.12
=========         Host Frame:  [0x387c34f] in libcublasLt.so.12
=========         Host Frame:  [0x384f886] in libcublasLt.so.12
=========         Host Frame:  [0x3d18d93] in libcublasLt.so.12
=========         Host Frame:  [0x3d2c261] in libcublasLt.so.12
=========         Host Frame:  [0xfdea1d] in libcublasLt.so.12
=========         Host Frame:  [0x112bca3] in libcublasLt.so.12
=========         Host Frame: cublasLtDDDMatmul [0x114a3e7] in libcublasLt.so.12
=========         Host Frame:  [0x1ace22] in libcublas.so.12
=========         Host Frame:  [0x1aecf3] in libcublas.so.12
=========         Host Frame:  [0x440eee] in libcublas.so.12
=========         Host Frame: cublasDsyr2k_v2_64 [0xd2931] in libcublas.so.12
=========         Host Frame:  [0x40073e] in libcusolver.so.11
=========         Host Frame:  [0x63a139] in libcusolver.so.11
=========         Host Frame:  [0x63fa56] in libcusolver.so.11
=========         Host Frame:  [0x42abaa] in libcusolver.so.11
=========         Host Frame: cusolverDnXsyevd [0x6575b0] in libcusolver.so.11
=========         Host Frame: void single_eig_cusolver<double>(DeviceSolverDnHandle&, SingleEigParameter&, DeviceDenseVector<double>&, DeviceDenseVector<double>&, DeviceDenseVector<double>&, HostDenseVector<double>&, DeviceDenseVector<int>&, int, unsigned long, unsigned long, int, int, unsigned long, unsigned long, int) [0x6588a] in libcuadmm_lib.so
=========         Host Frame: SDPSolver::large_full_eig_project(int, int, int, bool, bool) [0x509ae] in libcuadmm_lib.so
=========         Host Frame: SDPSolver::solve(int, double, int, int, int, int, int, double, double, bool) [0x5af0a] in libcuadmm_lib.so
=========         Host Frame: main [0x748b] in cuadmm_exe
========= 
========= Uninitialized __global__ memory read of size 8 bytes
=========     at sm90_xmma_syr2k_l_f64f64_f64f64_f64_nt_n_tilesize64x64x32_stage3_warpsize2x2x1_tensor16x8x16_aligna8_alignc8_execute_kernel__5x_cublas+0x1d00
=========     by thread (108,0,0) in block (4,4,0)
=========     Address 0x14872a004170
=========     Saved host backtrace up to driver entry point at kernel launch time
=========         Host Frame: cuLaunchKernelEx [0x3c96a9] in libcuda.so.1
=========         Host Frame:  [0x8548032] in libcublasLt.so.12
=========         Host Frame:  [0x85ae553] in libcublasLt.so.12
=========         Host Frame:  [0x387c34f] in libcublasLt.so.12
=========         Host Frame:  [0x384f886] in libcublasLt.so.12
=========         Host Frame:  [0x3d18d93] in libcublasLt.so.12
=========         Host Frame:  [0x3d2c261] in libcublasLt.so.12
=========         Host Frame:  [0xfdea1d] in libcublasLt.so.12
=========         Host Frame:  [0x112bca3] in libcublasLt.so.12
=========         Host Frame: cublasLtDDDMatmul [0x114a3e7] in libcublasLt.so.12
=========         Host Frame:  [0x1ace22] in libcublas.so.12
=========         Host Frame:  [0x1aecf3] in libcublas.so.12
=========         Host Frame:  [0x440eee] in libcublas.so.12
=========         Host Frame: cublasDsyr2k_v2_64 [0xd2931] in libcublas.so.12
=========         Host Frame:  [0x40073e] in libcusolver.so.11
=========         Host Frame:  [0x63a139] in libcusolver.so.11
=========         Host Frame:  [0x63fa56] in libcusolver.so.11
=========         Host Frame:  [0x42abaa] in libcusolver.so.11
=========         Host Frame: cusolverDnXsyevd [0x6575b0] in libcusolver.so.11
=========         Host Frame: void single_eig_cusolver<double>(DeviceSolverDnHandle&, SingleEigParameter&, DeviceDenseVector<double>&, DeviceDenseVector<double>&, DeviceDenseVector<double>&, HostDenseVector<double>&, DeviceDenseVector<int>&, int, unsigned long, unsigned long, int, int, unsigned long, unsigned long, int) [0x6588a] in libcuadmm_lib.so
=========         Host Frame: SDPSolver::large_full_eig_project(int, int, int, bool, bool) [0x509ae] in libcuadmm_lib.so
=========         Host Frame: SDPSolver::solve(int, double, int, int, int, int, int, double, double, bool) [0x5af0a] in libcuadmm_lib.so
=========         Host Frame: main [0x748b] in cuadmm_exe
========= 
========= Uninitialized __global__ memory read of size 8 bytes
=========     at sm90_xmma_syr2k_l_f64f64_f64f64_f64_nt_n_tilesize64x64x32_stage3_warpsize2x2x1_tensor16x8x16_aligna8_alignc8_execute_kernel__5x_cublas+0x1d00
=========     by thread (109,0,0) in block (4,4,0)
=========     Address 0x14872a004178
=========     Saved host backtrace up to driver entry point at kernel launch time
=========         Host Frame: cuLaunchKernelEx [0x3c96a9] in libcuda.so.1
=========         Host Frame:  [0x8548032] in libcublasLt.so.12
=========         Host Frame:  [0x85ae553] in libcublasLt.so.12
=========         Host Frame:  [0x387c34f] in libcublasLt.so.12
=========         Host Frame:  [0x384f886] in libcublasLt.so.12
=========         Host Frame:  [0x3d18d93] in libcublasLt.so.12
=========         Host Frame:  [0x3d2c261] in libcublasLt.so.12
=========         Host Frame:  [0xfdea1d] in libcublasLt.so.12
=========         Host Frame:  [0x112bca3] in libcublasLt.so.12
=========         Host Frame: cublasLtDDDMatmul [0x114a3e7] in libcublasLt.so.12
=========         Host Frame:  [0x1ace22] in libcublas.so.12
=========         Host Frame:  [0x1aecf3] in libcublas.so.12
=========         Host Frame:  [0x440eee] in libcublas.so.12
=========         Host Frame: cublasDsyr2k_v2_64 [0xd2931] in libcublas.so.12
=========         Host Frame:  [0x40073e] in libcusolver.so.11
=========         Host Frame:  [0x63a139] in libcusolver.so.11
=========         Host Frame:  [0x63fa56] in libcusolver.so.11
=========         Host Frame:  [0x42abaa] in libcusolver.so.11
=========         Host Frame: cusolverDnXsyevd [0x6575b0] in libcusolver.so.11
=========         Host Frame: void single_eig_cusolver<double>(DeviceSolverDnHandle&, SingleEigParameter&, DeviceDenseVector<double>&, DeviceDenseVector<double>&, DeviceDenseVector<double>&, HostDenseVector<double>&, DeviceDenseVector<int>&, int, unsigned long, unsigned long, int, int, unsigned long, unsigned long, int) [0x6588a] in libcuadmm_lib.so
=========         Host Frame: SDPSolver::large_full_eig_project(int, int, int, bool, bool) [0x509ae] in libcuadmm_lib.so
=========         Host Frame: SDPSolver::solve(int, double, int, int, int, int, int, double, double, bool) [0x5af0a] in libcuadmm_lib.so
=========         Host Frame: main [0x748b] in cuadmm_exe
========= 
========= Uninitialized __global__ memory read of size 8 bytes
=========     at sm90_xmma_syr2k_l_f64f64_f64f64_f64_nt_n_tilesize64x64x32_stage3_warpsize2x2x1_tensor16x8x16_aligna8_alignc8_execute_kernel__5x_cublas+0x1d00
=========     by thread (110,0,0) in block (4,4,0)
=========     Address 0x14872a004180
=========     Saved host backtrace up to driver entry point at kernel launch time
=========         Host Frame: cuLaunchKernelEx [0x3c96a9] in libcuda.so.1
=========         Host Frame:  [0x8548032] in libcublasLt.so.12
=========         Host Frame:  [0x85ae553] in libcublasLt.so.12
=========         Host Frame:  [0x387c34f] in libcublasLt.so.12
=========         Host Frame:  [0x384f886] in libcublasLt.so.12
=========         Host Frame:  [0x3d18d93] in libcublasLt.so.12
=========         Host Frame:  [0x3d2c261] in libcublasLt.so.12
=========         Host Frame:  [0xfdea1d] in libcublasLt.so.12
=========         Host Frame:  [0x112bca3] in libcublasLt.so.12
=========         Host Frame: cublasLtDDDMatmul [0x114a3e7] in libcublasLt.so.12
=========         Host Frame:  [0x1ace22] in libcublas.so.12
=========         Host Frame:  [0x1aecf3] in libcublas.so.12
=========         Host Frame:  [0x440eee] in libcublas.so.12
=========         Host Frame: cublasDsyr2k_v2_64 [0xd2931] in libcublas.so.12
=========         Host Frame:  [0x40073e] in libcusolver.so.11
=========         Host Frame:  [0x63a139] in libcusolver.so.11
=========         Host Frame:  [0x63fa56] in libcusolver.so.11
=========         Host Frame:  [0x42abaa] in libcusolver.so.11
=========         Host Frame: cusolverDnXsyevd [0x6575b0] in libcusolver.so.11
=========         Host Frame: void single_eig_cusolver<double>(DeviceSolverDnHandle&, SingleEigParameter&, DeviceDenseVector<double>&, DeviceDenseVector<double>&, DeviceDenseVector<double>&, HostDenseVector<double>&, DeviceDenseVector<int>&, int, unsigned long, unsigned long, int, int, unsigned long, unsigned long, int) [0x6588a] in libcuadmm_lib.so
=========         Host Frame: SDPSolver::large_full_eig_project(int, int, int, bool, bool) [0x509ae] in libcuadmm_lib.so
=========         Host Frame: SDPSolver::solve(int, double, int, int, int, int, int, double, double, bool) [0x5af0a] in libcuadmm_lib.so
=========         Host Frame: main [0x748b] in cuadmm_exe
========= 
========= Uninitialized __global__ memory read of size 8 bytes
=========     at sm90_xmma_syr2k_l_f64f64_f64f64_f64_nt_n_tilesize64x64x32_stage3_warpsize2x2x1_tensor16x8x16_aligna8_alignc8_execute_kernel__5x_cublas+0x1d00
=========     by thread (111,0,0) in block (4,4,0)
=========     Address 0x14872a004188
=========     Saved host backtrace up to driver entry point at kernel launch time
=========         Host Frame: cuLaunchKernelEx [0x3c96a9] in libcuda.so.1
=========         Host Frame:  [0x8548032] in libcublasLt.so.12
=========         Host Frame:  [0x85ae553] in libcublasLt.so.12
=========         Host Frame:  [0x387c34f] in libcublasLt.so.12
=========         Host Frame:  [0x384f886] in libcublasLt.so.12
=========         Host Frame:  [0x3d18d93] in libcublasLt.so.12
=========         Host Frame:  [0x3d2c261] in libcublasLt.so.12
=========         Host Frame:  [0xfdea1d] in libcublasLt.so.12
=========         Host Frame:  [0x112bca3] in libcublasLt.so.12
=========         Host Frame: cublasLtDDDMatmul [0x114a3e7] in libcublasLt.so.12
=========         Host Frame:  [0x1ace22] in libcublas.so.12
=========         Host Frame:  [0x1aecf3] in libcublas.so.12
=========         Host Frame:  [0x440eee] in libcublas.so.12
=========         Host Frame: cublasDsyr2k_v2_64 [0xd2931] in libcublas.so.12
=========         Host Frame:  [0x40073e] in libcusolver.so.11
=========         Host Frame:  [0x63a139] in libcusolver.so.11
=========         Host Frame:  [0x63fa56] in libcusolver.so.11
=========         Host Frame:  [0x42abaa] in libcusolver.so.11
=========         Host Frame: cusolverDnXsyevd [0x6575b0] in libcusolver.so.11
=========         Host Frame: void single_eig_cusolver<double>(DeviceSolverDnHandle&, SingleEigParameter&, DeviceDenseVector<double>&, DeviceDenseVector<double>&, DeviceDenseVector<double>&, HostDenseVector<double>&, DeviceDenseVector<int>&, int, unsigned long, unsigned long, int, int, unsigned long, unsigned long, int) [0x6588a] in libcuadmm_lib.so
=========         Host Frame: SDPSolver::large_full_eig_project(int, int, int, bool, bool) [0x509ae] in libcuadmm_lib.so
=========         Host Frame: SDPSolver::solve(int, double, int, int, int, int, int, double, double, bool) [0x5af0a] in libcuadmm_lib.so
=========         Host Frame: main [0x748b] in cuadmm_exe
========= 
========= Uninitialized __global__ memory read of size 8 bytes
=========     at sm90_xmma_syr2k_l_f64f64_f64f64_f64_nt_n_tilesize64x64x32_stage3_warpsize2x2x1_tensor16x8x16_aligna8_alignc8_execute_kernel__5x_cublas+0x1d00
=========     by thread (112,0,0) in block (4,4,0)
=========     Address 0x14872a004190
=========     Saved host backtrace up to driver entry point at kernel launch time
=========         Host Frame: cuLaunchKernelEx [0x3c96a9] in libcuda.so.1
=========         Host Frame:  [0x8548032] in libcublasLt.so.12
=========         Host Frame:  [0x85ae553] in libcublasLt.so.12
=========         Host Frame:  [0x387c34f] in libcublasLt.so.12
=========         Host Frame:  [0x384f886] in libcublasLt.so.12
=========         Host Frame:  [0x3d18d93] in libcublasLt.so.12
=========         Host Frame:  [0x3d2c261] in libcublasLt.so.12
=========         Host Frame:  [0xfdea1d] in libcublasLt.so.12
=========         Host Frame:  [0x112bca3] in libcublasLt.so.12
=========         Host Frame: cublasLtDDDMatmul [0x114a3e7] in libcublasLt.so.12
=========         Host Frame:  [0x1ace22] in libcublas.so.12
=========         Host Frame:  [0x1aecf3] in libcublas.so.12
=========         Host Frame:  [0x440eee] in libcublas.so.12
=========         Host Frame: cublasDsyr2k_v2_64 [0xd2931] in libcublas.so.12
=========         Host Frame:  [0x40073e] in libcusolver.so.11
=========         Host Frame:  [0x63a139] in libcusolver.so.11
=========         Host Frame:  [0x63fa56] in libcusolver.so.11
=========         Host Frame:  [0x42abaa] in libcusolver.so.11
=========         Host Frame: cusolverDnXsyevd [0x6575b0] in libcusolver.so.11
=========         Host Frame: void single_eig_cusolver<double>(DeviceSolverDnHandle&, SingleEigParameter&, DeviceDenseVector<double>&, DeviceDenseVector<double>&, DeviceDenseVector<double>&, HostDenseVector<double>&, DeviceDenseVector<int>&, int, unsigned long, unsigned long, int, int, unsigned long, unsigned long, int) [0x6588a] in libcuadmm_lib.so
=========         Host Frame: SDPSolver::large_full_eig_project(int, int, int, bool, bool) [0x509ae] in libcuadmm_lib.so
=========         Host Frame: SDPSolver::solve(int, double, int, int, int, int, int, double, double, bool) [0x5af0a] in libcuadmm_lib.so
=========         Host Frame: main [0x748b] in cuadmm_exe
========= 
========= Uninitialized __global__ memory read of size 8 bytes
=========     at sm90_xmma_syr2k_l_f64f64_f64f64_f64_nt_n_tilesize64x64x32_stage3_warpsize2x2x1_tensor16x8x16_aligna8_alignc8_execute_kernel__5x_cublas+0x1d00
=========     by thread (113,0,0) in block (4,4,0)
=========     Address 0x14872a004198
=========     Saved host backtrace up to driver entry point at kernel launch time
=========         Host Frame: cuLaunchKernelEx [0x3c96a9] in libcuda.so.1
=========         Host Frame:  [0x8548032] in libcublasLt.so.12
=========         Host Frame:  [0x85ae553] in libcublasLt.so.12
=========         Host Frame:  [0x387c34f] in libcublasLt.so.12
=========         Host Frame:  [0x384f886] in libcublasLt.so.12
=========         Host Frame:  [0x3d18d93] in libcublasLt.so.12
=========         Host Frame:  [0x3d2c261] in libcublasLt.so.12
=========         Host Frame:  [0xfdea1d] in libcublasLt.so.12
=========         Host Frame:  [0x112bca3] in libcublasLt.so.12
=========         Host Frame: cublasLtDDDMatmul [0x114a3e7] in libcublasLt.so.12
=========         Host Frame:  [0x1ace22] in libcublas.so.12
=========         Host Frame:  [0x1aecf3] in libcublas.so.12
=========         Host Frame:  [0x440eee] in libcublas.so.12
=========         Host Frame: cublasDsyr2k_v2_64 [0xd2931] in libcublas.so.12
=========         Host Frame:  [0x40073e] in libcusolver.so.11
=========         Host Frame:  [0x63a139] in libcusolver.so.11
=========         Host Frame:  [0x63fa56] in libcusolver.so.11
=========         Host Frame:  [0x42abaa] in libcusolver.so.11
=========         Host Frame: cusolverDnXsyevd [0x6575b0] in libcusolver.so.11
=========         Host Frame: void single_eig_cusolver<double>(DeviceSolverDnHandle&, SingleEigParameter&, DeviceDenseVector<double>&, DeviceDenseVector<double>&, DeviceDenseVector<double>&, HostDenseVector<double>&, DeviceDenseVector<int>&, int, unsigned long, unsigned long, int, int, unsigned long, unsigned long, int) [0x6588a] in libcuadmm_lib.so
=========         Host Frame: SDPSolver::large_full_eig_project(int, int, int, bool, bool) [0x509ae] in libcuadmm_lib.so
=========         Host Frame: SDPSolver::solve(int, double, int, int, int, int, int, double, double, bool) [0x5af0a] in libcuadmm_lib.so
=========         Host Frame: main [0x748b] in cuadmm_exe
========= 
========= Uninitialized __global__ memory read of size 8 bytes
=========     at sm90_xmma_syr2k_l_f64f64_f64f64_f64_nt_n_tilesize64x64x32_stage3_warpsize2x2x1_tensor16x8x16_aligna8_alignc8_execute_kernel__5x_cublas+0x1d00
=========     by thread (114,0,0) in block (4,4,0)
=========     Address 0x14872a0041a0
=========     Saved host backtrace up to driver entry point at kernel launch time
=========         Host Frame: cuLaunchKernelEx [0x3c96a9] in libcuda.so.1
=========         Host Frame:  [0x8548032] in libcublasLt.so.12
=========         Host Frame:  [0x85ae553] in libcublasLt.so.12
=========         Host Frame:  [0x387c34f] in libcublasLt.so.12
=========         Host Frame:  [0x384f886] in libcublasLt.so.12
=========         Host Frame:  [0x3d18d93] in libcublasLt.so.12
=========         Host Frame:  [0x3d2c261] in libcublasLt.so.12
=========         Host Frame:  [0xfdea1d] in libcublasLt.so.12
=========         Host Frame:  [0x112bca3] in libcublasLt.so.12
=========         Host Frame: cublasLtDDDMatmul [0x114a3e7] in libcublasLt.so.12
=========         Host Frame:  [0x1ace22] in libcublas.so.12
=========         Host Frame:  [0x1aecf3] in libcublas.so.12
=========         Host Frame:  [0x440eee] in libcublas.so.12
=========         Host Frame: cublasDsyr2k_v2_64 [0xd2931] in libcublas.so.12
=========         Host Frame:  [0x40073e] in libcusolver.so.11
=========         Host Frame:  [0x63a139] in libcusolver.so.11
=========         Host Frame:  [0x63fa56] in libcusolver.so.11
=========         Host Frame:  [0x42abaa] in libcusolver.so.11
=========         Host Frame: cusolverDnXsyevd [0x6575b0] in libcusolver.so.11
=========         Host Frame: void single_eig_cusolver<double>(DeviceSolverDnHandle&, SingleEigParameter&, DeviceDenseVector<double>&, DeviceDenseVector<double>&, DeviceDenseVector<double>&, HostDenseVector<double>&, DeviceDenseVector<int>&, int, unsigned long, unsigned long, int, int, unsigned long, unsigned long, int) [0x6588a] in libcuadmm_lib.so
=========         Host Frame: SDPSolver::large_full_eig_project(int, int, int, bool, bool) [0x509ae] in libcuadmm_lib.so
=========         Host Frame: SDPSolver::solve(int, double, int, int, int, int, int, double, double, bool) [0x5af0a] in libcuadmm_lib.so
=========         Host Frame: main [0x748b] in cuadmm_exe
========= 
========= Uninitialized __global__ memory read of size 8 bytes
=========     at sm90_xmma_syr2k_l_f64f64_f64f64_f64_nt_n_tilesize64x64x32_stage3_warpsize2x2x1_tensor16x8x16_aligna8_alignc8_execute_kernel__5x_cublas+0x1d00
=========     by thread (115,0,0) in block (4,4,0)
=========     Address 0x14872a0041a8
=========     Saved host backtrace up to driver entry point at kernel launch time
=========         Host Frame: cuLaunchKernelEx [0x3c96a9] in libcuda.so.1
=========         Host Frame:  [0x8548032] in libcublasLt.so.12
=========         Host Frame:  [0x85ae553] in libcublasLt.so.12
=========         Host Frame:  [0x387c34f] in libcublasLt.so.12
=========         Host Frame:  [0x384f886] in libcublasLt.so.12
=========         Host Frame:  [0x3d18d93] in libcublasLt.so.12
=========         Host Frame:  [0x3d2c261] in libcublasLt.so.12
=========         Host Frame:  [0xfdea1d] in libcublasLt.so.12
=========         Host Frame:  [0x112bca3] in libcublasLt.so.12
=========         Host Frame: cublasLtDDDMatmul [0x114a3e7] in libcublasLt.so.12
=========         Host Frame:  [0x1ace22] in libcublas.so.12
=========         Host Frame:  [0x1aecf3] in libcublas.so.12
=========         Host Frame:  [0x440eee] in libcublas.so.12
=========         Host Frame: cublasDsyr2k_v2_64 [0xd2931] in libcublas.so.12
=========         Host Frame:  [0x40073e] in libcusolver.so.11
=========         Host Frame:  [0x63a139] in libcusolver.so.11
=========         Host Frame:  [0x63fa56] in libcusolver.so.11
=========         Host Frame:  [0x42abaa] in libcusolver.so.11
=========         Host Frame: cusolverDnXsyevd [0x6575b0] in libcusolver.so.11
=========         Host Frame: void single_eig_cusolver<double>(DeviceSolverDnHandle&, SingleEigParameter&, DeviceDenseVector<double>&, DeviceDenseVector<double>&, DeviceDenseVector<double>&, HostDenseVector<double>&, DeviceDenseVector<int>&, int, unsigned long, unsigned long, int, int, unsigned long, unsigned long, int) [0x6588a] in libcuadmm_lib.so
=========         Host Frame: SDPSolver::large_full_eig_project(int, int, int, bool, bool) [0x509ae] in libcuadmm_lib.so
=========         Host Frame: SDPSolver::solve(int, double, int, int, int, int, int, double, double, bool) [0x5af0a] in libcuadmm_lib.so
=========         Host Frame: main [0x748b] in cuadmm_exe
========= 
========= Uninitialized __global__ memory read of size 8 bytes
=========     at sm90_xmma_syr2k_l_f64f64_f64f64_f64_nt_n_tilesize64x64x32_stage3_warpsize2x2x1_tensor16x8x16_aligna8_alignc8_execute_kernel__5x_cublas+0x1d00
=========     by thread (116,0,0) in block (4,4,0)
=========     Address 0x14872a0041b0
=========     Saved host backtrace up to driver entry point at kernel launch time
=========         Host Frame: cuLaunchKernelEx [0x3c96a9] in libcuda.so.1
=========         Host Frame:  [0x8548032] in libcublasLt.so.12
=========         Host Frame:  [0x85ae553] in libcublasLt.so.12
=========         Host Frame:  [0x387c34f] in libcublasLt.so.12
=========         Host Frame:  [0x384f886] in libcublasLt.so.12
=========         Host Frame:  [0x3d18d93] in libcublasLt.so.12
=========         Host Frame:  [0x3d2c261] in libcublasLt.so.12
=========         Host Frame:  [0xfdea1d] in libcublasLt.so.12
=========         Host Frame:  [0x112bca3] in libcublasLt.so.12
=========         Host Frame: cublasLtDDDMatmul [0x114a3e7] in libcublasLt.so.12
=========         Host Frame:  [0x1ace22] in libcublas.so.12
=========         Host Frame:  [0x1aecf3] in libcublas.so.12
=========         Host Frame:  [0x440eee] in libcublas.so.12
=========         Host Frame: cublasDsyr2k_v2_64 [0xd2931] in libcublas.so.12
=========         Host Frame:  [0x40073e] in libcusolver.so.11
=========         Host Frame:  [0x63a139] in libcusolver.so.11
=========         Host Frame:  [0x63fa56] in libcusolver.so.11
=========         Host Frame:  [0x42abaa] in libcusolver.so.11
=========         Host Frame: cusolverDnXsyevd [0x6575b0] in libcusolver.so.11
=========         Host Frame: void single_eig_cusolver<double>(DeviceSolverDnHandle&, SingleEigParameter&, DeviceDenseVector<double>&, DeviceDenseVector<double>&, DeviceDenseVector<double>&, HostDenseVector<double>&, DeviceDenseVector<int>&, int, unsigned long, unsigned long, int, int, unsigned long, unsigned long, int) [0x6588a] in libcuadmm_lib.so
=========         Host Frame: SDPSolver::large_full_eig_project(int, int, int, bool, bool) [0x509ae] in libcuadmm_lib.so
=========         Host Frame: SDPSolver::solve(int, double, int, int, int, int, int, double, double, bool) [0x5af0a] in libcuadmm_lib.so
=========         Host Frame: main [0x748b] in cuadmm_exe
========= 
========= Uninitialized __global__ memory read of size 8 bytes
=========     at sm90_xmma_syr2k_l_f64f64_f64f64_f64_nt_n_tilesize64x64x32_stage3_warpsize2x2x1_tensor16x8x16_aligna8_alignc8_execute_kernel__5x_cublas+0x1d00
=========     by thread (117,0,0) in block (4,4,0)
=========     Address 0x14872a0041b8
=========     Saved host backtrace up to driver entry point at kernel launch time
=========         Host Frame: cuLaunchKernelEx [0x3c96a9] in libcuda.so.1
=========         Host Frame:  [0x8548032] in libcublasLt.so.12
=========         Host Frame:  [0x85ae553] in libcublasLt.so.12
=========         Host Frame:  [0x387c34f] in libcublasLt.so.12
=========         Host Frame:  [0x384f886] in libcublasLt.so.12
=========         Host Frame:  [0x3d18d93] in libcublasLt.so.12
=========         Host Frame:  [0x3d2c261] in libcublasLt.so.12
=========         Host Frame:  [0xfdea1d] in libcublasLt.so.12
=========         Host Frame:  [0x112bca3] in libcublasLt.so.12
=========         Host Frame: cublasLtDDDMatmul [0x114a3e7] in libcublasLt.so.12
=========         Host Frame:  [0x1ace22] in libcublas.so.12
=========         Host Frame:  [0x1aecf3] in libcublas.so.12
=========         Host Frame:  [0x440eee] in libcublas.so.12
=========         Host Frame: cublasDsyr2k_v2_64 [0xd2931] in libcublas.so.12
=========         Host Frame:  [0x40073e] in libcusolver.so.11
=========         Host Frame:  [0x63a139] in libcusolver.so.11
=========         Host Frame:  [0x63fa56] in libcusolver.so.11
=========         Host Frame:  [0x42abaa] in libcusolver.so.11
=========         Host Frame: cusolverDnXsyevd [0x6575b0] in libcusolver.so.11
=========         Host Frame: void single_eig_cusolver<double>(DeviceSolverDnHandle&, SingleEigParameter&, DeviceDenseVector<double>&, DeviceDenseVector<double>&, DeviceDenseVector<double>&, HostDenseVector<double>&, DeviceDenseVector<int>&, int, unsigned long, unsigned long, int, int, unsigned long, unsigned long, int) [0x6588a] in libcuadmm_lib.so
=========         Host Frame: SDPSolver::large_full_eig_project(int, int, int, bool, bool) [0x509ae] in libcuadmm_lib.so
=========         Host Frame: SDPSolver::solve(int, double, int, int, int, int, int, double, double, bool) [0x5af0a] in libcuadmm_lib.so
=========         Host Frame: main [0x748b] in cuadmm_exe
========= 
========= Uninitialized __global__ memory read of size 8 bytes
=========     at sm90_xmma_syr2k_l_f64f64_f64f64_f64_nt_n_tilesize64x64x32_stage3_warpsize2x2x1_tensor16x8x16_aligna8_alignc8_execute_kernel__5x_cublas+0x1d00
=========     by thread (118,0,0) in block (4,4,0)
=========     Address 0x14872a0041c0
=========     Saved host backtrace up to driver entry point at kernel launch time
=========         Host Frame: cuLaunchKernelEx [0x3c96a9] in libcuda.so.1
=========         Host Frame:  [0x8548032] in libcublasLt.so.12
=========         Host Frame:  [0x85ae553] in libcublasLt.so.12
=========         Host Frame:  [0x387c34f] in libcublasLt.so.12
=========         Host Frame:  [0x384f886] in libcublasLt.so.12
=========         Host Frame:  [0x3d18d93] in libcublasLt.so.12
=========         Host Frame:  [0x3d2c261] in libcublasLt.so.12
=========         Host Frame:  [0xfdea1d] in libcublasLt.so.12
=========         Host Frame:  [0x112bca3] in libcublasLt.so.12
=========         Host Frame: cublasLtDDDMatmul [0x114a3e7] in libcublasLt.so.12
=========         Host Frame:  [0x1ace22] in libcublas.so.12
=========         Host Frame:  [0x1aecf3] in libcublas.so.12
=========         Host Frame:  [0x440eee] in libcublas.so.12
=========         Host Frame: cublasDsyr2k_v2_64 [0xd2931] in libcublas.so.12
=========         Host Frame:  [0x40073e] in libcusolver.so.11
=========         Host Frame:  [0x63a139] in libcusolver.so.11
=========         Host Frame:  [0x63fa56] in libcusolver.so.11
=========         Host Frame:  [0x42abaa] in libcusolver.so.11
=========         Host Frame: cusolverDnXsyevd [0x6575b0] in libcusolver.so.11
=========         Host Frame: void single_eig_cusolver<double>(DeviceSolverDnHandle&, SingleEigParameter&, DeviceDenseVector<double>&, DeviceDenseVector<double>&, DeviceDenseVector<double>&, HostDenseVector<double>&, DeviceDenseVector<int>&, int, unsigned long, unsigned long, int, int, unsigned long, unsigned long, int) [0x6588a] in libcuadmm_lib.so
=========         Host Frame: SDPSolver::large_full_eig_project(int, int, int, bool, bool) [0x509ae] in libcuadmm_lib.so
=========         Host Frame: SDPSolver::solve(int, double, int, int, int, int, int, double, double, bool) [0x5af0a] in libcuadmm_lib.so
=========         Host Frame: main [0x748b] in cuadmm_exe
========= 
========= Uninitialized __global__ memory read of size 8 bytes
=========     at sm90_xmma_syr2k_l_f64f64_f64f64_f64_nt_n_tilesize64x64x32_stage3_warpsize2x2x1_tensor16x8x16_aligna8_alignc8_execute_kernel__5x_cublas+0x1d00
=========     by thread (119,0,0) in block (4,4,0)
=========     Address 0x14872a0041c8
=========     Saved host backtrace up to driver entry point at kernel launch time
=========         Host Frame: cuLaunchKernelEx [0x3c96a9] in libcuda.so.1
=========         Host Frame:  [0x8548032] in libcublasLt.so.12
=========         Host Frame:  [0x85ae553] in libcublasLt.so.12
=========         Host Frame:  [0x387c34f] in libcublasLt.so.12
=========         Host Frame:  [0x384f886] in libcublasLt.so.12
=========         Host Frame:  [0x3d18d93] in libcublasLt.so.12
=========         Host Frame:  [0x3d2c261] in libcublasLt.so.12
=========         Host Frame:  [0xfdea1d] in libcublasLt.so.12
=========         Host Frame:  [0x112bca3] in libcublasLt.so.12
=========         Host Frame: cublasLtDDDMatmul [0x114a3e7] in libcublasLt.so.12
=========         Host Frame:  [0x1ace22] in libcublas.so.12
=========         Host Frame:  [0x1aecf3] in libcublas.so.12
=========         Host Frame:  [0x440eee] in libcublas.so.12
=========         Host Frame: cublasDsyr2k_v2_64 [0xd2931] in libcublas.so.12
=========         Host Frame:  [0x40073e] in libcusolver.so.11
=========         Host Frame:  [0x63a139] in libcusolver.so.11
=========         Host Frame:  [0x63fa56] in libcusolver.so.11
=========         Host Frame:  [0x42abaa] in libcusolver.so.11
=========         Host Frame: cusolverDnXsyevd [0x6575b0] in libcusolver.so.11
=========         Host Frame: void single_eig_cusolver<double>(DeviceSolverDnHandle&, SingleEigParameter&, DeviceDenseVector<double>&, DeviceDenseVector<double>&, DeviceDenseVector<double>&, HostDenseVector<double>&, DeviceDenseVector<int>&, int, unsigned long, unsigned long, int, int, unsigned long, unsigned long, int) [0x6588a] in libcuadmm_lib.so
=========         Host Frame: SDPSolver::large_full_eig_project(int, int, int, bool, bool) [0x509ae] in libcuadmm_lib.so
=========         Host Frame: SDPSolver::solve(int, double, int, int, int, int, int, double, double, bool) [0x5af0a] in libcuadmm_lib.so
=========         Host Frame: main [0x748b] in cuadmm_exe
========= 
========= Uninitialized __global__ memory read of size 8 bytes
=========     at sm90_xmma_syr2k_l_f64f64_f64f64_f64_nt_n_tilesize64x64x32_stage3_warpsize2x2x1_tensor16x8x16_aligna8_alignc8_execute_kernel__5x_cublas+0x1d00
=========     by thread (120,0,0) in block (4,4,0)
=========     Address 0x14872a0041d0
=========     Saved host backtrace up to driver entry point at kernel launch time
=========         Host Frame: cuLaunchKernelEx [0x3c96a9] in libcuda.so.1
=========         Host Frame:  [0x8548032] in libcublasLt.so.12
=========         Host Frame:  [0x85ae553] in libcublasLt.so.12
=========         Host Frame:  [0x387c34f] in libcublasLt.so.12
=========         Host Frame:  [0x384f886] in libcublasLt.so.12
=========         Host Frame:  [0x3d18d93] in libcublasLt.so.12
=========         Host Frame:  [0x3d2c261] in libcublasLt.so.12
=========         Host Frame:  [0xfdea1d] in libcublasLt.so.12
=========         Host Frame:  [0x112bca3] in libcublasLt.so.12
=========         Host Frame: cublasLtDDDMatmul [0x114a3e7] in libcublasLt.so.12
=========         Host Frame:  [0x1ace22] in libcublas.so.12
=========         Host Frame:  [0x1aecf3] in libcublas.so.12
=========         Host Frame:  [0x440eee] in libcublas.so.12
=========         Host Frame: cublasDsyr2k_v2_64 [0xd2931] in libcublas.so.12
=========         Host Frame:  [0x40073e] in libcusolver.so.11
=========         Host Frame:  [0x63a139] in libcusolver.so.11
=========         Host Frame:  [0x63fa56] in libcusolver.so.11
=========         Host Frame:  [0x42abaa] in libcusolver.so.11
=========         Host Frame: cusolverDnXsyevd [0x6575b0] in libcusolver.so.11
=========         Host Frame: void single_eig_cusolver<double>(DeviceSolverDnHandle&, SingleEigParameter&, DeviceDenseVector<double>&, DeviceDenseVector<double>&, DeviceDenseVector<double>&, HostDenseVector<double>&, DeviceDenseVector<int>&, int, unsigned long, unsigned long, int, int, unsigned long, unsigned long, int) [0x6588a] in libcuadmm_lib.so
=========         Host Frame: SDPSolver::large_full_eig_project(int, int, int, bool, bool) [0x509ae] in libcuadmm_lib.so
=========         Host Frame: SDPSolver::solve(int, double, int, int, int, int, int, double, double, bool) [0x5af0a] in libcuadmm_lib.so
=========         Host Frame: main [0x748b] in cuadmm_exe
========= 
========= Uninitialized __global__ memory read of size 8 bytes
=========     at sm90_xmma_syr2k_l_f64f64_f64f64_f64_nt_n_tilesize64x64x32_stage3_warpsize2x2x1_tensor16x8x16_aligna8_alignc8_execute_kernel__5x_cublas+0x1d00
=========     by thread (121,0,0) in block (4,4,0)
=========     Address 0x14872a0041d8
=========     Saved host backtrace up to driver entry point at kernel launch time
=========         Host Frame: cuLaunchKernelEx [0x3c96a9] in libcuda.so.1
=========         Host Frame:  [0x8548032] in libcublasLt.so.12
=========         Host Frame:  [0x85ae553] in libcublasLt.so.12
=========         Host Frame:  [0x387c34f] in libcublasLt.so.12
=========         Host Frame:  [0x384f886] in libcublasLt.so.12
=========         Host Frame:  [0x3d18d93] in libcublasLt.so.12
=========         Host Frame:  [0x3d2c261] in libcublasLt.so.12
=========         Host Frame:  [0xfdea1d] in libcublasLt.so.12
=========         Host Frame:  [0x112bca3] in libcublasLt.so.12
=========         Host Frame: cublasLtDDDMatmul [0x114a3e7] in libcublasLt.so.12
=========         Host Frame:  [0x1ace22] in libcublas.so.12
=========         Host Frame:  [0x1aecf3] in libcublas.so.12
=========         Host Frame:  [0x440eee] in libcublas.so.12
=========         Host Frame: cublasDsyr2k_v2_64 [0xd2931] in libcublas.so.12
=========         Host Frame:  [0x40073e] in libcusolver.so.11
=========         Host Frame:  [0x63a139] in libcusolver.so.11
=========         Host Frame:  [0x63fa56] in libcusolver.so.11
=========         Host Frame:  [0x42abaa] in libcusolver.so.11
=========         Host Frame: cusolverDnXsyevd [0x6575b0] in libcusolver.so.11
=========         Host Frame: void single_eig_cusolver<double>(DeviceSolverDnHandle&, SingleEigParameter&, DeviceDenseVector<double>&, DeviceDenseVector<double>&, DeviceDenseVector<double>&, HostDenseVector<double>&, DeviceDenseVector<int>&, int, unsigned long, unsigned long, int, int, unsigned long, unsigned long, int) [0x6588a] in libcuadmm_lib.so
=========         Host Frame: SDPSolver::large_full_eig_project(int, int, int, bool, bool) [0x509ae] in libcuadmm_lib.so
=========         Host Frame: SDPSolver::solve(int, double, int, int, int, int, int, double, double, bool) [0x5af0a] in libcuadmm_lib.so
=========         Host Frame: main [0x748b] in cuadmm_exe
========= 
========= Uninitialized __global__ memory read of size 8 bytes
=========     at sm90_xmma_syr2k_l_f64f64_f64f64_f64_nt_n_tilesize64x64x32_stage3_warpsize2x2x1_tensor16x8x16_aligna8_alignc8_execute_kernel__5x_cublas+0x1d00
=========     by thread (122,0,0) in block (4,4,0)
=========     Address 0x14872a0041e0
=========     Saved host backtrace up to driver entry point at kernel launch time
=========         Host Frame: cuLaunchKernelEx [0x3c96a9] in libcuda.so.1
=========         Host Frame:  [0x8548032] in libcublasLt.so.12
=========         Host Frame:  [0x85ae553] in libcublasLt.so.12
=========         Host Frame:  [0x387c34f] in libcublasLt.so.12
=========         Host Frame:  [0x384f886] in libcublasLt.so.12
=========         Host Frame:  [0x3d18d93] in libcublasLt.so.12
=========         Host Frame:  [0x3d2c261] in libcublasLt.so.12
=========         Host Frame:  [0xfdea1d] in libcublasLt.so.12
=========         Host Frame:  [0x112bca3] in libcublasLt.so.12
=========         Host Frame: cublasLtDDDMatmul [0x114a3e7] in libcublasLt.so.12
=========         Host Frame:  [0x1ace22] in libcublas.so.12
=========         Host Frame:  [0x1aecf3] in libcublas.so.12
=========         Host Frame:  [0x440eee] in libcublas.so.12
=========         Host Frame: cublasDsyr2k_v2_64 [0xd2931] in libcublas.so.12
=========         Host Frame:  [0x40073e] in libcusolver.so.11
=========         Host Frame:  [0x63a139] in libcusolver.so.11
=========         Host Frame:  [0x63fa56] in libcusolver.so.11
=========         Host Frame:  [0x42abaa] in libcusolver.so.11
=========         Host Frame: cusolverDnXsyevd [0x6575b0] in libcusolver.so.11
=========         Host Frame: void single_eig_cusolver<double>(DeviceSolverDnHandle&, SingleEigParameter&, DeviceDenseVector<double>&, DeviceDenseVector<double>&, DeviceDenseVector<double>&, HostDenseVector<double>&, DeviceDenseVector<int>&, int, unsigned long, unsigned long, int, int, unsigned long, unsigned long, int) [0x6588a] in libcuadmm_lib.so
=========         Host Frame: SDPSolver::large_full_eig_project(int, int, int, bool, bool) [0x509ae] in libcuadmm_lib.so
=========         Host Frame: SDPSolver::solve(int, double, int, int, int, int, int, double, double, bool) [0x5af0a] in libcuadmm_lib.so
=========         Host Frame: main [0x748b] in cuadmm_exe
========= 
========= Uninitialized __global__ memory read of size 8 bytes
=========     at sm90_xmma_syr2k_l_f64f64_f64f64_f64_nt_n_tilesize64x64x32_stage3_warpsize2x2x1_tensor16x8x16_aligna8_alignc8_execute_kernel__5x_cublas+0x1d00
=========     by thread (123,0,0) in block (4,4,0)
=========     Address 0x14872a0041e8
=========     Saved host backtrace up to driver entry point at kernel launch time
=========         Host Frame: cuLaunchKernelEx [0x3c96a9] in libcuda.so.1
=========         Host Frame:  [0x8548032] in libcublasLt.so.12
=========         Host Frame:  [0x85ae553] in libcublasLt.so.12
=========         Host Frame:  [0x387c34f] in libcublasLt.so.12
=========         Host Frame:  [0x384f886] in libcublasLt.so.12
=========         Host Frame:  [0x3d18d93] in libcublasLt.so.12
=========         Host Frame:  [0x3d2c261] in libcublasLt.so.12
=========         Host Frame:  [0xfdea1d] in libcublasLt.so.12
=========         Host Frame:  [0x112bca3] in libcublasLt.so.12
=========         Host Frame: cublasLtDDDMatmul [0x114a3e7] in libcublasLt.so.12
=========         Host Frame:  [0x1ace22] in libcublas.so.12
=========         Host Frame:  [0x1aecf3] in libcublas.so.12
=========         Host Frame:  [0x440eee] in libcublas.so.12
=========         Host Frame: cublasDsyr2k_v2_64 [0xd2931] in libcublas.so.12
=========         Host Frame:  [0x40073e] in libcusolver.so.11
=========         Host Frame:  [0x63a139] in libcusolver.so.11
=========         Host Frame:  [0x63fa56] in libcusolver.so.11
=========         Host Frame:  [0x42abaa] in libcusolver.so.11
=========         Host Frame: cusolverDnXsyevd [0x6575b0] in libcusolver.so.11
=========         Host Frame: void single_eig_cusolver<double>(DeviceSolverDnHandle&, SingleEigParameter&, DeviceDenseVector<double>&, DeviceDenseVector<double>&, DeviceDenseVector<double>&, HostDenseVector<double>&, DeviceDenseVector<int>&, int, unsigned long, unsigned long, int, int, unsigned long, unsigned long, int) [0x6588a] in libcuadmm_lib.so
=========         Host Frame: SDPSolver::large_full_eig_project(int, int, int, bool, bool) [0x509ae] in libcuadmm_lib.so
=========         Host Frame: SDPSolver::solve(int, double, int, int, int, int, int, double, double, bool) [0x5af0a] in libcuadmm_lib.so
=========         Host Frame: main [0x748b] in cuadmm_exe
========= 
========= Uninitialized __global__ memory read of size 8 bytes
=========     at sm90_xmma_syr2k_l_f64f64_f64f64_f64_nt_n_tilesize64x64x32_stage3_warpsize2x2x1_tensor16x8x16_aligna8_alignc8_execute_kernel__5x_cublas+0x1d00
=========     by thread (124,0,0) in block (4,4,0)
=========     Address 0x14872a0041f0
=========     Saved host backtrace up to driver entry point at kernel launch time
=========         Host Frame: cuLaunchKernelEx [0x3c96a9] in libcuda.so.1
=========         Host Frame:  [0x8548032] in libcublasLt.so.12
=========         Host Frame:  [0x85ae553] in libcublasLt.so.12
=========         Host Frame:  [0x387c34f] in libcublasLt.so.12
=========         Host Frame:  [0x384f886] in libcublasLt.so.12
=========         Host Frame:  [0x3d18d93] in libcublasLt.so.12
=========         Host Frame:  [0x3d2c261] in libcublasLt.so.12
=========         Host Frame:  [0xfdea1d] in libcublasLt.so.12
=========         Host Frame:  [0x112bca3] in libcublasLt.so.12
=========         Host Frame: cublasLtDDDMatmul [0x114a3e7] in libcublasLt.so.12
=========         Host Frame:  [0x1ace22] in libcublas.so.12
=========         Host Frame:  [0x1aecf3] in libcublas.so.12
=========         Host Frame:  [0x440eee] in libcublas.so.12
=========         Host Frame: cublasDsyr2k_v2_64 [0xd2931] in libcublas.so.12
=========         Host Frame:  [0x40073e] in libcusolver.so.11
=========         Host Frame:  [0x63a139] in libcusolver.so.11
=========         Host Frame:  [0x63fa56] in libcusolver.so.11
=========         Host Frame:  [0x42abaa] in libcusolver.so.11
=========         Host Frame: cusolverDnXsyevd [0x6575b0] in libcusolver.so.11
=========         Host Frame: void single_eig_cusolver<double>(DeviceSolverDnHandle&, SingleEigParameter&, DeviceDenseVector<double>&, DeviceDenseVector<double>&, DeviceDenseVector<double>&, HostDenseVector<double>&, DeviceDenseVector<int>&, int, unsigned long, unsigned long, int, int, unsigned long, unsigned long, int) [0x6588a] in libcuadmm_lib.so
=========         Host Frame: SDPSolver::large_full_eig_project(int, int, int, bool, bool) [0x509ae] in libcuadmm_lib.so
=========         Host Frame: SDPSolver::solve(int, double, int, int, int, int, int, double, double, bool) [0x5af0a] in libcuadmm_lib.so
=========         Host Frame: main [0x748b] in cuadmm_exe
========= 
========= Uninitialized __global__ memory read of size 8 bytes
=========     at sm90_xmma_syr2k_l_f64f64_f64f64_f64_nt_n_tilesize64x64x32_stage3_warpsize2x2x1_tensor16x8x16_aligna8_alignc8_execute_kernel__5x_cublas+0x1d00
=========     by thread (125,0,0) in block (4,4,0)
=========     Address 0x14872a0041f8
=========     Saved host backtrace up to driver entry point at kernel launch time
=========         Host Frame: cuLaunchKernelEx [0x3c96a9] in libcuda.so.1
=========         Host Frame:  [0x8548032] in libcublasLt.so.12
=========         Host Frame:  [0x85ae553] in libcublasLt.so.12
=========         Host Frame:  [0x387c34f] in libcublasLt.so.12
=========         Host Frame:  [0x384f886] in libcublasLt.so.12
=========         Host Frame:  [0x3d18d93] in libcublasLt.so.12
=========         Host Frame:  [0x3d2c261] in libcublasLt.so.12
=========         Host Frame:  [0xfdea1d] in libcublasLt.so.12
=========         Host Frame:  [0x112bca3] in libcublasLt.so.12
=========         Host Frame: cublasLtDDDMatmul [0x114a3e7] in libcublasLt.so.12
=========         Host Frame:  [0x1ace22] in libcublas.so.12
=========         Host Frame:  [0x1aecf3] in libcublas.so.12
=========         Host Frame:  [0x440eee] in libcublas.so.12
=========         Host Frame: cublasDsyr2k_v2_64 [0xd2931] in libcublas.so.12
=========         Host Frame:  [0x40073e] in libcusolver.so.11
=========         Host Frame:  [0x63a139] in libcusolver.so.11
=========         Host Frame:  [0x63fa56] in libcusolver.so.11
=========         Host Frame:  [0x42abaa] in libcusolver.so.11
=========         Host Frame: cusolverDnXsyevd [0x6575b0] in libcusolver.so.11
=========         Host Frame: void single_eig_cusolver<double>(DeviceSolverDnHandle&, SingleEigParameter&, DeviceDenseVector<double>&, DeviceDenseVector<double>&, DeviceDenseVector<double>&, HostDenseVector<double>&, DeviceDenseVector<int>&, int, unsigned long, unsigned long, int, int, unsigned long, unsigned long, int) [0x6588a] in libcuadmm_lib.so
=========         Host Frame: SDPSolver::large_full_eig_project(int, int, int, bool, bool) [0x509ae] in libcuadmm_lib.so
=========         Host Frame: SDPSolver::solve(int, double, int, int, int, int, int, double, double, bool) [0x5af0a] in libcuadmm_lib.so
=========         Host Frame: main [0x748b] in cuadmm_exe
========= 
========= Uninitialized __global__ memory read of size 8 bytes
=========     at sm90_xmma_syr2k_l_f64f64_f64f64_f64_nt_n_tilesize64x64x32_stage3_warpsize2x2x1_tensor16x8x16_aligna8_alignc8_execute_kernel__5x_cublas+0x1d00
=========     by thread (126,0,0) in block (4,4,0)
=========     Address 0x14872a004200
=========     Saved host backtrace up to driver entry point at kernel launch time
=========         Host Frame: cuLaunchKernelEx [0x3c96a9] in libcuda.so.1
=========         Host Frame:  [0x8548032] in libcublasLt.so.12
=========         Host Frame:  [0x85ae553] in libcublasLt.so.12
=========         Host Frame:  [0x387c34f] in libcublasLt.so.12
=========         Host Frame:  [0x384f886] in libcublasLt.so.12
=========         Host Frame:  [0x3d18d93] in libcublasLt.so.12
=========         Host Frame:  [0x3d2c261] in libcublasLt.so.12
=========         Host Frame:  [0xfdea1d] in libcublasLt.so.12
=========         Host Frame:  [0x112bca3] in libcublasLt.so.12
=========         Host Frame: cublasLtDDDMatmul [0x114a3e7] in libcublasLt.so.12
=========         Host Frame:  [0x1ace22] in libcublas.so.12
=========         Host Frame:  [0x1aecf3] in libcublas.so.12
=========         Host Frame:  [0x440eee] in libcublas.so.12
=========         Host Frame: cublasDsyr2k_v2_64 [0xd2931] in libcublas.so.12
=========         Host Frame:  [0x40073e] in libcusolver.so.11
=========         Host Frame:  [0x63a139] in libcusolver.so.11
=========         Host Frame:  [0x63fa56] in libcusolver.so.11
=========         Host Frame:  [0x42abaa] in libcusolver.so.11
=========         Host Frame: cusolverDnXsyevd [0x6575b0] in libcusolver.so.11
=========         Host Frame: void single_eig_cusolver<double>(DeviceSolverDnHandle&, SingleEigParameter&, DeviceDenseVector<double>&, DeviceDenseVector<double>&, DeviceDenseVector<double>&, HostDenseVector<double>&, DeviceDenseVector<int>&, int, unsigned long, unsigned long, int, int, unsigned long, unsigned long, int) [0x6588a] in libcuadmm_lib.so
=========         Host Frame: SDPSolver::large_full_eig_project(int, int, int, bool, bool) [0x509ae] in libcuadmm_lib.so
=========         Host Frame: SDPSolver::solve(int, double, int, int, int, int, int, double, double, bool) [0x5af0a] in libcuadmm_lib.so
=========         Host Frame: main [0x748b] in cuadmm_exe
========= 
========= Uninitialized __global__ memory read of size 8 bytes
=========     at sm90_xmma_syr2k_l_f64f64_f64f64_f64_nt_n_tilesize64x64x32_stage3_warpsize2x2x1_tensor16x8x16_aligna8_alignc8_execute_kernel__5x_cublas+0x1d00
=========     by thread (127,0,0) in block (4,4,0)
=========     Address 0x14872a004208
=========     Saved host backtrace up to driver entry point at kernel launch time
=========         Host Frame: cuLaunchKernelEx [0x3c96a9] in libcuda.so.1
=========         Host Frame:  [0x8548032] in libcublasLt.so.12
=========         Host Frame:  [0x85ae553] in libcublasLt.so.12
=========         Host Frame:  [0x387c34f] in libcublasLt.so.12
=========         Host Frame:  [0x384f886] in libcublasLt.so.12
=========         Host Frame:  [0x3d18d93] in libcublasLt.so.12
=========         Host Frame:  [0x3d2c261] in libcublasLt.so.12
=========         Host Frame:  [0xfdea1d] in libcublasLt.so.12
=========         Host Frame:  [0x112bca3] in libcublasLt.so.12
=========         Host Frame: cublasLtDDDMatmul [0x114a3e7] in libcublasLt.so.12
=========         Host Frame:  [0x1ace22] in libcublas.so.12
=========         Host Frame:  [0x1aecf3] in libcublas.so.12
=========         Host Frame:  [0x440eee] in libcublas.so.12
=========         Host Frame: cublasDsyr2k_v2_64 [0xd2931] in libcublas.so.12
=========         Host Frame:  [0x40073e] in libcusolver.so.11
=========         Host Frame:  [0x63a139] in libcusolver.so.11
=========         Host Frame:  [0x63fa56] in libcusolver.so.11
=========         Host Frame:  [0x42abaa] in libcusolver.so.11
=========         Host Frame: cusolverDnXsyevd [0x6575b0] in libcusolver.so.11
=========         Host Frame: void single_eig_cusolver<double>(DeviceSolverDnHandle&, SingleEigParameter&, DeviceDenseVector<double>&, DeviceDenseVector<double>&, DeviceDenseVector<double>&, HostDenseVector<double>&, DeviceDenseVector<int>&, int, unsigned long, unsigned long, int, int, unsigned long, unsigned long, int) [0x6588a] in libcuadmm_lib.so
=========         Host Frame: SDPSolver::large_full_eig_project(int, int, int, bool, bool) [0x509ae] in libcuadmm_lib.so
=========         Host Frame: SDPSolver::solve(int, double, int, int, int, int, int, double, double, bool) [0x5af0a] in libcuadmm_lib.so
=========         Host Frame: main [0x748b] in cuadmm_exe
========= 
========= Uninitialized __global__ memory read of size 8 bytes
=========     at sm90_xmma_syr2k_l_f64f64_f64f64_f64_nt_n_tilesize64x64x32_stage3_warpsize2x2x1_tensor16x8x16_aligna8_alignc8_execute_kernel__5x_cublas+0x1d00
=========     by thread (64,0,0) in block (4,4,0)
=========     Address 0x14872a004010
=========     Saved host backtrace up to driver entry point at kernel launch time
=========         Host Frame: cuLaunchKernelEx [0x3c96a9] in libcuda.so.1
=========         Host Frame:  [0x8548032] in libcublasLt.so.12
=========         Host Frame:  [0x85ae553] in libcublasLt.so.12
=========         Host Frame:  [0x387c34f] in libcublasLt.so.12
=========         Host Frame:  [0x384f886] in libcublasLt.so.12
=========         Host Frame:  [0x3d18d93] in libcublasLt.so.12
=========         Host Frame:  [0x3d2c261] in libcublasLt.so.12
=========         Host Frame:  [0xfdea1d] in libcublasLt.so.12
=========         Host Frame:  [0x112bca3] in libcublasLt.so.12
=========         Host Frame: cublasLtDDDMatmul [0x114a3e7] in libcublasLt.so.12
=========         Host Frame:  [0x1ace22] in libcublas.so.12
=========         Host Frame:  [0x1aecf3] in libcublas.so.12
=========         Host Frame:  [0x440eee] in libcublas.so.12
=========         Host Frame: cublasDsyr2k_v2_64 [0xd2931] in libcublas.so.12
=========         Host Frame:  [0x40073e] in libcusolver.so.11
=========         Host Frame:  [0x63a139] in libcusolver.so.11
=========         Host Frame:  [0x63fa56] in libcusolver.so.11
=========         Host Frame:  [0x42abaa] in libcusolver.so.11
=========         Host Frame: cusolverDnXsyevd [0x6575b0] in libcusolver.so.11
=========         Host Frame: void single_eig_cusolver<double>(DeviceSolverDnHandle&, SingleEigParameter&, DeviceDenseVector<double>&, DeviceDenseVector<double>&, DeviceDenseVector<double>&, HostDenseVector<double>&, DeviceDenseVector<int>&, int, unsigned long, unsigned long, int, int, unsigned long, unsigned long, int) [0x6588a] in libcuadmm_lib.so
=========         Host Frame: SDPSolver::large_full_eig_project(int, int, int, bool, bool) [0x509ae] in libcuadmm_lib.so
=========         Host Frame: SDPSolver::solve(int, double, int, int, int, int, int, double, double, bool) [0x5af0a] in libcuadmm_lib.so
=========         Host Frame: main [0x748b] in cuadmm_exe
========= 
========= Uninitialized __global__ memory read of size 8 bytes
=========     at sm90_xmma_syr2k_l_f64f64_f64f64_f64_nt_n_tilesize64x64x32_stage3_warpsize2x2x1_tensor16x8x16_aligna8_alignc8_execute_kernel__5x_cublas+0x1d00
=========     by thread (65,0,0) in block (4,4,0)
=========     Address 0x14872a004018
=========     Saved host backtrace up to driver entry point at kernel launch time
=========         Host Frame: cuLaunchKernelEx [0x3c96a9] in libcuda.so.1
=========         Host Frame:  [0x8548032] in libcublasLt.so.12
=========         Host Frame:  [0x85ae553] in libcublasLt.so.12
=========         Host Frame:  [0x387c34f] in libcublasLt.so.12
=========         Host Frame:  [0x384f886] in libcublasLt.so.12
=========         Host Frame:  [0x3d18d93] in libcublasLt.so.12
=========         Host Frame:  [0x3d2c261] in libcublasLt.so.12
=========         Host Frame:  [0xfdea1d] in libcublasLt.so.12
=========         Host Frame:  [0x112bca3] in libcublasLt.so.12
=========         Host Frame: cublasLtDDDMatmul [0x114a3e7] in libcublasLt.so.12
=========         Host Frame:  [0x1ace22] in libcublas.so.12
=========         Host Frame:  [0x1aecf3] in libcublas.so.12
=========         Host Frame:  [0x440eee] in libcublas.so.12
=========         Host Frame: cublasDsyr2k_v2_64 [0xd2931] in libcublas.so.12
=========         Host Frame:  [0x40073e] in libcusolver.so.11
=========         Host Frame:  [0x63a139] in libcusolver.so.11
=========         Host Frame:  [0x63fa56] in libcusolver.so.11
=========         Host Frame:  [0x42abaa] in libcusolver.so.11
=========         Host Frame: cusolverDnXsyevd [0x6575b0] in libcusolver.so.11
=========         Host Frame: void single_eig_cusolver<double>(DeviceSolverDnHandle&, SingleEigParameter&, DeviceDenseVector<double>&, DeviceDenseVector<double>&, DeviceDenseVector<double>&, HostDenseVector<double>&, DeviceDenseVector<int>&, int, unsigned long, unsigned long, int, int, unsigned long, unsigned long, int) [0x6588a] in libcuadmm_lib.so
=========         Host Frame: SDPSolver::large_full_eig_project(int, int, int, bool, bool) [0x509ae] in libcuadmm_lib.so
=========         Host Frame: SDPSolver::solve(int, double, int, int, int, int, int, double, double, bool) [0x5af0a] in libcuadmm_lib.so
=========         Host Frame: main [0x748b] in cuadmm_exe
========= 
========= Uninitialized __global__ memory read of size 8 bytes
=========     at sm90_xmma_syr2k_l_f64f64_f64f64_f64_nt_n_tilesize64x64x32_stage3_warpsize2x2x1_tensor16x8x16_aligna8_alignc8_execute_kernel__5x_cublas+0x1d00
=========     by thread (66,0,0) in block (4,4,0)
=========     Address 0x14872a004020
=========     Saved host backtrace up to driver entry point at kernel launch time
=========         Host Frame: cuLaunchKernelEx [0x3c96a9] in libcuda.so.1
=========         Host Frame:  [0x8548032] in libcublasLt.so.12
=========         Host Frame:  [0x85ae553] in libcublasLt.so.12
=========         Host Frame:  [0x387c34f] in libcublasLt.so.12
=========         Host Frame:  [0x384f886] in libcublasLt.so.12
=========         Host Frame:  [0x3d18d93] in libcublasLt.so.12
=========         Host Frame:  [0x3d2c261] in libcublasLt.so.12
=========         Host Frame:  [0xfdea1d] in libcublasLt.so.12
=========         Host Frame:  [0x112bca3] in libcublasLt.so.12
=========         Host Frame: cublasLtDDDMatmul [0x114a3e7] in libcublasLt.so.12
=========         Host Frame:  [0x1ace22] in libcublas.so.12
=========         Host Frame:  [0x1aecf3] in libcublas.so.12
=========         Host Frame:  [0x440eee] in libcublas.so.12
=========         Host Frame: cublasDsyr2k_v2_64 [0xd2931] in libcublas.so.12
=========         Host Frame:  [0x40073e] in libcusolver.so.11
=========         Host Frame:  [0x63a139] in libcusolver.so.11
=========         Host Frame:  [0x63fa56] in libcusolver.so.11
=========         Host Frame:  [0x42abaa] in libcusolver.so.11
=========         Host Frame: cusolverDnXsyevd [0x6575b0] in libcusolver.so.11
=========         Host Frame: void single_eig_cusolver<double>(DeviceSolverDnHandle&, SingleEigParameter&, DeviceDenseVector<double>&, DeviceDenseVector<double>&, DeviceDenseVector<double>&, HostDenseVector<double>&, DeviceDenseVector<int>&, int, unsigned long, unsigned long, int, int, unsigned long, unsigned long, int) [0x6588a] in libcuadmm_lib.so
=========         Host Frame: SDPSolver::large_full_eig_project(int, int, int, bool, bool) [0x509ae] in libcuadmm_lib.so
=========         Host Frame: SDPSolver::solve(int, double, int, int, int, int, int, double, double, bool) [0x5af0a] in libcuadmm_lib.so
=========         Host Frame: main [0x748b] in cuadmm_exe
========= 
========= Uninitialized __global__ memory read of size 8 bytes
=========     at sm90_xmma_syr2k_l_f64f64_f64f64_f64_nt_n_tilesize64x64x32_stage3_warpsize2x2x1_tensor16x8x16_aligna8_alignc8_execute_kernel__5x_cublas+0x1d00
=========     by thread (67,0,0) in block (4,4,0)
=========     Address 0x14872a004028
=========     Saved host backtrace up to driver entry point at kernel launch time
=========         Host Frame: cuLaunchKernelEx [0x3c96a9] in libcuda.so.1
=========         Host Frame:  [0x8548032] in libcublasLt.so.12
=========         Host Frame:  [0x85ae553] in libcublasLt.so.12
=========         Host Frame:  [0x387c34f] in libcublasLt.so.12
=========         Host Frame:  [0x384f886] in libcublasLt.so.12
=========         Host Frame:  [0x3d18d93] in libcublasLt.so.12
=========         Host Frame:  [0x3d2c261] in libcublasLt.so.12
=========         Host Frame:  [0xfdea1d] in libcublasLt.so.12
=========         Host Frame:  [0x112bca3] in libcublasLt.so.12
=========         Host Frame: cublasLtDDDMatmul [0x114a3e7] in libcublasLt.so.12
=========         Host Frame:  [0x1ace22] in libcublas.so.12
=========         Host Frame:  [0x1aecf3] in libcublas.so.12
=========         Host Frame:  [0x440eee] in libcublas.so.12
=========         Host Frame: cublasDsyr2k_v2_64 [0xd2931] in libcublas.so.12
=========         Host Frame:  [0x40073e] in libcusolver.so.11
=========         Host Frame:  [0x63a139] in libcusolver.so.11
=========         Host Frame:  [0x63fa56] in libcusolver.so.11
=========         Host Frame:  [0x42abaa] in libcusolver.so.11
=========         Host Frame: cusolverDnXsyevd [0x6575b0] in libcusolver.so.11
=========         Host Frame: void single_eig_cusolver<double>(DeviceSolverDnHandle&, SingleEigParameter&, DeviceDenseVector<double>&, DeviceDenseVector<double>&, DeviceDenseVector<double>&, HostDenseVector<double>&, DeviceDenseVector<int>&, int, unsigned long, unsigned long, int, int, unsigned long, unsigned long, int) [0x6588a] in libcuadmm_lib.so
=========         Host Frame: SDPSolver::large_full_eig_project(int, int, int, bool, bool) [0x509ae] in libcuadmm_lib.so
=========         Host Frame: SDPSolver::solve(int, double, int, int, int, int, int, double, double, bool) [0x5af0a] in libcuadmm_lib.so
=========         Host Frame: main [0x748b] in cuadmm_exe
========= 
========= Uninitialized __global__ memory read of size 8 bytes
=========     at sm90_xmma_syr2k_l_f64f64_f64f64_f64_nt_n_tilesize64x64x32_stage3_warpsize2x2x1_tensor16x8x16_aligna8_alignc8_execute_kernel__5x_cublas+0x1d00
=========     by thread (68,0,0) in block (4,4,0)
=========     Address 0x14872a004030
=========     Saved host backtrace up to driver entry point at kernel launch time
=========         Host Frame: cuLaunchKernelEx [0x3c96a9] in libcuda.so.1
=========         Host Frame:  [0x8548032] in libcublasLt.so.12
=========         Host Frame:  [0x85ae553] in libcublasLt.so.12
=========         Host Frame:  [0x387c34f] in libcublasLt.so.12
=========         Host Frame:  [0x384f886] in libcublasLt.so.12
=========         Host Frame:  [0x3d18d93] in libcublasLt.so.12
=========         Host Frame:  [0x3d2c261] in libcublasLt.so.12
=========         Host Frame:  [0xfdea1d] in libcublasLt.so.12
=========         Host Frame:  [0x112bca3] in libcublasLt.so.12
=========         Host Frame: cublasLtDDDMatmul [0x114a3e7] in libcublasLt.so.12
=========         Host Frame:  [0x1ace22] in libcublas.so.12
=========         Host Frame:  [0x1aecf3] in libcublas.so.12
=========         Host Frame:  [0x440eee] in libcublas.so.12
=========         Host Frame: cublasDsyr2k_v2_64 [0xd2931] in libcublas.so.12
=========         Host Frame:  [0x40073e] in libcusolver.so.11
=========         Host Frame:  [0x63a139] in libcusolver.so.11
=========         Host Frame:  [0x63fa56] in libcusolver.so.11
=========         Host Frame:  [0x42abaa] in libcusolver.so.11
=========         Host Frame: cusolverDnXsyevd [0x6575b0] in libcusolver.so.11
=========         Host Frame: void single_eig_cusolver<double>(DeviceSolverDnHandle&, SingleEigParameter&, DeviceDenseVector<double>&, DeviceDenseVector<double>&, DeviceDenseVector<double>&, HostDenseVector<double>&, DeviceDenseVector<int>&, int, unsigned long, unsigned long, int, int, unsigned long, unsigned long, int) [0x6588a] in libcuadmm_lib.so
=========         Host Frame: SDPSolver::large_full_eig_project(int, int, int, bool, bool) [0x509ae] in libcuadmm_lib.so
=========         Host Frame: SDPSolver::solve(int, double, int, int, int, int, int, double, double, bool) [0x5af0a] in libcuadmm_lib.so
=========         Host Frame: main [0x748b] in cuadmm_exe
========= 
========= Uninitialized __global__ memory read of size 8 bytes
=========     at sm90_xmma_syr2k_l_f64f64_f64f64_f64_nt_n_tilesize64x64x32_stage3_warpsize2x2x1_tensor16x8x16_aligna8_alignc8_execute_kernel__5x_cublas+0x1d00
=========     by thread (69,0,0) in block (4,4,0)
=========     Address 0x14872a004038
=========     Saved host backtrace up to driver entry point at kernel launch time
=========         Host Frame: cuLaunchKernelEx [0x3c96a9] in libcuda.so.1
=========         Host Frame:  [0x8548032] in libcublasLt.so.12
=========         Host Frame:  [0x85ae553] in libcublasLt.so.12
=========         Host Frame:  [0x387c34f] in libcublasLt.so.12
=========         Host Frame:  [0x384f886] in libcublasLt.so.12
=========         Host Frame:  [0x3d18d93] in libcublasLt.so.12
=========         Host Frame:  [0x3d2c261] in libcublasLt.so.12
=========         Host Frame:  [0xfdea1d] in libcublasLt.so.12
=========         Host Frame:  [0x112bca3] in libcublasLt.so.12
=========         Host Frame: cublasLtDDDMatmul [0x114a3e7] in libcublasLt.so.12
=========         Host Frame:  [0x1ace22] in libcublas.so.12
=========         Host Frame:  [0x1aecf3] in libcublas.so.12
=========         Host Frame:  [0x440eee] in libcublas.so.12
=========         Host Frame: cublasDsyr2k_v2_64 [0xd2931] in libcublas.so.12
=========         Host Frame:  [0x40073e] in libcusolver.so.11
=========         Host Frame:  [0x63a139] in libcusolver.so.11
=========         Host Frame:  [0x63fa56] in libcusolver.so.11
=========         Host Frame:  [0x42abaa] in libcusolver.so.11
=========         Host Frame: cusolverDnXsyevd [0x6575b0] in libcusolver.so.11
=========         Host Frame: void single_eig_cusolver<double>(DeviceSolverDnHandle&, SingleEigParameter&, DeviceDenseVector<double>&, DeviceDenseVector<double>&, DeviceDenseVector<double>&, HostDenseVector<double>&, DeviceDenseVector<int>&, int, unsigned long, unsigned long, int, int, unsigned long, unsigned long, int) [0x6588a] in libcuadmm_lib.so
=========         Host Frame: SDPSolver::large_full_eig_project(int, int, int, bool, bool) [0x509ae] in libcuadmm_lib.so
=========         Host Frame: SDPSolver::solve(int, double, int, int, int, int, int, double, double, bool) [0x5af0a] in libcuadmm_lib.so
=========         Host Frame: main [0x748b] in cuadmm_exe
========= 
========= Uninitialized __global__ memory read of size 8 bytes
=========     at sm90_xmma_syr2k_l_f64f64_f64f64_f64_nt_n_tilesize64x64x32_stage3_warpsize2x2x1_tensor16x8x16_aligna8_alignc8_execute_kernel__5x_cublas+0x1d00
=========     by thread (70,0,0) in block (4,4,0)
=========     Address 0x14872a004040
=========     Saved host backtrace up to driver entry point at kernel launch time
=========         Host Frame: cuLaunchKernelEx [0x3c96a9] in libcuda.so.1
=========         Host Frame:  [0x8548032] in libcublasLt.so.12
=========         Host Frame:  [0x85ae553] in libcublasLt.so.12
=========         Host Frame:  [0x387c34f] in libcublasLt.so.12
=========         Host Frame:  [0x384f886] in libcublasLt.so.12
=========         Host Frame:  [0x3d18d93] in libcublasLt.so.12
=========         Host Frame:  [0x3d2c261] in libcublasLt.so.12
=========         Host Frame:  [0xfdea1d] in libcublasLt.so.12
=========         Host Frame:  [0x112bca3] in libcublasLt.so.12
=========         Host Frame: cublasLtDDDMatmul [0x114a3e7] in libcublasLt.so.12
=========         Host Frame:  [0x1ace22] in libcublas.so.12
=========         Host Frame:  [0x1aecf3] in libcublas.so.12
=========         Host Frame:  [0x440eee] in libcublas.so.12
=========         Host Frame: cublasDsyr2k_v2_64 [0xd2931] in libcublas.so.12
=========         Host Frame:  [0x40073e] in libcusolver.so.11
=========         Host Frame:  [0x63a139] in libcusolver.so.11
=========         Host Frame:  [0x63fa56] in libcusolver.so.11
=========         Host Frame:  [0x42abaa] in libcusolver.so.11
=========         Host Frame: cusolverDnXsyevd [0x6575b0] in libcusolver.so.11
=========         Host Frame: void single_eig_cusolver<double>(DeviceSolverDnHandle&, SingleEigParameter&, DeviceDenseVector<double>&, DeviceDenseVector<double>&, DeviceDenseVector<double>&, HostDenseVector<double>&, DeviceDenseVector<int>&, int, unsigned long, unsigned long, int, int, unsigned long, unsigned long, int) [0x6588a] in libcuadmm_lib.so
=========         Host Frame: SDPSolver::large_full_eig_project(int, int, int, bool, bool) [0x509ae] in libcuadmm_lib.so
=========         Host Frame: SDPSolver::solve(int, double, int, int, int, int, int, double, double, bool) [0x5af0a] in libcuadmm_lib.so
=========         Host Frame: main [0x748b] in cuadmm_exe
========= 
========= Uninitialized __global__ memory read of size 8 bytes
=========     at sm90_xmma_syr2k_l_f64f64_f64f64_f64_nt_n_tilesize64x64x32_stage3_warpsize2x2x1_tensor16x8x16_aligna8_alignc8_execute_kernel__5x_cublas+0x1d00
=========     by thread (71,0,0) in block (4,4,0)
=========     Address 0x14872a004048
=========     Saved host backtrace up to driver entry point at kernel launch time
=========         Host Frame: cuLaunchKernelEx [0x3c96a9] in libcuda.so.1
=========         Host Frame:  [0x8548032] in libcublasLt.so.12
=========         Host Frame:  [0x85ae553] in libcublasLt.so.12
=========         Host Frame:  [0x387c34f] in libcublasLt.so.12
=========         Host Frame:  [0x384f886] in libcublasLt.so.12
=========         Host Frame:  [0x3d18d93] in libcublasLt.so.12
=========         Host Frame:  [0x3d2c261] in libcublasLt.so.12
=========         Host Frame:  [0xfdea1d] in libcublasLt.so.12
=========         Host Frame:  [0x112bca3] in libcublasLt.so.12
=========         Host Frame: cublasLtDDDMatmul [0x114a3e7] in libcublasLt.so.12
=========         Host Frame:  [0x1ace22] in libcublas.so.12
=========         Host Frame:  [0x1aecf3] in libcublas.so.12
=========         Host Frame:  [0x440eee] in libcublas.so.12
=========         Host Frame: cublasDsyr2k_v2_64 [0xd2931] in libcublas.so.12
=========         Host Frame:  [0x40073e] in libcusolver.so.11
=========         Host Frame:  [0x63a139] in libcusolver.so.11
=========         Host Frame:  [0x63fa56] in libcusolver.so.11
=========         Host Frame:  [0x42abaa] in libcusolver.so.11
=========         Host Frame: cusolverDnXsyevd [0x6575b0] in libcusolver.so.11
=========         Host Frame: void single_eig_cusolver<double>(DeviceSolverDnHandle&, SingleEigParameter&, DeviceDenseVector<double>&, DeviceDenseVector<double>&, DeviceDenseVector<double>&, HostDenseVector<double>&, DeviceDenseVector<int>&, int, unsigned long, unsigned long, int, int, unsigned long, unsigned long, int) [0x6588a] in libcuadmm_lib.so
=========         Host Frame: SDPSolver::large_full_eig_project(int, int, int, bool, bool) [0x509ae] in libcuadmm_lib.so
=========         Host Frame: SDPSolver::solve(int, double, int, int, int, int, int, double, double, bool) [0x5af0a] in libcuadmm_lib.so
=========         Host Frame: main [0x748b] in cuadmm_exe
========= 
========= Uninitialized __global__ memory read of size 8 bytes
=========     at sm90_xmma_syr2k_l_f64f64_f64f64_f64_nt_n_tilesize64x64x32_stage3_warpsize2x2x1_tensor16x8x16_aligna8_alignc8_execute_kernel__5x_cublas+0x1d00
=========     by thread (72,0,0) in block (4,4,0)
=========     Address 0x14872a004050
=========     Saved host backtrace up to driver entry point at kernel launch time
=========         Host Frame: cuLaunchKernelEx [0x3c96a9] in libcuda.so.1
=========         Host Frame:  [0x8548032] in libcublasLt.so.12
=========         Host Frame:  [0x85ae553] in libcublasLt.so.12
=========         Host Frame:  [0x387c34f] in libcublasLt.so.12
=========         Host Frame:  [0x384f886] in libcublasLt.so.12
=========         Host Frame:  [0x3d18d93] in libcublasLt.so.12
=========         Host Frame:  [0x3d2c261] in libcublasLt.so.12
=========         Host Frame:  [0xfdea1d] in libcublasLt.so.12
=========         Host Frame:  [0x112bca3] in libcublasLt.so.12
=========         Host Frame: cublasLtDDDMatmul [0x114a3e7] in libcublasLt.so.12
=========         Host Frame:  [0x1ace22] in libcublas.so.12
=========         Host Frame:  [0x1aecf3] in libcublas.so.12
=========         Host Frame:  [0x440eee] in libcublas.so.12
=========         Host Frame: cublasDsyr2k_v2_64 [0xd2931] in libcublas.so.12
=========         Host Frame:  [0x40073e] in libcusolver.so.11
=========         Host Frame:  [0x63a139] in libcusolver.so.11
=========         Host Frame:  [0x63fa56] in libcusolver.so.11
=========         Host Frame:  [0x42abaa] in libcusolver.so.11
=========         Host Frame: cusolverDnXsyevd [0x6575b0] in libcusolver.so.11
=========         Host Frame: void single_eig_cusolver<double>(DeviceSolverDnHandle&, SingleEigParameter&, DeviceDenseVector<double>&, DeviceDenseVector<double>&, DeviceDenseVector<double>&, HostDenseVector<double>&, DeviceDenseVector<int>&, int, unsigned long, unsigned long, int, int, unsigned long, unsigned long, int) [0x6588a] in libcuadmm_lib.so
=========         Host Frame: SDPSolver::large_full_eig_project(int, int, int, bool, bool) [0x509ae] in libcuadmm_lib.so
=========         Host Frame: SDPSolver::solve(int, double, int, int, int, int, int, double, double, bool) [0x5af0a] in libcuadmm_lib.so
=========         Host Frame: main [0x748b] in cuadmm_exe
========= 
========= Uninitialized __global__ memory read of size 8 bytes
=========     at sm90_xmma_syr2k_l_f64f64_f64f64_f64_nt_n_tilesize64x64x32_stage3_warpsize2x2x1_tensor16x8x16_aligna8_alignc8_execute_kernel__5x_cublas+0x1d00
=========     by thread (73,0,0) in block (4,4,0)
=========     Address 0x14872a004058
=========     Saved host backtrace up to driver entry point at kernel launch time
=========         Host Frame: cuLaunchKernelEx [0x3c96a9] in libcuda.so.1
=========         Host Frame:  [0x8548032] in libcublasLt.so.12
=========         Host Frame:  [0x85ae553] in libcublasLt.so.12
=========         Host Frame:  [0x387c34f] in libcublasLt.so.12
=========         Host Frame:  [0x384f886] in libcublasLt.so.12
=========         Host Frame:  [0x3d18d93] in libcublasLt.so.12
=========         Host Frame:  [0x3d2c261] in libcublasLt.so.12
=========         Host Frame:  [0xfdea1d] in libcublasLt.so.12
=========         Host Frame:  [0x112bca3] in libcublasLt.so.12
=========         Host Frame: cublasLtDDDMatmul [0x114a3e7] in libcublasLt.so.12
=========         Host Frame:  [0x1ace22] in libcublas.so.12
=========         Host Frame:  [0x1aecf3] in libcublas.so.12
=========         Host Frame:  [0x440eee] in libcublas.so.12
=========         Host Frame: cublasDsyr2k_v2_64 [0xd2931] in libcublas.so.12
=========         Host Frame:  [0x40073e] in libcusolver.so.11
=========         Host Frame:  [0x63a139] in libcusolver.so.11
=========         Host Frame:  [0x63fa56] in libcusolver.so.11
=========         Host Frame:  [0x42abaa] in libcusolver.so.11
=========         Host Frame: cusolverDnXsyevd [0x6575b0] in libcusolver.so.11
=========         Host Frame: void single_eig_cusolver<double>(DeviceSolverDnHandle&, SingleEigParameter&, DeviceDenseVector<double>&, DeviceDenseVector<double>&, DeviceDenseVector<double>&, HostDenseVector<double>&, DeviceDenseVector<int>&, int, unsigned long, unsigned long, int, int, unsigned long, unsigned long, int) [0x6588a] in libcuadmm_lib.so
=========         Host Frame: SDPSolver::large_full_eig_project(int, int, int, bool, bool) [0x509ae] in libcuadmm_lib.so
=========         Host Frame: SDPSolver::solve(int, double, int, int, int, int, int, double, double, bool) [0x5af0a] in libcuadmm_lib.so
=========         Host Frame: main [0x748b] in cuadmm_exe
========= 
========= Uninitialized __global__ memory read of size 8 bytes
=========     at sm90_xmma_syr2k_l_f64f64_f64f64_f64_nt_n_tilesize64x64x32_stage3_warpsize2x2x1_tensor16x8x16_aligna8_alignc8_execute_kernel__5x_cublas+0x1d00
=========     by thread (74,0,0) in block (4,4,0)
=========     Address 0x14872a004060
=========     Saved host backtrace up to driver entry point at kernel launch time
=========         Host Frame: cuLaunchKernelEx [0x3c96a9] in libcuda.so.1
=========         Host Frame:  [0x8548032] in libcublasLt.so.12
=========         Host Frame:  [0x85ae553] in libcublasLt.so.12
=========         Host Frame:  [0x387c34f] in libcublasLt.so.12
=========         Host Frame:  [0x384f886] in libcublasLt.so.12
=========         Host Frame:  [0x3d18d93] in libcublasLt.so.12
=========         Host Frame:  [0x3d2c261] in libcublasLt.so.12
=========         Host Frame:  [0xfdea1d] in libcublasLt.so.12
=========         Host Frame:  [0x112bca3] in libcublasLt.so.12
=========         Host Frame: cublasLtDDDMatmul [0x114a3e7] in libcublasLt.so.12
=========         Host Frame:  [0x1ace22] in libcublas.so.12
=========         Host Frame:  [0x1aecf3] in libcublas.so.12
=========         Host Frame:  [0x440eee] in libcublas.so.12
=========         Host Frame: cublasDsyr2k_v2_64 [0xd2931] in libcublas.so.12
=========         Host Frame:  [0x40073e] in libcusolver.so.11
=========         Host Frame:  [0x63a139] in libcusolver.so.11
=========         Host Frame:  [0x63fa56] in libcusolver.so.11
=========         Host Frame:  [0x42abaa] in libcusolver.so.11
=========         Host Frame: cusolverDnXsyevd [0x6575b0] in libcusolver.so.11
=========         Host Frame: void single_eig_cusolver<double>(DeviceSolverDnHandle&, SingleEigParameter&, DeviceDenseVector<double>&, DeviceDenseVector<double>&, DeviceDenseVector<double>&, HostDenseVector<double>&, DeviceDenseVector<int>&, int, unsigned long, unsigned long, int, int, unsigned long, unsigned long, int) [0x6588a] in libcuadmm_lib.so
=========         Host Frame: SDPSolver::large_full_eig_project(int, int, int, bool, bool) [0x509ae] in libcuadmm_lib.so
=========         Host Frame: SDPSolver::solve(int, double, int, int, int, int, int, double, double, bool) [0x5af0a] in libcuadmm_lib.so
=========         Host Frame: main [0x748b] in cuadmm_exe
========= 
========= Uninitialized __global__ memory read of size 8 bytes
=========     at sm90_xmma_syr2k_l_f64f64_f64f64_f64_nt_n_tilesize64x64x32_stage3_warpsize2x2x1_tensor16x8x16_aligna8_alignc8_execute_kernel__5x_cublas+0x1d00
=========     by thread (75,0,0) in block (4,4,0)
=========     Address 0x14872a004068
=========     Saved host backtrace up to driver entry point at kernel launch time
=========         Host Frame: cuLaunchKernelEx [0x3c96a9] in libcuda.so.1
=========         Host Frame:  [0x8548032] in libcublasLt.so.12
=========         Host Frame:  [0x85ae553] in libcublasLt.so.12
=========         Host Frame:  [0x387c34f] in libcublasLt.so.12
=========         Host Frame:  [0x384f886] in libcublasLt.so.12
=========         Host Frame:  [0x3d18d93] in libcublasLt.so.12
=========         Host Frame:  [0x3d2c261] in libcublasLt.so.12
=========         Host Frame:  [0xfdea1d] in libcublasLt.so.12
=========         Host Frame:  [0x112bca3] in libcublasLt.so.12
=========         Host Frame: cublasLtDDDMatmul [0x114a3e7] in libcublasLt.so.12
=========         Host Frame:  [0x1ace22] in libcublas.so.12
=========         Host Frame:  [0x1aecf3] in libcublas.so.12
=========         Host Frame:  [0x440eee] in libcublas.so.12
=========         Host Frame: cublasDsyr2k_v2_64 [0xd2931] in libcublas.so.12
=========         Host Frame:  [0x40073e] in libcusolver.so.11
=========         Host Frame:  [0x63a139] in libcusolver.so.11
=========         Host Frame:  [0x63fa56] in libcusolver.so.11
=========         Host Frame:  [0x42abaa] in libcusolver.so.11
=========         Host Frame: cusolverDnXsyevd [0x6575b0] in libcusolver.so.11
=========         Host Frame: void single_eig_cusolver<double>(DeviceSolverDnHandle&, SingleEigParameter&, DeviceDenseVector<double>&, DeviceDenseVector<double>&, DeviceDenseVector<double>&, HostDenseVector<double>&, DeviceDenseVector<int>&, int, unsigned long, unsigned long, int, int, unsigned long, unsigned long, int) [0x6588a] in libcuadmm_lib.so
=========         Host Frame: SDPSolver::large_full_eig_project(int, int, int, bool, bool) [0x509ae] in libcuadmm_lib.so
=========         Host Frame: SDPSolver::solve(int, double, int, int, int, int, int, double, double, bool) [0x5af0a] in libcuadmm_lib.so
=========         Host Frame: main [0x748b] in cuadmm_exe
========= 
========= Uninitialized __global__ memory read of size 8 bytes
=========     at sm90_xmma_syr2k_l_f64f64_f64f64_f64_nt_n_tilesize64x64x32_stage3_warpsize2x2x1_tensor16x8x16_aligna8_alignc8_execute_kernel__5x_cublas+0x1d00
=========     by thread (76,0,0) in block (4,4,0)
=========     Address 0x14872a004070
=========     Saved host backtrace up to driver entry point at kernel launch time
=========         Host Frame: cuLaunchKernelEx [0x3c96a9] in libcuda.so.1
=========         Host Frame:  [0x8548032] in libcublasLt.so.12
=========         Host Frame:  [0x85ae553] in libcublasLt.so.12
=========         Host Frame:  [0x387c34f] in libcublasLt.so.12
=========         Host Frame:  [0x384f886] in libcublasLt.so.12
=========         Host Frame:  [0x3d18d93] in libcublasLt.so.12
=========         Host Frame:  [0x3d2c261] in libcublasLt.so.12
=========         Host Frame:  [0xfdea1d] in libcublasLt.so.12
=========         Host Frame:  [0x112bca3] in libcublasLt.so.12
=========         Host Frame: cublasLtDDDMatmul [0x114a3e7] in libcublasLt.so.12
=========         Host Frame:  [0x1ace22] in libcublas.so.12
=========         Host Frame:  [0x1aecf3] in libcublas.so.12
=========         Host Frame:  [0x440eee] in libcublas.so.12
=========         Host Frame: cublasDsyr2k_v2_64 [0xd2931] in libcublas.so.12
=========         Host Frame:  [0x40073e] in libcusolver.so.11
=========         Host Frame:  [0x63a139] in libcusolver.so.11
=========         Host Frame:  [0x63fa56] in libcusolver.so.11
=========         Host Frame:  [0x42abaa] in libcusolver.so.11
=========         Host Frame: cusolverDnXsyevd [0x6575b0] in libcusolver.so.11
=========         Host Frame: void single_eig_cusolver<double>(DeviceSolverDnHandle&, SingleEigParameter&, DeviceDenseVector<double>&, DeviceDenseVector<double>&, DeviceDenseVector<double>&, HostDenseVector<double>&, DeviceDenseVector<int>&, int, unsigned long, unsigned long, int, int, unsigned long, unsigned long, int) [0x6588a] in libcuadmm_lib.so
=========         Host Frame: SDPSolver::large_full_eig_project(int, int, int, bool, bool) [0x509ae] in libcuadmm_lib.so
=========         Host Frame: SDPSolver::solve(int, double, int, int, int, int, int, double, double, bool) [0x5af0a] in libcuadmm_lib.so
=========         Host Frame: main [0x748b] in cuadmm_exe
========= 
========= Uninitialized __global__ memory read of size 8 bytes
=========     at sm90_xmma_syr2k_l_f64f64_f64f64_f64_nt_n_tilesize64x64x32_stage3_warpsize2x2x1_tensor16x8x16_aligna8_alignc8_execute_kernel__5x_cublas+0x1d00
=========     by thread (77,0,0) in block (4,4,0)
=========     Address 0x14872a004078
=========     Saved host backtrace up to driver entry point at kernel launch time
=========         Host Frame: cuLaunchKernelEx [0x3c96a9] in libcuda.so.1
=========         Host Frame:  [0x8548032] in libcublasLt.so.12
=========         Host Frame:  [0x85ae553] in libcublasLt.so.12
=========         Host Frame:  [0x387c34f] in libcublasLt.so.12
=========         Host Frame:  [0x384f886] in libcublasLt.so.12
=========         Host Frame:  [0x3d18d93] in libcublasLt.so.12
=========         Host Frame:  [0x3d2c261] in libcublasLt.so.12
=========         Host Frame:  [0xfdea1d] in libcublasLt.so.12
=========         Host Frame:  [0x112bca3] in libcublasLt.so.12
=========         Host Frame: cublasLtDDDMatmul [0x114a3e7] in libcublasLt.so.12
=========         Host Frame:  [0x1ace22] in libcublas.so.12
=========         Host Frame:  [0x1aecf3] in libcublas.so.12
=========         Host Frame:  [0x440eee] in libcublas.so.12
=========         Host Frame: cublasDsyr2k_v2_64 [0xd2931] in libcublas.so.12
=========         Host Frame:  [0x40073e] in libcusolver.so.11
=========         Host Frame:  [0x63a139] in libcusolver.so.11
=========         Host Frame:  [0x63fa56] in libcusolver.so.11
=========         Host Frame:  [0x42abaa] in libcusolver.so.11
=========         Host Frame: cusolverDnXsyevd [0x6575b0] in libcusolver.so.11
=========         Host Frame: void single_eig_cusolver<double>(DeviceSolverDnHandle&, SingleEigParameter&, DeviceDenseVector<double>&, DeviceDenseVector<double>&, DeviceDenseVector<double>&, HostDenseVector<double>&, DeviceDenseVector<int>&, int, unsigned long, unsigned long, int, int, unsigned long, unsigned long, int) [0x6588a] in libcuadmm_lib.so
=========         Host Frame: SDPSolver::large_full_eig_project(int, int, int, bool, bool) [0x509ae] in libcuadmm_lib.so
=========         Host Frame: SDPSolver::solve(int, double, int, int, int, int, int, double, double, bool) [0x5af0a] in libcuadmm_lib.so
=========         Host Frame: main [0x748b] in cuadmm_exe
========= 
========= Uninitialized __global__ memory read of size 8 bytes
=========     at sm90_xmma_syr2k_l_f64f64_f64f64_f64_nt_n_tilesize64x64x32_stage3_warpsize2x2x1_tensor16x8x16_aligna8_alignc8_execute_kernel__5x_cublas+0x1d00
=========     by thread (78,0,0) in block (4,4,0)
=========     Address 0x14872a004080
=========     Saved host backtrace up to driver entry point at kernel launch time
=========         Host Frame: cuLaunchKernelEx [0x3c96a9] in libcuda.so.1
=========         Host Frame:  [0x8548032] in libcublasLt.so.12
=========         Host Frame:  [0x85ae553] in libcublasLt.so.12
=========         Host Frame:  [0x387c34f] in libcublasLt.so.12
=========         Host Frame:  [0x384f886] in libcublasLt.so.12
=========         Host Frame:  [0x3d18d93] in libcublasLt.so.12
=========         Host Frame:  [0x3d2c261] in libcublasLt.so.12
=========         Host Frame:  [0xfdea1d] in libcublasLt.so.12
=========         Host Frame:  [0x112bca3] in libcublasLt.so.12
=========         Host Frame: cublasLtDDDMatmul [0x114a3e7] in libcublasLt.so.12
=========         Host Frame:  [0x1ace22] in libcublas.so.12
=========         Host Frame:  [0x1aecf3] in libcublas.so.12
=========         Host Frame:  [0x440eee] in libcublas.so.12
=========         Host Frame: cublasDsyr2k_v2_64 [0xd2931] in libcublas.so.12
=========         Host Frame:  [0x40073e] in libcusolver.so.11
=========         Host Frame:  [0x63a139] in libcusolver.so.11
=========         Host Frame:  [0x63fa56] in libcusolver.so.11
=========         Host Frame:  [0x42abaa] in libcusolver.so.11
=========         Host Frame: cusolverDnXsyevd [0x6575b0] in libcusolver.so.11
=========         Host Frame: void single_eig_cusolver<double>(DeviceSolverDnHandle&, SingleEigParameter&, DeviceDenseVector<double>&, DeviceDenseVector<double>&, DeviceDenseVector<double>&, HostDenseVector<double>&, DeviceDenseVector<int>&, int, unsigned long, unsigned long, int, int, unsigned long, unsigned long, int) [0x6588a] in libcuadmm_lib.so
=========         Host Frame: SDPSolver::large_full_eig_project(int, int, int, bool, bool) [0x509ae] in libcuadmm_lib.so
=========         Host Frame: SDPSolver::solve(int, double, int, int, int, int, int, double, double, bool) [0x5af0a] in libcuadmm_lib.so
=========         Host Frame: main [0x748b] in cuadmm_exe
========= 
========= Uninitialized __global__ memory read of size 8 bytes
=========     at sm90_xmma_syr2k_l_f64f64_f64f64_f64_nt_n_tilesize64x64x32_stage3_warpsize2x2x1_tensor16x8x16_aligna8_alignc8_execute_kernel__5x_cublas+0x1d00
=========     by thread (79,0,0) in block (4,4,0)
=========     Address 0x14872a004088
=========     Saved host backtrace up to driver entry point at kernel launch time
=========         Host Frame: cuLaunchKernelEx [0x3c96a9] in libcuda.so.1
=========         Host Frame:  [0x8548032] in libcublasLt.so.12
=========         Host Frame:  [0x85ae553] in libcublasLt.so.12
=========         Host Frame:  [0x387c34f] in libcublasLt.so.12
=========         Host Frame:  [0x384f886] in libcublasLt.so.12
=========         Host Frame:  [0x3d18d93] in libcublasLt.so.12
=========         Host Frame:  [0x3d2c261] in libcublasLt.so.12
=========         Host Frame:  [0xfdea1d] in libcublasLt.so.12
=========         Host Frame:  [0x112bca3] in libcublasLt.so.12
=========         Host Frame: cublasLtDDDMatmul [0x114a3e7] in libcublasLt.so.12
=========         Host Frame:  [0x1ace22] in libcublas.so.12
=========         Host Frame:  [0x1aecf3] in libcublas.so.12
=========         Host Frame:  [0x440eee] in libcublas.so.12
=========         Host Frame: cublasDsyr2k_v2_64 [0xd2931] in libcublas.so.12
=========         Host Frame:  [0x40073e] in libcusolver.so.11
=========         Host Frame:  [0x63a139] in libcusolver.so.11
=========         Host Frame:  [0x63fa56] in libcusolver.so.11
=========         Host Frame:  [0x42abaa] in libcusolver.so.11
=========         Host Frame: cusolverDnXsyevd [0x6575b0] in libcusolver.so.11
=========         Host Frame: void single_eig_cusolver<double>(DeviceSolverDnHandle&, SingleEigParameter&, DeviceDenseVector<double>&, DeviceDenseVector<double>&, DeviceDenseVector<double>&, HostDenseVector<double>&, DeviceDenseVector<int>&, int, unsigned long, unsigned long, int, int, unsigned long, unsigned long, int) [0x6588a] in libcuadmm_lib.so
=========         Host Frame: SDPSolver::large_full_eig_project(int, int, int, bool, bool) [0x509ae] in libcuadmm_lib.so
=========         Host Frame: SDPSolver::solve(int, double, int, int, int, int, int, double, double, bool) [0x5af0a] in libcuadmm_lib.so
=========         Host Frame: main [0x748b] in cuadmm_exe
========= 
========= Uninitialized __global__ memory read of size 8 bytes
=========     at sm90_xmma_syr2k_l_f64f64_f64f64_f64_nt_n_tilesize64x64x32_stage3_warpsize2x2x1_tensor16x8x16_aligna8_alignc8_execute_kernel__5x_cublas+0x1d00
=========     by thread (80,0,0) in block (4,4,0)
=========     Address 0x14872a004090
=========     Saved host backtrace up to driver entry point at kernel launch time
=========         Host Frame: cuLaunchKernelEx [0x3c96a9] in libcuda.so.1
=========         Host Frame:  [0x8548032] in libcublasLt.so.12
=========         Host Frame:  [0x85ae553] in libcublasLt.so.12
=========         Host Frame:  [0x387c34f] in libcublasLt.so.12
=========         Host Frame:  [0x384f886] in libcublasLt.so.12
=========         Host Frame:  [0x3d18d93] in libcublasLt.so.12
=========         Host Frame:  [0x3d2c261] in libcublasLt.so.12
=========         Host Frame:  [0xfdea1d] in libcublasLt.so.12
=========         Host Frame:  [0x112bca3] in libcublasLt.so.12
=========         Host Frame: cublasLtDDDMatmul [0x114a3e7] in libcublasLt.so.12
=========         Host Frame:  [0x1ace22] in libcublas.so.12
=========         Host Frame:  [0x1aecf3] in libcublas.so.12
=========         Host Frame:  [0x440eee] in libcublas.so.12
=========         Host Frame: cublasDsyr2k_v2_64 [0xd2931] in libcublas.so.12
=========         Host Frame:  [0x40073e] in libcusolver.so.11
=========         Host Frame:  [0x63a139] in libcusolver.so.11
=========         Host Frame:  [0x63fa56] in libcusolver.so.11
=========         Host Frame:  [0x42abaa] in libcusolver.so.11
=========         Host Frame: cusolverDnXsyevd [0x6575b0] in libcusolver.so.11
=========         Host Frame: void single_eig_cusolver<double>(DeviceSolverDnHandle&, SingleEigParameter&, DeviceDenseVector<double>&, DeviceDenseVector<double>&, DeviceDenseVector<double>&, HostDenseVector<double>&, DeviceDenseVector<int>&, int, unsigned long, unsigned long, int, int, unsigned long, unsigned long, int) [0x6588a] in libcuadmm_lib.so
=========         Host Frame: SDPSolver::large_full_eig_project(int, int, int, bool, bool) [0x509ae] in libcuadmm_lib.so
=========         Host Frame: SDPSolver::solve(int, double, int, int, int, int, int, double, double, bool) [0x5af0a] in libcuadmm_lib.so
=========         Host Frame: main [0x748b] in cuadmm_exe
========= 
========= Uninitialized __global__ memory read of size 8 bytes
=========     at sm90_xmma_syr2k_l_f64f64_f64f64_f64_nt_n_tilesize64x64x32_stage3_warpsize2x2x1_tensor16x8x16_aligna8_alignc8_execute_kernel__5x_cublas+0x1d00
=========     by thread (81,0,0) in block (4,4,0)
=========     Address 0x14872a004098
=========     Saved host backtrace up to driver entry point at kernel launch time
=========         Host Frame: cuLaunchKernelEx [0x3c96a9] in libcuda.so.1
=========         Host Frame:  [0x8548032] in libcublasLt.so.12
=========         Host Frame:  [0x85ae553] in libcublasLt.so.12
=========         Host Frame:  [0x387c34f] in libcublasLt.so.12
=========         Host Frame:  [0x384f886] in libcublasLt.so.12
=========         Host Frame:  [0x3d18d93] in libcublasLt.so.12
=========         Host Frame:  [0x3d2c261] in libcublasLt.so.12
=========         Host Frame:  [0xfdea1d] in libcublasLt.so.12
=========         Host Frame:  [0x112bca3] in libcublasLt.so.12
=========         Host Frame: cublasLtDDDMatmul [0x114a3e7] in libcublasLt.so.12
=========         Host Frame:  [0x1ace22] in libcublas.so.12
=========         Host Frame:  [0x1aecf3] in libcublas.so.12
=========         Host Frame:  [0x440eee] in libcublas.so.12
=========         Host Frame: cublasDsyr2k_v2_64 [0xd2931] in libcublas.so.12
=========         Host Frame:  [0x40073e] in libcusolver.so.11
=========         Host Frame:  [0x63a139] in libcusolver.so.11
=========         Host Frame:  [0x63fa56] in libcusolver.so.11
=========         Host Frame:  [0x42abaa] in libcusolver.so.11
=========         Host Frame: cusolverDnXsyevd [0x6575b0] in libcusolver.so.11
=========         Host Frame: void single_eig_cusolver<double>(DeviceSolverDnHandle&, SingleEigParameter&, DeviceDenseVector<double>&, DeviceDenseVector<double>&, DeviceDenseVector<double>&, HostDenseVector<double>&, DeviceDenseVector<int>&, int, unsigned long, unsigned long, int, int, unsigned long, unsigned long, int) [0x6588a] in libcuadmm_lib.so
=========         Host Frame: SDPSolver::large_full_eig_project(int, int, int, bool, bool) [0x509ae] in libcuadmm_lib.so
=========         Host Frame: SDPSolver::solve(int, double, int, int, int, int, int, double, double, bool) [0x5af0a] in libcuadmm_lib.so
=========         Host Frame: main [0x748b] in cuadmm_exe
========= 
========= Uninitialized __global__ memory read of size 8 bytes
=========     at sm90_xmma_syr2k_l_f64f64_f64f64_f64_nt_n_tilesize64x64x32_stage3_warpsize2x2x1_tensor16x8x16_aligna8_alignc8_execute_kernel__5x_cublas+0x1d00
=========     by thread (82,0,0) in block (4,4,0)
=========     Address 0x14872a0040a0
=========     Saved host backtrace up to driver entry point at kernel launch time
=========         Host Frame: cuLaunchKernelEx [0x3c96a9] in libcuda.so.1
=========         Host Frame:  [0x8548032] in libcublasLt.so.12
=========         Host Frame:  [0x85ae553] in libcublasLt.so.12
=========         Host Frame:  [0x387c34f] in libcublasLt.so.12
=========         Host Frame:  [0x384f886] in libcublasLt.so.12
=========         Host Frame:  [0x3d18d93] in libcublasLt.so.12
=========         Host Frame:  [0x3d2c261] in libcublasLt.so.12
=========         Host Frame:  [0xfdea1d] in libcublasLt.so.12
=========         Host Frame:  [0x112bca3] in libcublasLt.so.12
=========         Host Frame: cublasLtDDDMatmul [0x114a3e7] in libcublasLt.so.12
=========         Host Frame:  [0x1ace22] in libcublas.so.12
=========         Host Frame:  [0x1aecf3] in libcublas.so.12
=========         Host Frame:  [0x440eee] in libcublas.so.12
=========         Host Frame: cublasDsyr2k_v2_64 [0xd2931] in libcublas.so.12
=========         Host Frame:  [0x40073e] in libcusolver.so.11
=========         Host Frame:  [0x63a139] in libcusolver.so.11
=========         Host Frame:  [0x63fa56] in libcusolver.so.11
=========         Host Frame:  [0x42abaa] in libcusolver.so.11
=========         Host Frame: cusolverDnXsyevd [0x6575b0] in libcusolver.so.11
=========         Host Frame: void single_eig_cusolver<double>(DeviceSolverDnHandle&, SingleEigParameter&, DeviceDenseVector<double>&, DeviceDenseVector<double>&, DeviceDenseVector<double>&, HostDenseVector<double>&, DeviceDenseVector<int>&, int, unsigned long, unsigned long, int, int, unsigned long, unsigned long, int) [0x6588a] in libcuadmm_lib.so
=========         Host Frame: SDPSolver::large_full_eig_project(int, int, int, bool, bool) [0x509ae] in libcuadmm_lib.so
=========         Host Frame: SDPSolver::solve(int, double, int, int, int, int, int, double, double, bool) [0x5af0a] in libcuadmm_lib.so
=========         Host Frame: main [0x748b] in cuadmm_exe
========= 
========= Uninitialized __global__ memory read of size 8 bytes
=========     at sm90_xmma_syr2k_l_f64f64_f64f64_f64_nt_n_tilesize64x64x32_stage3_warpsize2x2x1_tensor16x8x16_aligna8_alignc8_execute_kernel__5x_cublas+0x1d00
=========     by thread (83,0,0) in block (4,4,0)
=========     Address 0x14872a0040a8
=========     Saved host backtrace up to driver entry point at kernel launch time
=========         Host Frame: cuLaunchKernelEx [0x3c96a9] in libcuda.so.1
=========         Host Frame:  [0x8548032] in libcublasLt.so.12
=========         Host Frame:  [0x85ae553] in libcublasLt.so.12
=========         Host Frame:  [0x387c34f] in libcublasLt.so.12
=========         Host Frame:  [0x384f886] in libcublasLt.so.12
=========         Host Frame:  [0x3d18d93] in libcublasLt.so.12
=========         Host Frame:  [0x3d2c261] in libcublasLt.so.12
=========         Host Frame:  [0xfdea1d] in libcublasLt.so.12
=========         Host Frame:  [0x112bca3] in libcublasLt.so.12
=========         Host Frame: cublasLtDDDMatmul [0x114a3e7] in libcublasLt.so.12
=========         Host Frame:  [0x1ace22] in libcublas.so.12
=========         Host Frame:  [0x1aecf3] in libcublas.so.12
=========         Host Frame:  [0x440eee] in libcublas.so.12
=========         Host Frame: cublasDsyr2k_v2_64 [0xd2931] in libcublas.so.12
=========         Host Frame:  [0x40073e] in libcusolver.so.11
=========         Host Frame:  [0x63a139] in libcusolver.so.11
=========         Host Frame:  [0x63fa56] in libcusolver.so.11
=========         Host Frame:  [0x42abaa] in libcusolver.so.11
=========         Host Frame: cusolverDnXsyevd [0x6575b0] in libcusolver.so.11
=========         Host Frame: void single_eig_cusolver<double>(DeviceSolverDnHandle&, SingleEigParameter&, DeviceDenseVector<double>&, DeviceDenseVector<double>&, DeviceDenseVector<double>&, HostDenseVector<double>&, DeviceDenseVector<int>&, int, unsigned long, unsigned long, int, int, unsigned long, unsigned long, int) [0x6588a] in libcuadmm_lib.so
=========         Host Frame: SDPSolver::large_full_eig_project(int, int, int, bool, bool) [0x509ae] in libcuadmm_lib.so
=========         Host Frame: SDPSolver::solve(int, double, int, int, int, int, int, double, double, bool) [0x5af0a] in libcuadmm_lib.so
=========         Host Frame: main [0x748b] in cuadmm_exe
========= 
========= Uninitialized __global__ memory read of size 8 bytes
=========     at sm90_xmma_syr2k_l_f64f64_f64f64_f64_nt_n_tilesize64x64x32_stage3_warpsize2x2x1_tensor16x8x16_aligna8_alignc8_execute_kernel__5x_cublas+0x1d00
=========     by thread (84,0,0) in block (4,4,0)
=========     Address 0x14872a0040b0
=========     Saved host backtrace up to driver entry point at kernel launch time
=========         Host Frame: cuLaunchKernelEx [0x3c96a9] in libcuda.so.1
=========         Host Frame:  [0x8548032] in libcublasLt.so.12
=========         Host Frame:  [0x85ae553] in libcublasLt.so.12
=========         Host Frame:  [0x387c34f] in libcublasLt.so.12
=========         Host Frame:  [0x384f886] in libcublasLt.so.12
=========         Host Frame:  [0x3d18d93] in libcublasLt.so.12
=========         Host Frame:  [0x3d2c261] in libcublasLt.so.12
=========         Host Frame:  [0xfdea1d] in libcublasLt.so.12
=========         Host Frame:  [0x112bca3] in libcublasLt.so.12
=========         Host Frame: cublasLtDDDMatmul [0x114a3e7] in libcublasLt.so.12
=========         Host Frame:  [0x1ace22] in libcublas.so.12
=========         Host Frame:  [0x1aecf3] in libcublas.so.12
=========         Host Frame:  [0x440eee] in libcublas.so.12
=========         Host Frame: cublasDsyr2k_v2_64 [0xd2931] in libcublas.so.12
=========         Host Frame:  [0x40073e] in libcusolver.so.11
=========         Host Frame:  [0x63a139] in libcusolver.so.11
=========         Host Frame:  [0x63fa56] in libcusolver.so.11
=========         Host Frame:  [0x42abaa] in libcusolver.so.11
=========         Host Frame: cusolverDnXsyevd [0x6575b0] in libcusolver.so.11
=========         Host Frame: void single_eig_cusolver<double>(DeviceSolverDnHandle&, SingleEigParameter&, DeviceDenseVector<double>&, DeviceDenseVector<double>&, DeviceDenseVector<double>&, HostDenseVector<double>&, DeviceDenseVector<int>&, int, unsigned long, unsigned long, int, int, unsigned long, unsigned long, int) [0x6588a] in libcuadmm_lib.so
=========         Host Frame: SDPSolver::large_full_eig_project(int, int, int, bool, bool) [0x509ae] in libcuadmm_lib.so
=========         Host Frame: SDPSolver::solve(int, double, int, int, int, int, int, double, double, bool) [0x5af0a] in libcuadmm_lib.so
=========         Host Frame: main [0x748b] in cuadmm_exe
========= 
========= Uninitialized __global__ memory read of size 8 bytes
=========     at sm90_xmma_syr2k_l_f64f64_f64f64_f64_nt_n_tilesize64x64x32_stage3_warpsize2x2x1_tensor16x8x16_aligna8_alignc8_execute_kernel__5x_cublas+0x1d00
=========     by thread (85,0,0) in block (4,4,0)
=========     Address 0x14872a0040b8
=========     Saved host backtrace up to driver entry point at kernel launch time
=========         Host Frame: cuLaunchKernelEx [0x3c96a9] in libcuda.so.1
=========         Host Frame:  [0x8548032] in libcublasLt.so.12
=========         Host Frame:  [0x85ae553] in libcublasLt.so.12
=========         Host Frame:  [0x387c34f] in libcublasLt.so.12
=========         Host Frame:  [0x384f886] in libcublasLt.so.12
=========         Host Frame:  [0x3d18d93] in libcublasLt.so.12
=========         Host Frame:  [0x3d2c261] in libcublasLt.so.12
=========         Host Frame:  [0xfdea1d] in libcublasLt.so.12
=========         Host Frame:  [0x112bca3] in libcublasLt.so.12
=========         Host Frame: cublasLtDDDMatmul [0x114a3e7] in libcublasLt.so.12
=========         Host Frame:  [0x1ace22] in libcublas.so.12
=========         Host Frame:  [0x1aecf3] in libcublas.so.12
=========         Host Frame:  [0x440eee] in libcublas.so.12
=========         Host Frame: cublasDsyr2k_v2_64 [0xd2931] in libcublas.so.12
=========         Host Frame:  [0x40073e] in libcusolver.so.11
=========         Host Frame:  [0x63a139] in libcusolver.so.11
=========         Host Frame:  [0x63fa56] in libcusolver.so.11
=========         Host Frame:  [0x42abaa] in libcusolver.so.11
=========         Host Frame: cusolverDnXsyevd [0x6575b0] in libcusolver.so.11
=========         Host Frame: void single_eig_cusolver<double>(DeviceSolverDnHandle&, SingleEigParameter&, DeviceDenseVector<double>&, DeviceDenseVector<double>&, DeviceDenseVector<double>&, HostDenseVector<double>&, DeviceDenseVector<int>&, int, unsigned long, unsigned long, int, int, unsigned long, unsigned long, int) [0x6588a] in libcuadmm_lib.so
=========         Host Frame: SDPSolver::large_full_eig_project(int, int, int, bool, bool) [0x509ae] in libcuadmm_lib.so
=========         Host Frame: SDPSolver::solve(int, double, int, int, int, int, int, double, double, bool) [0x5af0a] in libcuadmm_lib.so
=========         Host Frame: main [0x748b] in cuadmm_exe
========= 
========= Uninitialized __global__ memory read of size 8 bytes
=========     at sm90_xmma_syr2k_l_f64f64_f64f64_f64_nt_n_tilesize64x64x32_stage3_warpsize2x2x1_tensor16x8x16_aligna8_alignc8_execute_kernel__5x_cublas+0x1d00
=========     by thread (86,0,0) in block (4,4,0)
=========     Address 0x14872a0040c0
=========     Saved host backtrace up to driver entry point at kernel launch time
=========         Host Frame: cuLaunchKernelEx [0x3c96a9] in libcuda.so.1
=========         Host Frame:  [0x8548032] in libcublasLt.so.12
=========         Host Frame:  [0x85ae553] in libcublasLt.so.12
=========         Host Frame:  [0x387c34f] in libcublasLt.so.12
=========         Host Frame:  [0x384f886] in libcublasLt.so.12
=========         Host Frame:  [0x3d18d93] in libcublasLt.so.12
=========         Host Frame:  [0x3d2c261] in libcublasLt.so.12
=========         Host Frame:  [0xfdea1d] in libcublasLt.so.12
=========         Host Frame:  [0x112bca3] in libcublasLt.so.12
=========         Host Frame: cublasLtDDDMatmul [0x114a3e7] in libcublasLt.so.12
=========         Host Frame:  [0x1ace22] in libcublas.so.12
=========         Host Frame:  [0x1aecf3] in libcublas.so.12
=========         Host Frame:  [0x440eee] in libcublas.so.12
=========         Host Frame: cublasDsyr2k_v2_64 [0xd2931] in libcublas.so.12
=========         Host Frame:  [0x40073e] in libcusolver.so.11
=========         Host Frame:  [0x63a139] in libcusolver.so.11
=========         Host Frame:  [0x63fa56] in libcusolver.so.11
=========         Host Frame:  [0x42abaa] in libcusolver.so.11
=========         Host Frame: cusolverDnXsyevd [0x6575b0] in libcusolver.so.11
=========         Host Frame: void single_eig_cusolver<double>(DeviceSolverDnHandle&, SingleEigParameter&, DeviceDenseVector<double>&, DeviceDenseVector<double>&, DeviceDenseVector<double>&, HostDenseVector<double>&, DeviceDenseVector<int>&, int, unsigned long, unsigned long, int, int, unsigned long, unsigned long, int) [0x6588a] in libcuadmm_lib.so
=========         Host Frame: SDPSolver::large_full_eig_project(int, int, int, bool, bool) [0x509ae] in libcuadmm_lib.so
=========         Host Frame: SDPSolver::solve(int, double, int, int, int, int, int, double, double, bool) [0x5af0a] in libcuadmm_lib.so
=========         Host Frame: main [0x748b] in cuadmm_exe
========= 
========= Uninitialized __global__ memory read of size 8 bytes
=========     at sm90_xmma_syr2k_l_f64f64_f64f64_f64_nt_n_tilesize64x64x32_stage3_warpsize2x2x1_tensor16x8x16_aligna8_alignc8_execute_kernel__5x_cublas+0x1d00
=========     by thread (87,0,0) in block (4,4,0)
=========     Address 0x14872a0040c8
=========     Saved host backtrace up to driver entry point at kernel launch time
=========         Host Frame: cuLaunchKernelEx [0x3c96a9] in libcuda.so.1
=========         Host Frame:  [0x8548032] in libcublasLt.so.12
=========         Host Frame:  [0x85ae553] in libcublasLt.so.12
=========         Host Frame:  [0x387c34f] in libcublasLt.so.12
=========         Host Frame:  [0x384f886] in libcublasLt.so.12
=========         Host Frame:  [0x3d18d93] in libcublasLt.so.12
=========         Host Frame:  [0x3d2c261] in libcublasLt.so.12
=========         Host Frame:  [0xfdea1d] in libcublasLt.so.12
=========         Host Frame:  [0x112bca3] in libcublasLt.so.12
=========         Host Frame: cublasLtDDDMatmul [0x114a3e7] in libcublasLt.so.12
=========         Host Frame:  [0x1ace22] in libcublas.so.12
=========         Host Frame:  [0x1aecf3] in libcublas.so.12
=========         Host Frame:  [0x440eee] in libcublas.so.12
=========         Host Frame: cublasDsyr2k_v2_64 [0xd2931] in libcublas.so.12
=========         Host Frame:  [0x40073e] in libcusolver.so.11
=========         Host Frame:  [0x63a139] in libcusolver.so.11
=========         Host Frame:  [0x63fa56] in libcusolver.so.11
=========         Host Frame:  [0x42abaa] in libcusolver.so.11
=========         Host Frame: cusolverDnXsyevd [0x6575b0] in libcusolver.so.11
=========         Host Frame: void single_eig_cusolver<double>(DeviceSolverDnHandle&, SingleEigParameter&, DeviceDenseVector<double>&, DeviceDenseVector<double>&, DeviceDenseVector<double>&, HostDenseVector<double>&, DeviceDenseVector<int>&, int, unsigned long, unsigned long, int, int, unsigned long, unsigned long, int) [0x6588a] in libcuadmm_lib.so
=========         Host Frame: SDPSolver::large_full_eig_project(int, int, int, bool, bool) [0x509ae] in libcuadmm_lib.so
=========         Host Frame: SDPSolver::solve(int, double, int, int, int, int, int, double, double, bool) [0x5af0a] in libcuadmm_lib.so
=========         Host Frame: main [0x748b] in cuadmm_exe
========= 
========= Uninitialized __global__ memory read of size 8 bytes
=========     at sm90_xmma_syr2k_l_f64f64_f64f64_f64_nt_n_tilesize64x64x32_stage3_warpsize2x2x1_tensor16x8x16_aligna8_alignc8_execute_kernel__5x_cublas+0x1d00
=========     by thread (88,0,0) in block (4,4,0)
=========     Address 0x14872a0040d0
=========     Saved host backtrace up to driver entry point at kernel launch time
=========         Host Frame: cuLaunchKernelEx [0x3c96a9] in libcuda.so.1
=========         Host Frame:  [0x8548032] in libcublasLt.so.12
=========         Host Frame:  [0x85ae553] in libcublasLt.so.12
=========         Host Frame:  [0x387c34f] in libcublasLt.so.12
=========         Host Frame:  [0x384f886] in libcublasLt.so.12
=========         Host Frame:  [0x3d18d93] in libcublasLt.so.12
=========         Host Frame:  [0x3d2c261] in libcublasLt.so.12
=========         Host Frame:  [0xfdea1d] in libcublasLt.so.12
=========         Host Frame:  [0x112bca3] in libcublasLt.so.12
=========         Host Frame: cublasLtDDDMatmul [0x114a3e7] in libcublasLt.so.12
=========         Host Frame:  [0x1ace22] in libcublas.so.12
=========         Host Frame:  [0x1aecf3] in libcublas.so.12
=========         Host Frame:  [0x440eee] in libcublas.so.12
=========         Host Frame: cublasDsyr2k_v2_64 [0xd2931] in libcublas.so.12
=========         Host Frame:  [0x40073e] in libcusolver.so.11
=========         Host Frame:  [0x63a139] in libcusolver.so.11
=========         Host Frame:  [0x63fa56] in libcusolver.so.11
=========         Host Frame:  [0x42abaa] in libcusolver.so.11
=========         Host Frame: cusolverDnXsyevd [0x6575b0] in libcusolver.so.11
=========         Host Frame: void single_eig_cusolver<double>(DeviceSolverDnHandle&, SingleEigParameter&, DeviceDenseVector<double>&, DeviceDenseVector<double>&, DeviceDenseVector<double>&, HostDenseVector<double>&, DeviceDenseVector<int>&, int, unsigned long, unsigned long, int, int, unsigned long, unsigned long, int) [0x6588a] in libcuadmm_lib.so
=========         Host Frame: SDPSolver::large_full_eig_project(int, int, int, bool, bool) [0x509ae] in libcuadmm_lib.so
=========         Host Frame: SDPSolver::solve(int, double, int, int, int, int, int, double, double, bool) [0x5af0a] in libcuadmm_lib.so
=========         Host Frame: main [0x748b] in cuadmm_exe
========= 
========= Uninitialized __global__ memory read of size 8 bytes
=========     at sm90_xmma_syr2k_l_f64f64_f64f64_f64_nt_n_tilesize64x64x32_stage3_warpsize2x2x1_tensor16x8x16_aligna8_alignc8_execute_kernel__5x_cublas+0x1d00
=========     by thread (89,0,0) in block (4,4,0)
=========     Address 0x14872a0040d8
=========     Saved host backtrace up to driver entry point at kernel launch time
=========         Host Frame: cuLaunchKernelEx [0x3c96a9] in libcuda.so.1
=========         Host Frame:  [0x8548032] in libcublasLt.so.12
=========         Host Frame:  [0x85ae553] in libcublasLt.so.12
=========         Host Frame:  [0x387c34f] in libcublasLt.so.12
=========         Host Frame:  [0x384f886] in libcublasLt.so.12
=========         Host Frame:  [0x3d18d93] in libcublasLt.so.12
=========         Host Frame:  [0x3d2c261] in libcublasLt.so.12
=========         Host Frame:  [0xfdea1d] in libcublasLt.so.12
=========         Host Frame:  [0x112bca3] in libcublasLt.so.12
=========         Host Frame: cublasLtDDDMatmul [0x114a3e7] in libcublasLt.so.12
=========         Host Frame:  [0x1ace22] in libcublas.so.12
=========         Host Frame:  [0x1aecf3] in libcublas.so.12
=========         Host Frame:  [0x440eee] in libcublas.so.12
=========         Host Frame: cublasDsyr2k_v2_64 [0xd2931] in libcublas.so.12
=========         Host Frame:  [0x40073e] in libcusolver.so.11
=========         Host Frame:  [0x63a139] in libcusolver.so.11
=========         Host Frame:  [0x63fa56] in libcusolver.so.11
=========         Host Frame:  [0x42abaa] in libcusolver.so.11
=========         Host Frame: cusolverDnXsyevd [0x6575b0] in libcusolver.so.11
=========         Host Frame: void single_eig_cusolver<double>(DeviceSolverDnHandle&, SingleEigParameter&, DeviceDenseVector<double>&, DeviceDenseVector<double>&, DeviceDenseVector<double>&, HostDenseVector<double>&, DeviceDenseVector<int>&, int, unsigned long, unsigned long, int, int, unsigned long, unsigned long, int) [0x6588a] in libcuadmm_lib.so
=========         Host Frame: SDPSolver::large_full_eig_project(int, int, int, bool, bool) [0x509ae] in libcuadmm_lib.so
=========         Host Frame: SDPSolver::solve(int, double, int, int, int, int, int, double, double, bool) [0x5af0a] in libcuadmm_lib.so
=========         Host Frame: main [0x748b] in cuadmm_exe
========= 
========= Uninitialized __global__ memory read of size 8 bytes
=========     at sm90_xmma_syr2k_l_f64f64_f64f64_f64_nt_n_tilesize64x64x32_stage3_warpsize2x2x1_tensor16x8x16_aligna8_alignc8_execute_kernel__5x_cublas+0x1d00
=========     by thread (90,0,0) in block (4,4,0)
=========     Address 0x14872a0040e0
=========     Saved host backtrace up to driver entry point at kernel launch time
=========         Host Frame: cuLaunchKernelEx [0x3c96a9] in libcuda.so.1
=========         Host Frame:  [0x8548032] in libcublasLt.so.12
=========         Host Frame:  [0x85ae553] in libcublasLt.so.12
=========         Host Frame:  [0x387c34f] in libcublasLt.so.12
=========         Host Frame:  [0x384f886] in libcublasLt.so.12
=========         Host Frame:  [0x3d18d93] in libcublasLt.so.12
=========         Host Frame:  [0x3d2c261] in libcublasLt.so.12
=========         Host Frame:  [0xfdea1d] in libcublasLt.so.12
=========         Host Frame:  [0x112bca3] in libcublasLt.so.12
=========         Host Frame: cublasLtDDDMatmul [0x114a3e7] in libcublasLt.so.12
=========         Host Frame:  [0x1ace22] in libcublas.so.12
=========         Host Frame:  [0x1aecf3] in libcublas.so.12
=========         Host Frame:  [0x440eee] in libcublas.so.12
=========         Host Frame: cublasDsyr2k_v2_64 [0xd2931] in libcublas.so.12
=========         Host Frame:  [0x40073e] in libcusolver.so.11
=========         Host Frame:  [0x63a139] in libcusolver.so.11
=========         Host Frame:  [0x63fa56] in libcusolver.so.11
=========         Host Frame:  [0x42abaa] in libcusolver.so.11
=========         Host Frame: cusolverDnXsyevd [0x6575b0] in libcusolver.so.11
=========         Host Frame: void single_eig_cusolver<double>(DeviceSolverDnHandle&, SingleEigParameter&, DeviceDenseVector<double>&, DeviceDenseVector<double>&, DeviceDenseVector<double>&, HostDenseVector<double>&, DeviceDenseVector<int>&, int, unsigned long, unsigned long, int, int, unsigned long, unsigned long, int) [0x6588a] in libcuadmm_lib.so
=========         Host Frame: SDPSolver::large_full_eig_project(int, int, int, bool, bool) [0x509ae] in libcuadmm_lib.so
=========         Host Frame: SDPSolver::solve(int, double, int, int, int, int, int, double, double, bool) [0x5af0a] in libcuadmm_lib.so
=========         Host Frame: main [0x748b] in cuadmm_exe
========= 
========= Uninitialized __global__ memory read of size 8 bytes
=========     at sm90_xmma_syr2k_l_f64f64_f64f64_f64_nt_n_tilesize64x64x32_stage3_warpsize2x2x1_tensor16x8x16_aligna8_alignc8_execute_kernel__5x_cublas+0x1d00
=========     by thread (91,0,0) in block (4,4,0)
=========     Address 0x14872a0040e8
=========     Saved host backtrace up to driver entry point at kernel launch time
=========         Host Frame: cuLaunchKernelEx [0x3c96a9] in libcuda.so.1
=========         Host Frame:  [0x8548032] in libcublasLt.so.12
=========         Host Frame:  [0x85ae553] in libcublasLt.so.12
=========         Host Frame:  [0x387c34f] in libcublasLt.so.12
=========         Host Frame:  [0x384f886] in libcublasLt.so.12
=========         Host Frame:  [0x3d18d93] in libcublasLt.so.12
=========         Host Frame:  [0x3d2c261] in libcublasLt.so.12
=========         Host Frame:  [0xfdea1d] in libcublasLt.so.12
=========         Host Frame:  [0x112bca3] in libcublasLt.so.12
=========         Host Frame: cublasLtDDDMatmul [0x114a3e7] in libcublasLt.so.12
=========         Host Frame:  [0x1ace22] in libcublas.so.12
=========         Host Frame:  [0x1aecf3] in libcublas.so.12
=========         Host Frame:  [0x440eee] in libcublas.so.12
=========         Host Frame: cublasDsyr2k_v2_64 [0xd2931] in libcublas.so.12
=========         Host Frame:  [0x40073e] in libcusolver.so.11
=========         Host Frame:  [0x63a139] in libcusolver.so.11
=========         Host Frame:  [0x63fa56] in libcusolver.so.11
=========         Host Frame:  [0x42abaa] in libcusolver.so.11
=========         Host Frame: cusolverDnXsyevd [0x6575b0] in libcusolver.so.11
=========         Host Frame: void single_eig_cusolver<double>(DeviceSolverDnHandle&, SingleEigParameter&, DeviceDenseVector<double>&, DeviceDenseVector<double>&, DeviceDenseVector<double>&, HostDenseVector<double>&, DeviceDenseVector<int>&, int, unsigned long, unsigned long, int, int, unsigned long, unsigned long, int) [0x6588a] in libcuadmm_lib.so
=========         Host Frame: SDPSolver::large_full_eig_project(int, int, int, bool, bool) [0x509ae] in libcuadmm_lib.so
=========         Host Frame: SDPSolver::solve(int, double, int, int, int, int, int, double, double, bool) [0x5af0a] in libcuadmm_lib.so
=========         Host Frame: main [0x748b] in cuadmm_exe
========= 
========= Uninitialized __global__ memory read of size 8 bytes
=========     at sm90_xmma_syr2k_l_f64f64_f64f64_f64_nt_n_tilesize64x64x32_stage3_warpsize2x2x1_tensor16x8x16_aligna8_alignc8_execute_kernel__5x_cublas+0x1d00
=========     by thread (92,0,0) in block (4,4,0)
=========     Address 0x14872a0040f0
=========     Saved host backtrace up to driver entry point at kernel launch time
=========         Host Frame: cuLaunchKernelEx [0x3c96a9] in libcuda.so.1
=========         Host Frame:  [0x8548032] in libcublasLt.so.12
=========         Host Frame:  [0x85ae553] in libcublasLt.so.12
=========         Host Frame:  [0x387c34f] in libcublasLt.so.12
=========         Host Frame:  [0x384f886] in libcublasLt.so.12
=========         Host Frame:  [0x3d18d93] in libcublasLt.so.12
=========         Host Frame:  [0x3d2c261] in libcublasLt.so.12
=========         Host Frame:  [0xfdea1d] in libcublasLt.so.12
=========         Host Frame:  [0x112bca3] in libcublasLt.so.12
=========         Host Frame: cublasLtDDDMatmul [0x114a3e7] in libcublasLt.so.12
=========         Host Frame:  [0x1ace22] in libcublas.so.12
=========         Host Frame:  [0x1aecf3] in libcublas.so.12
=========         Host Frame:  [0x440eee] in libcublas.so.12
=========         Host Frame: cublasDsyr2k_v2_64 [0xd2931] in libcublas.so.12
=========         Host Frame:  [0x40073e] in libcusolver.so.11
=========         Host Frame:  [0x63a139] in libcusolver.so.11
=========         Host Frame:  [0x63fa56] in libcusolver.so.11
=========         Host Frame:  [0x42abaa] in libcusolver.so.11
=========         Host Frame: cusolverDnXsyevd [0x6575b0] in libcusolver.so.11
=========         Host Frame: void single_eig_cusolver<double>(DeviceSolverDnHandle&, SingleEigParameter&, DeviceDenseVector<double>&, DeviceDenseVector<double>&, DeviceDenseVector<double>&, HostDenseVector<double>&, DeviceDenseVector<int>&, int, unsigned long, unsigned long, int, int, unsigned long, unsigned long, int) [0x6588a] in libcuadmm_lib.so
=========         Host Frame: SDPSolver::large_full_eig_project(int, int, int, bool, bool) [0x509ae] in libcuadmm_lib.so
=========         Host Frame: SDPSolver::solve(int, double, int, int, int, int, int, double, double, bool) [0x5af0a] in libcuadmm_lib.so
=========         Host Frame: main [0x748b] in cuadmm_exe
========= 
========= Uninitialized __global__ memory read of size 8 bytes
=========     at sm90_xmma_syr2k_l_f64f64_f64f64_f64_nt_n_tilesize64x64x32_stage3_warpsize2x2x1_tensor16x8x16_aligna8_alignc8_execute_kernel__5x_cublas+0x1d00
=========     by thread (93,0,0) in block (4,4,0)
=========     Address 0x14872a0040f8
=========     Saved host backtrace up to driver entry point at kernel launch time
=========         Host Frame: cuLaunchKernelEx [0x3c96a9] in libcuda.so.1
=========         Host Frame:  [0x8548032] in libcublasLt.so.12
=========         Host Frame:  [0x85ae553] in libcublasLt.so.12
=========         Host Frame:  [0x387c34f] in libcublasLt.so.12
=========         Host Frame:  [0x384f886] in libcublasLt.so.12
=========         Host Frame:  [0x3d18d93] in libcublasLt.so.12
=========         Host Frame:  [0x3d2c261] in libcublasLt.so.12
=========         Host Frame:  [0xfdea1d] in libcublasLt.so.12
=========         Host Frame:  [0x112bca3] in libcublasLt.so.12
=========         Host Frame: cublasLtDDDMatmul [0x114a3e7] in libcublasLt.so.12
=========         Host Frame:  [0x1ace22] in libcublas.so.12
=========         Host Frame:  [0x1aecf3] in libcublas.so.12
=========         Host Frame:  [0x440eee] in libcublas.so.12
=========         Host Frame: cublasDsyr2k_v2_64 [0xd2931] in libcublas.so.12
=========         Host Frame:  [0x40073e] in libcusolver.so.11
=========         Host Frame:  [0x63a139] in libcusolver.so.11
=========         Host Frame:  [0x63fa56] in libcusolver.so.11
=========         Host Frame:  [0x42abaa] in libcusolver.so.11
=========         Host Frame: cusolverDnXsyevd [0x6575b0] in libcusolver.so.11
=========         Host Frame: void single_eig_cusolver<double>(DeviceSolverDnHandle&, SingleEigParameter&, DeviceDenseVector<double>&, DeviceDenseVector<double>&, DeviceDenseVector<double>&, HostDenseVector<double>&, DeviceDenseVector<int>&, int, unsigned long, unsigned long, int, int, unsigned long, unsigned long, int) [0x6588a] in libcuadmm_lib.so
=========         Host Frame: SDPSolver::large_full_eig_project(int, int, int, bool, bool) [0x509ae] in libcuadmm_lib.so
=========         Host Frame: SDPSolver::solve(int, double, int, int, int, int, int, double, double, bool) [0x5af0a] in libcuadmm_lib.so
=========         Host Frame: main [0x748b] in cuadmm_exe
========= 
========= Uninitialized __global__ memory read of size 8 bytes
=========     at sm90_xmma_syr2k_l_f64f64_f64f64_f64_nt_n_tilesize64x64x32_stage3_warpsize2x2x1_tensor16x8x16_aligna8_alignc8_execute_kernel__5x_cublas+0x1d00
=========     by thread (94,0,0) in block (4,4,0)
=========     Address 0x14872a004100
=========     Saved host backtrace up to driver entry point at kernel launch time
=========         Host Frame: cuLaunchKernelEx [0x3c96a9] in libcuda.so.1
=========         Host Frame:  [0x8548032] in libcublasLt.so.12
=========         Host Frame:  [0x85ae553] in libcublasLt.so.12
=========         Host Frame:  [0x387c34f] in libcublasLt.so.12
=========         Host Frame:  [0x384f886] in libcublasLt.so.12
=========         Host Frame:  [0x3d18d93] in libcublasLt.so.12
=========         Host Frame:  [0x3d2c261] in libcublasLt.so.12
=========         Host Frame:  [0xfdea1d] in libcublasLt.so.12
=========         Host Frame:  [0x112bca3] in libcublasLt.so.12
=========         Host Frame: cublasLtDDDMatmul [0x114a3e7] in libcublasLt.so.12
=========         Host Frame:  [0x1ace22] in libcublas.so.12
=========         Host Frame:  [0x1aecf3] in libcublas.so.12
=========         Host Frame:  [0x440eee] in libcublas.so.12
=========         Host Frame: cublasDsyr2k_v2_64 [0xd2931] in libcublas.so.12
=========         Host Frame:  [0x40073e] in libcusolver.so.11
=========         Host Frame:  [0x63a139] in libcusolver.so.11
=========         Host Frame:  [0x63fa56] in libcusolver.so.11
=========         Host Frame:  [0x42abaa] in libcusolver.so.11
=========         Host Frame: cusolverDnXsyevd [0x6575b0] in libcusolver.so.11
=========         Host Frame: void single_eig_cusolver<double>(DeviceSolverDnHandle&, SingleEigParameter&, DeviceDenseVector<double>&, DeviceDenseVector<double>&, DeviceDenseVector<double>&, HostDenseVector<double>&, DeviceDenseVector<int>&, int, unsigned long, unsigned long, int, int, unsigned long, unsigned long, int) [0x6588a] in libcuadmm_lib.so
=========         Host Frame: SDPSolver::large_full_eig_project(int, int, int, bool, bool) [0x509ae] in libcuadmm_lib.so
=========         Host Frame: SDPSolver::solve(int, double, int, int, int, int, int, double, double, bool) [0x5af0a] in libcuadmm_lib.so
=========         Host Frame: main [0x748b] in cuadmm_exe
========= 
========= Uninitialized __global__ memory read of size 8 bytes
=========     at sm90_xmma_syr2k_l_f64f64_f64f64_f64_nt_n_tilesize64x64x32_stage3_warpsize2x2x1_tensor16x8x16_aligna8_alignc8_execute_kernel__5x_cublas+0x1d00
=========     by thread (95,0,0) in block (4,4,0)
=========     Address 0x14872a004108
=========     Saved host backtrace up to driver entry point at kernel launch time
=========         Host Frame: cuLaunchKernelEx [0x3c96a9] in libcuda.so.1
=========         Host Frame:  [0x8548032] in libcublasLt.so.12
=========         Host Frame:  [0x85ae553] in libcublasLt.so.12
=========         Host Frame:  [0x387c34f] in libcublasLt.so.12
=========         Host Frame:  [0x384f886] in libcublasLt.so.12
=========         Host Frame:  [0x3d18d93] in libcublasLt.so.12
=========         Host Frame:  [0x3d2c261] in libcublasLt.so.12
=========         Host Frame:  [0xfdea1d] in libcublasLt.so.12
=========         Host Frame:  [0x112bca3] in libcublasLt.so.12
=========         Host Frame: cublasLtDDDMatmul [0x114a3e7] in libcublasLt.so.12
=========         Host Frame:  [0x1ace22] in libcublas.so.12
=========         Host Frame:  [0x1aecf3] in libcublas.so.12
=========         Host Frame:  [0x440eee] in libcublas.so.12
=========         Host Frame: cublasDsyr2k_v2_64 [0xd2931] in libcublas.so.12
=========         Host Frame:  [0x40073e] in libcusolver.so.11
=========         Host Frame:  [0x63a139] in libcusolver.so.11
=========         Host Frame:  [0x63fa56] in libcusolver.so.11
=========         Host Frame:  [0x42abaa] in libcusolver.so.11
=========         Host Frame: cusolverDnXsyevd [0x6575b0] in libcusolver.so.11
=========         Host Frame: void single_eig_cusolver<double>(DeviceSolverDnHandle&, SingleEigParameter&, DeviceDenseVector<double>&, DeviceDenseVector<double>&, DeviceDenseVector<double>&, HostDenseVector<double>&, DeviceDenseVector<int>&, int, unsigned long, unsigned long, int, int, unsigned long, unsigned long, int) [0x6588a] in libcuadmm_lib.so
=========         Host Frame: SDPSolver::large_full_eig_project(int, int, int, bool, bool) [0x509ae] in libcuadmm_lib.so
=========         Host Frame: SDPSolver::solve(int, double, int, int, int, int, int, double, double, bool) [0x5af0a] in libcuadmm_lib.so
=========         Host Frame: main [0x748b] in cuadmm_exe
========= 
========= Uninitialized __global__ memory read of size 8 bytes
=========     at sm90_xmma_syr2k_l_f64f64_f64f64_f64_nt_n_tilesize64x64x32_stage3_warpsize2x2x1_tensor16x8x16_aligna8_alignc8_execute_kernel__5x_cublas+0x1d00
=========     by thread (64,0,0) in block (0,17,0)
=========     Address 0x14872a005a10
=========     Saved host backtrace up to driver entry point at kernel launch time
=========         Host Frame: cuLaunchKernelEx [0x3c96a9] in libcuda.so.1
=========         Host Frame:  [0x8548032] in libcublasLt.so.12
=========         Host Frame:  [0x85ae553] in libcublasLt.so.12
=========         Host Frame:  [0x387c34f] in libcublasLt.so.12
=========         Host Frame:  [0x384f886] in libcublasLt.so.12
=========         Host Frame:  [0x3d18d93] in libcublasLt.so.12
=========         Host Frame:  [0x3d2c261] in libcublasLt.so.12
=========         Host Frame:  [0xfdea1d] in libcublasLt.so.12
=========         Host Frame:  [0x112bca3] in libcublasLt.so.12
=========         Host Frame: cublasLtDDDMatmul [0x114a3e7] in libcublasLt.so.12
=========         Host Frame:  [0x1ace22] in libcublas.so.12
=========         Host Frame:  [0x1aecf3] in libcublas.so.12
=========         Host Frame:  [0x440eee] in libcublas.so.12
=========         Host Frame: cublasDsyr2k_v2_64 [0xd2931] in libcublas.so.12
=========         Host Frame:  [0x40073e] in libcusolver.so.11
=========         Host Frame:  [0x63a139] in libcusolver.so.11
=========         Host Frame:  [0x63fa56] in libcusolver.so.11
=========         Host Frame:  [0x42abaa] in libcusolver.so.11
=========         Host Frame: cusolverDnXsyevd [0x6575b0] in libcusolver.so.11
=========         Host Frame: void single_eig_cusolver<double>(DeviceSolverDnHandle&, SingleEigParameter&, DeviceDenseVector<double>&, DeviceDenseVector<double>&, DeviceDenseVector<double>&, HostDenseVector<double>&, DeviceDenseVector<int>&, int, unsigned long, unsigned long, int, int, unsigned long, unsigned long, int) [0x6588a] in libcuadmm_lib.so
=========         Host Frame: SDPSolver::large_full_eig_project(int, int, int, bool, bool) [0x509ae] in libcuadmm_lib.so
=========         Host Frame: SDPSolver::solve(int, double, int, int, int, int, int, double, double, bool) [0x5af0a] in libcuadmm_lib.so
=========         Host Frame: main [0x748b] in cuadmm_exe
========= 
========= Uninitialized __global__ memory read of size 8 bytes
=========     at sm90_xmma_syr2k_l_f64f64_f64f64_f64_nt_n_tilesize64x64x32_stage3_warpsize2x2x1_tensor16x8x16_aligna8_alignc8_execute_kernel__5x_cublas+0x1d00
=========     by thread (65,0,0) in block (0,17,0)
=========     Address 0x14872a005a18
=========     Saved host backtrace up to driver entry point at kernel launch time
=========         Host Frame: cuLaunchKernelEx [0x3c96a9] in libcuda.so.1
=========         Host Frame:  [0x8548032] in libcublasLt.so.12
=========         Host Frame:  [0x85ae553] in libcublasLt.so.12
=========         Host Frame:  [0x387c34f] in libcublasLt.so.12
=========         Host Frame:  [0x384f886] in libcublasLt.so.12
=========         Host Frame:  [0x3d18d93] in libcublasLt.so.12
=========         Host Frame:  [0x3d2c261] in libcublasLt.so.12
=========         Host Frame:  [0xfdea1d] in libcublasLt.so.12
=========         Host Frame:  [0x112bca3] in libcublasLt.so.12
=========         Host Frame: cublasLtDDDMatmul [0x114a3e7] in libcublasLt.so.12
=========         Host Frame:  [0x1ace22] in libcublas.so.12
=========         Host Frame:  [0x1aecf3] in libcublas.so.12
=========         Host Frame:  [0x440eee] in libcublas.so.12
=========         Host Frame: cublasDsyr2k_v2_64 [0xd2931] in libcublas.so.12
=========         Host Frame:  [0x40073e] in libcusolver.so.11
=========         Host Frame:  [0x63a139] in libcusolver.so.11
=========         Host Frame:  [0x63fa56] in libcusolver.so.11
=========         Host Frame:  [0x42abaa] in libcusolver.so.11
=========         Host Frame: cusolverDnXsyevd [0x6575b0] in libcusolver.so.11
=========         Host Frame: void single_eig_cusolver<double>(DeviceSolverDnHandle&, SingleEigParameter&, DeviceDenseVector<double>&, DeviceDenseVector<double>&, DeviceDenseVector<double>&, HostDenseVector<double>&, DeviceDenseVector<int>&, int, unsigned long, unsigned long, int, int, unsigned long, unsigned long, int) [0x6588a] in libcuadmm_lib.so
=========         Host Frame: SDPSolver::large_full_eig_project(int, int, int, bool, bool) [0x509ae] in libcuadmm_lib.so
=========         Host Frame: SDPSolver::solve(int, double, int, int, int, int, int, double, double, bool) [0x5af0a] in libcuadmm_lib.so
=========         Host Frame: main [0x748b] in cuadmm_exe
========= 
========= Uninitialized __global__ memory read of size 8 bytes
=========     at sm90_xmma_syr2k_l_f64f64_f64f64_f64_nt_n_tilesize64x64x32_stage3_warpsize2x2x1_tensor16x8x16_aligna8_alignc8_execute_kernel__5x_cublas+0x1d00
=========     by thread (66,0,0) in block (0,17,0)
=========     Address 0x14872a005a20
=========     Saved host backtrace up to driver entry point at kernel launch time
=========         Host Frame: cuLaunchKernelEx [0x3c96a9] in libcuda.so.1
=========         Host Frame:  [0x8548032] in libcublasLt.so.12
=========         Host Frame:  [0x85ae553] in libcublasLt.so.12
=========         Host Frame:  [0x387c34f] in libcublasLt.so.12
=========         Host Frame:  [0x384f886] in libcublasLt.so.12
=========         Host Frame:  [0x3d18d93] in libcublasLt.so.12
=========         Host Frame:  [0x3d2c261] in libcublasLt.so.12
=========         Host Frame:  [0xfdea1d] in libcublasLt.so.12
=========         Host Frame:  [0x112bca3] in libcublasLt.so.12
=========         Host Frame: cublasLtDDDMatmul [0x114a3e7] in libcublasLt.so.12
=========         Host Frame:  [0x1ace22] in libcublas.so.12
=========         Host Frame:  [0x1aecf3] in libcublas.so.12
=========         Host Frame:  [0x440eee] in libcublas.so.12
=========         Host Frame: cublasDsyr2k_v2_64 [0xd2931] in libcublas.so.12
=========         Host Frame:  [0x40073e] in libcusolver.so.11
=========         Host Frame:  [0x63a139] in libcusolver.so.11
=========         Host Frame:  [0x63fa56] in libcusolver.so.11
=========         Host Frame:  [0x42abaa] in libcusolver.so.11
=========         Host Frame: cusolverDnXsyevd [0x6575b0] in libcusolver.so.11
=========         Host Frame: void single_eig_cusolver<double>(DeviceSolverDnHandle&, SingleEigParameter&, DeviceDenseVector<double>&, DeviceDenseVector<double>&, DeviceDenseVector<double>&, HostDenseVector<double>&, DeviceDenseVector<int>&, int, unsigned long, unsigned long, int, int, unsigned long, unsigned long, int) [0x6588a] in libcuadmm_lib.so
=========         Host Frame: SDPSolver::large_full_eig_project(int, int, int, bool, bool) [0x509ae] in libcuadmm_lib.so
=========         Host Frame: SDPSolver::solve(int, double, int, int, int, int, int, double, double, bool) [0x5af0a] in libcuadmm_lib.so
=========         Host Frame: main [0x748b] in cuadmm_exe
========= 
========= Uninitialized __global__ memory read of size 8 bytes
=========     at sm90_xmma_syr2k_l_f64f64_f64f64_f64_nt_n_tilesize64x64x32_stage3_warpsize2x2x1_tensor16x8x16_aligna8_alignc8_execute_kernel__5x_cublas+0x1d00
=========     by thread (67,0,0) in block (0,17,0)
=========     Address 0x14872a005a28
=========     Saved host backtrace up to driver entry point at kernel launch time
=========         Host Frame: cuLaunchKernelEx [0x3c96a9] in libcuda.so.1
=========         Host Frame:  [0x8548032] in libcublasLt.so.12
=========         Host Frame:  [0x85ae553] in libcublasLt.so.12
=========         Host Frame:  [0x387c34f] in libcublasLt.so.12
=========         Host Frame:  [0x384f886] in libcublasLt.so.12
=========         Host Frame:  [0x3d18d93] in libcublasLt.so.12
=========         Host Frame:  [0x3d2c261] in libcublasLt.so.12
=========         Host Frame:  [0xfdea1d] in libcublasLt.so.12
=========         Host Frame:  [0x112bca3] in libcublasLt.so.12
=========         Host Frame: cublasLtDDDMatmul [0x114a3e7] in libcublasLt.so.12
=========         Host Frame:  [0x1ace22] in libcublas.so.12
=========         Host Frame:  [0x1aecf3] in libcublas.so.12
=========         Host Frame:  [0x440eee] in libcublas.so.12
=========         Host Frame: cublasDsyr2k_v2_64 [0xd2931] in libcublas.so.12
=========         Host Frame:  [0x40073e] in libcusolver.so.11
=========         Host Frame:  [0x63a139] in libcusolver.so.11
=========         Host Frame:  [0x63fa56] in libcusolver.so.11
=========         Host Frame:  [0x42abaa] in libcusolver.so.11
=========         Host Frame: cusolverDnXsyevd [0x6575b0] in libcusolver.so.11
=========         Host Frame: void single_eig_cusolver<double>(DeviceSolverDnHandle&, SingleEigParameter&, DeviceDenseVector<double>&, DeviceDenseVector<double>&, DeviceDenseVector<double>&, HostDenseVector<double>&, DeviceDenseVector<int>&, int, unsigned long, unsigned long, int, int, unsigned long, unsigned long, int) [0x6588a] in libcuadmm_lib.so
=========         Host Frame: SDPSolver::large_full_eig_project(int, int, int, bool, bool) [0x509ae] in libcuadmm_lib.so
=========         Host Frame: SDPSolver::solve(int, double, int, int, int, int, int, double, double, bool) [0x5af0a] in libcuadmm_lib.so
=========         Host Frame: main [0x748b] in cuadmm_exe
========= 
========= Uninitialized __global__ memory read of size 8 bytes
=========     at sm90_xmma_syr2k_l_f64f64_f64f64_f64_nt_n_tilesize64x64x32_stage3_warpsize2x2x1_tensor16x8x16_aligna8_alignc8_execute_kernel__5x_cublas+0x1d00
=========     by thread (68,0,0) in block (0,17,0)
=========     Address 0x14872a005a30
=========     Saved host backtrace up to driver entry point at kernel launch time
=========         Host Frame: cuLaunchKernelEx [0x3c96a9] in libcuda.so.1
=========         Host Frame:  [0x8548032] in libcublasLt.so.12
=========         Host Frame:  [0x85ae553] in libcublasLt.so.12
=========         Host Frame:  [0x387c34f] in libcublasLt.so.12
=========         Host Frame:  [0x384f886] in libcublasLt.so.12
=========         Host Frame:  [0x3d18d93] in libcublasLt.so.12
=========         Host Frame:  [0x3d2c261] in libcublasLt.so.12
=========         Host Frame:  [0xfdea1d] in libcublasLt.so.12
=========         Host Frame:  [0x112bca3] in libcublasLt.so.12
=========         Host Frame: cublasLtDDDMatmul [0x114a3e7] in libcublasLt.so.12
=========         Host Frame:  [0x1ace22] in libcublas.so.12
=========         Host Frame:  [0x1aecf3] in libcublas.so.12
=========         Host Frame:  [0x440eee] in libcublas.so.12
=========         Host Frame: cublasDsyr2k_v2_64 [0xd2931] in libcublas.so.12
=========         Host Frame:  [0x40073e] in libcusolver.so.11
=========         Host Frame:  [0x63a139] in libcusolver.so.11
=========         Host Frame:  [0x63fa56] in libcusolver.so.11
=========         Host Frame:  [0x42abaa] in libcusolver.so.11
=========         Host Frame: cusolverDnXsyevd [0x6575b0] in libcusolver.so.11
=========         Host Frame: void single_eig_cusolver<double>(DeviceSolverDnHandle&, SingleEigParameter&, DeviceDenseVector<double>&, DeviceDenseVector<double>&, DeviceDenseVector<double>&, HostDenseVector<double>&, DeviceDenseVector<int>&, int, unsigned long, unsigned long, int, int, unsigned long, unsigned long, int) [0x6588a] in libcuadmm_lib.so
=========         Host Frame: SDPSolver::large_full_eig_project(int, int, int, bool, bool) [0x509ae] in libcuadmm_lib.so
=========         Host Frame: SDPSolver::solve(int, double, int, int, int, int, int, double, double, bool) [0x5af0a] in libcuadmm_lib.so
=========         Host Frame: main [0x748b] in cuadmm_exe
========= 
========= Uninitialized __global__ memory read of size 8 bytes
=========     at sm90_xmma_syr2k_l_f64f64_f64f64_f64_nt_n_tilesize64x64x32_stage3_warpsize2x2x1_tensor16x8x16_aligna8_alignc8_execute_kernel__5x_cublas+0x1d00
=========     by thread (69,0,0) in block (0,17,0)
=========     Address 0x14872a005a38
=========     Saved host backtrace up to driver entry point at kernel launch time
=========         Host Frame: cuLaunchKernelEx [0x3c96a9] in libcuda.so.1
=========         Host Frame:  [0x8548032] in libcublasLt.so.12
=========         Host Frame:  [0x85ae553] in libcublasLt.so.12
=========         Host Frame:  [0x387c34f] in libcublasLt.so.12
=========         Host Frame:  [0x384f886] in libcublasLt.so.12
=========         Host Frame:  [0x3d18d93] in libcublasLt.so.12
=========         Host Frame:  [0x3d2c261] in libcublasLt.so.12
=========         Host Frame:  [0xfdea1d] in libcublasLt.so.12
=========         Host Frame:  [0x112bca3] in libcublasLt.so.12
=========         Host Frame: cublasLtDDDMatmul [0x114a3e7] in libcublasLt.so.12
=========         Host Frame:  [0x1ace22] in libcublas.so.12
=========         Host Frame:  [0x1aecf3] in libcublas.so.12
=========         Host Frame:  [0x440eee] in libcublas.so.12
=========         Host Frame: cublasDsyr2k_v2_64 [0xd2931] in libcublas.so.12
=========         Host Frame:  [0x40073e] in libcusolver.so.11
=========         Host Frame:  [0x63a139] in libcusolver.so.11
=========         Host Frame:  [0x63fa56] in libcusolver.so.11
=========         Host Frame:  [0x42abaa] in libcusolver.so.11
=========         Host Frame: cusolverDnXsyevd [0x6575b0] in libcusolver.so.11
=========         Host Frame: void single_eig_cusolver<double>(DeviceSolverDnHandle&, SingleEigParameter&, DeviceDenseVector<double>&, DeviceDenseVector<double>&, DeviceDenseVector<double>&, HostDenseVector<double>&, DeviceDenseVector<int>&, int, unsigned long, unsigned long, int, int, unsigned long, unsigned long, int) [0x6588a] in libcuadmm_lib.so
=========         Host Frame: SDPSolver::large_full_eig_project(int, int, int, bool, bool) [0x509ae] in libcuadmm_lib.so
=========         Host Frame: SDPSolver::solve(int, double, int, int, int, int, int, double, double, bool) [0x5af0a] in libcuadmm_lib.so
=========         Host Frame: main [0x748b] in cuadmm_exe
========= 
========= Uninitialized __global__ memory read of size 8 bytes
=========     at sm90_xmma_syr2k_l_f64f64_f64f64_f64_nt_n_tilesize64x64x32_stage3_warpsize2x2x1_tensor16x8x16_aligna8_alignc8_execute_kernel__5x_cublas+0x1d00
=========     by thread (70,0,0) in block (0,17,0)
=========     Address 0x14872a005a40
=========     Saved host backtrace up to driver entry point at kernel launch time
=========         Host Frame: cuLaunchKernelEx [0x3c96a9] in libcuda.so.1
=========         Host Frame:  [0x8548032] in libcublasLt.so.12
=========         Host Frame:  [0x85ae553] in libcublasLt.so.12
=========         Host Frame:  [0x387c34f] in libcublasLt.so.12
=========         Host Frame:  [0x384f886] in libcublasLt.so.12
=========         Host Frame:  [0x3d18d93] in libcublasLt.so.12
=========         Host Frame:  [0x3d2c261] in libcublasLt.so.12
=========         Host Frame:  [0xfdea1d] in libcublasLt.so.12
=========         Host Frame:  [0x112bca3] in libcublasLt.so.12
=========         Host Frame: cublasLtDDDMatmul [0x114a3e7] in libcublasLt.so.12
=========         Host Frame:  [0x1ace22] in libcublas.so.12
=========         Host Frame:  [0x1aecf3] in libcublas.so.12
=========         Host Frame:  [0x440eee] in libcublas.so.12
=========         Host Frame: cublasDsyr2k_v2_64 [0xd2931] in libcublas.so.12
=========         Host Frame:  [0x40073e] in libcusolver.so.11
=========         Host Frame:  [0x63a139] in libcusolver.so.11
=========         Host Frame:  [0x63fa56] in libcusolver.so.11
=========         Host Frame:  [0x42abaa] in libcusolver.so.11
=========         Host Frame: cusolverDnXsyevd [0x6575b0] in libcusolver.so.11
=========         Host Frame: void single_eig_cusolver<double>(DeviceSolverDnHandle&, SingleEigParameter&, DeviceDenseVector<double>&, DeviceDenseVector<double>&, DeviceDenseVector<double>&, HostDenseVector<double>&, DeviceDenseVector<int>&, int, unsigned long, unsigned long, int, int, unsigned long, unsigned long, int) [0x6588a] in libcuadmm_lib.so
=========         Host Frame: SDPSolver::large_full_eig_project(int, int, int, bool, bool) [0x509ae] in libcuadmm_lib.so
=========         Host Frame: SDPSolver::solve(int, double, int, int, int, int, int, double, double, bool) [0x5af0a] in libcuadmm_lib.so
=========         Host Frame: main [0x748b] in cuadmm_exe
========= 
========= Uninitialized __global__ memory read of size 8 bytes
=========     at sm90_xmma_syr2k_l_f64f64_f64f64_f64_nt_n_tilesize64x64x32_stage3_warpsize2x2x1_tensor16x8x16_aligna8_alignc8_execute_kernel__5x_cublas+0x1d00
=========     by thread (71,0,0) in block (0,17,0)
=========     Address 0x14872a005a48
=========     Saved host backtrace up to driver entry point at kernel launch time
=========         Host Frame: cuLaunchKernelEx [0x3c96a9] in libcuda.so.1
=========         Host Frame:  [0x8548032] in libcublasLt.so.12
=========         Host Frame:  [0x85ae553] in libcublasLt.so.12
=========         Host Frame:  [0x387c34f] in libcublasLt.so.12
=========         Host Frame:  [0x384f886] in libcublasLt.so.12
=========         Host Frame:  [0x3d18d93] in libcublasLt.so.12
=========         Host Frame:  [0x3d2c261] in libcublasLt.so.12
=========         Host Frame:  [0xfdea1d] in libcublasLt.so.12
=========         Host Frame:  [0x112bca3] in libcublasLt.so.12
=========         Host Frame: cublasLtDDDMatmul [0x114a3e7] in libcublasLt.so.12
=========         Host Frame:  [0x1ace22] in libcublas.so.12
=========         Host Frame:  [0x1aecf3] in libcublas.so.12
=========         Host Frame:  [0x440eee] in libcublas.so.12
=========         Host Frame: cublasDsyr2k_v2_64 [0xd2931] in libcublas.so.12
=========         Host Frame:  [0x40073e] in libcusolver.so.11
=========         Host Frame:  [0x63a139] in libcusolver.so.11
=========         Host Frame:  [0x63fa56] in libcusolver.so.11
=========         Host Frame:  [0x42abaa] in libcusolver.so.11
=========         Host Frame: cusolverDnXsyevd [0x6575b0] in libcusolver.so.11
=========         Host Frame: void single_eig_cusolver<double>(DeviceSolverDnHandle&, SingleEigParameter&, DeviceDenseVector<double>&, DeviceDenseVector<double>&, DeviceDenseVector<double>&, HostDenseVector<double>&, DeviceDenseVector<int>&, int, unsigned long, unsigned long, int, int, unsigned long, unsigned long, int) [0x6588a] in libcuadmm_lib.so
=========         Host Frame: SDPSolver::large_full_eig_project(int, int, int, bool, bool) [0x509ae] in libcuadmm_lib.so
=========         Host Frame: SDPSolver::solve(int, double, int, int, int, int, int, double, double, bool) [0x5af0a] in libcuadmm_lib.so
=========         Host Frame: main [0x748b] in cuadmm_exe
========= 
========= Uninitialized __global__ memory read of size 8 bytes
=========     at sm90_xmma_syr2k_l_f64f64_f64f64_f64_nt_n_tilesize64x64x32_stage3_warpsize2x2x1_tensor16x8x16_aligna8_alignc8_execute_kernel__5x_cublas+0x1d00
=========     by thread (72,0,0) in block (0,17,0)
=========     Address 0x14872a005a50
=========     Saved host backtrace up to driver entry point at kernel launch time
=========         Host Frame: cuLaunchKernelEx [0x3c96a9] in libcuda.so.1
=========         Host Frame:  [0x8548032] in libcublasLt.so.12
=========         Host Frame:  [0x85ae553] in libcublasLt.so.12
=========         Host Frame:  [0x387c34f] in libcublasLt.so.12
=========         Host Frame:  [0x384f886] in libcublasLt.so.12
=========         Host Frame:  [0x3d18d93] in libcublasLt.so.12
=========         Host Frame:  [0x3d2c261] in libcublasLt.so.12
=========         Host Frame:  [0xfdea1d] in libcublasLt.so.12
=========         Host Frame:  [0x112bca3] in libcublasLt.so.12
=========         Host Frame: cublasLtDDDMatmul [0x114a3e7] in libcublasLt.so.12
=========         Host Frame:  [0x1ace22] in libcublas.so.12
=========         Host Frame:  [0x1aecf3] in libcublas.so.12
=========         Host Frame:  [0x440eee] in libcublas.so.12
=========         Host Frame: cublasDsyr2k_v2_64 [0xd2931] in libcublas.so.12
=========         Host Frame:  [0x40073e] in libcusolver.so.11
=========         Host Frame:  [0x63a139] in libcusolver.so.11
=========         Host Frame:  [0x63fa56] in libcusolver.so.11
=========         Host Frame:  [0x42abaa] in libcusolver.so.11
=========         Host Frame: cusolverDnXsyevd [0x6575b0] in libcusolver.so.11
=========         Host Frame: void single_eig_cusolver<double>(DeviceSolverDnHandle&, SingleEigParameter&, DeviceDenseVector<double>&, DeviceDenseVector<double>&, DeviceDenseVector<double>&, HostDenseVector<double>&, DeviceDenseVector<int>&, int, unsigned long, unsigned long, int, int, unsigned long, unsigned long, int) [0x6588a] in libcuadmm_lib.so
=========         Host Frame: SDPSolver::large_full_eig_project(int, int, int, bool, bool) [0x509ae] in libcuadmm_lib.so
=========         Host Frame: SDPSolver::solve(int, double, int, int, int, int, int, double, double, bool) [0x5af0a] in libcuadmm_lib.so
=========         Host Frame: main [0x748b] in cuadmm_exe
========= 
========= Uninitialized __global__ memory read of size 8 bytes
=========     at sm90_xmma_syr2k_l_f64f64_f64f64_f64_nt_n_tilesize64x64x32_stage3_warpsize2x2x1_tensor16x8x16_aligna8_alignc8_execute_kernel__5x_cublas+0x1d00
=========     by thread (73,0,0) in block (0,17,0)
=========     Address 0x14872a005a58
=========     Saved host backtrace up to driver entry point at kernel launch time
=========         Host Frame: cuLaunchKernelEx [0x3c96a9] in libcuda.so.1
=========         Host Frame:  [0x8548032] in libcublasLt.so.12
=========         Host Frame:  [0x85ae553] in libcublasLt.so.12
=========         Host Frame:  [0x387c34f] in libcublasLt.so.12
=========         Host Frame:  [0x384f886] in libcublasLt.so.12
=========         Host Frame:  [0x3d18d93] in libcublasLt.so.12
=========         Host Frame:  [0x3d2c261] in libcublasLt.so.12
=========         Host Frame:  [0xfdea1d] in libcublasLt.so.12
=========         Host Frame:  [0x112bca3] in libcublasLt.so.12
=========         Host Frame: cublasLtDDDMatmul [0x114a3e7] in libcublasLt.so.12
=========         Host Frame:  [0x1ace22] in libcublas.so.12
=========         Host Frame:  [0x1aecf3] in libcublas.so.12
=========         Host Frame:  [0x440eee] in libcublas.so.12
=========         Host Frame: cublasDsyr2k_v2_64 [0xd2931] in libcublas.so.12
=========         Host Frame:  [0x40073e] in libcusolver.so.11
=========         Host Frame:  [0x63a139] in libcusolver.so.11
=========         Host Frame:  [0x63fa56] in libcusolver.so.11
=========         Host Frame:  [0x42abaa] in libcusolver.so.11
=========         Host Frame: cusolverDnXsyevd [0x6575b0] in libcusolver.so.11
=========         Host Frame: void single_eig_cusolver<double>(DeviceSolverDnHandle&, SingleEigParameter&, DeviceDenseVector<double>&, DeviceDenseVector<double>&, DeviceDenseVector<double>&, HostDenseVector<double>&, DeviceDenseVector<int>&, int, unsigned long, unsigned long, int, int, unsigned long, unsigned long, int) [0x6588a] in libcuadmm_lib.so
=========         Host Frame: SDPSolver::large_full_eig_project(int, int, int, bool, bool) [0x509ae] in libcuadmm_lib.so
=========         Host Frame: SDPSolver::solve(int, double, int, int, int, int, int, double, double, bool) [0x5af0a] in libcuadmm_lib.so
=========         Host Frame: main [0x748b] in cuadmm_exe
========= 
========= Uninitialized __global__ memory read of size 8 bytes
=========     at sm90_xmma_syr2k_l_f64f64_f64f64_f64_nt_n_tilesize64x64x32_stage3_warpsize2x2x1_tensor16x8x16_aligna8_alignc8_execute_kernel__5x_cublas+0x1d00
=========     by thread (74,0,0) in block (0,17,0)
=========     Address 0x14872a005a60
=========     Saved host backtrace up to driver entry point at kernel launch time
=========         Host Frame: cuLaunchKernelEx [0x3c96a9] in libcuda.so.1
=========         Host Frame:  [0x8548032] in libcublasLt.so.12
=========         Host Frame:  [0x85ae553] in libcublasLt.so.12
=========         Host Frame:  [0x387c34f] in libcublasLt.so.12
=========         Host Frame:  [0x384f886] in libcublasLt.so.12
=========         Host Frame:  [0x3d18d93] in libcublasLt.so.12
=========         Host Frame:  [0x3d2c261] in libcublasLt.so.12
=========         Host Frame:  [0xfdea1d] in libcublasLt.so.12
=========         Host Frame:  [0x112bca3] in libcublasLt.so.12
=========         Host Frame: cublasLtDDDMatmul [0x114a3e7] in libcublasLt.so.12
=========         Host Frame:  [0x1ace22] in libcublas.so.12
=========         Host Frame:  [0x1aecf3] in libcublas.so.12
=========         Host Frame:  [0x440eee] in libcublas.so.12
=========         Host Frame: cublasDsyr2k_v2_64 [0xd2931] in libcublas.so.12
=========         Host Frame:  [0x40073e] in libcusolver.so.11
=========         Host Frame:  [0x63a139] in libcusolver.so.11
=========         Host Frame:  [0x63fa56] in libcusolver.so.11
=========         Host Frame:  [0x42abaa] in libcusolver.so.11
=========         Host Frame: cusolverDnXsyevd [0x6575b0] in libcusolver.so.11
=========         Host Frame: void single_eig_cusolver<double>(DeviceSolverDnHandle&, SingleEigParameter&, DeviceDenseVector<double>&, DeviceDenseVector<double>&, DeviceDenseVector<double>&, HostDenseVector<double>&, DeviceDenseVector<int>&, int, unsigned long, unsigned long, int, int, unsigned long, unsigned long, int) [0x6588a] in libcuadmm_lib.so
=========         Host Frame: SDPSolver::large_full_eig_project(int, int, int, bool, bool) [0x509ae] in libcuadmm_lib.so
=========         Host Frame: SDPSolver::solve(int, double, int, int, int, int, int, double, double, bool) [0x5af0a] in libcuadmm_lib.so
=========         Host Frame: main [0x748b] in cuadmm_exe
========= 
========= Uninitialized __global__ memory read of size 8 bytes
=========     at sm90_xmma_syr2k_l_f64f64_f64f64_f64_nt_n_tilesize64x64x32_stage3_warpsize2x2x1_tensor16x8x16_aligna8_alignc8_execute_kernel__5x_cublas+0x1d00
=========     by thread (75,0,0) in block (0,17,0)
=========     Address 0x14872a005a68
=========     Saved host backtrace up to driver entry point at kernel launch time
=========         Host Frame: cuLaunchKernelEx [0x3c96a9] in libcuda.so.1
=========         Host Frame:  [0x8548032] in libcublasLt.so.12
=========         Host Frame:  [0x85ae553] in libcublasLt.so.12
=========         Host Frame:  [0x387c34f] in libcublasLt.so.12
=========         Host Frame:  [0x384f886] in libcublasLt.so.12
=========         Host Frame:  [0x3d18d93] in libcublasLt.so.12
=========         Host Frame:  [0x3d2c261] in libcublasLt.so.12
=========         Host Frame:  [0xfdea1d] in libcublasLt.so.12
=========         Host Frame:  [0x112bca3] in libcublasLt.so.12
=========         Host Frame: cublasLtDDDMatmul [0x114a3e7] in libcublasLt.so.12
=========         Host Frame:  [0x1ace22] in libcublas.so.12
=========         Host Frame:  [0x1aecf3] in libcublas.so.12
=========         Host Frame:  [0x440eee] in libcublas.so.12
=========         Host Frame: cublasDsyr2k_v2_64 [0xd2931] in libcublas.so.12
=========         Host Frame:  [0x40073e] in libcusolver.so.11
=========         Host Frame:  [0x63a139] in libcusolver.so.11
=========         Host Frame:  [0x63fa56] in libcusolver.so.11
=========         Host Frame:  [0x42abaa] in libcusolver.so.11
=========         Host Frame: cusolverDnXsyevd [0x6575b0] in libcusolver.so.11
=========         Host Frame: void single_eig_cusolver<double>(DeviceSolverDnHandle&, SingleEigParameter&, DeviceDenseVector<double>&, DeviceDenseVector<double>&, DeviceDenseVector<double>&, HostDenseVector<double>&, DeviceDenseVector<int>&, int, unsigned long, unsigned long, int, int, unsigned long, unsigned long, int) [0x6588a] in libcuadmm_lib.so
=========         Host Frame: SDPSolver::large_full_eig_project(int, int, int, bool, bool) [0x509ae] in libcuadmm_lib.so
=========         Host Frame: SDPSolver::solve(int, double, int, int, int, int, int, double, double, bool) [0x5af0a] in libcuadmm_lib.so
=========         Host Frame: main [0x748b] in cuadmm_exe
========= 
========= Uninitialized __global__ memory read of size 8 bytes
=========     at sm90_xmma_syr2k_l_f64f64_f64f64_f64_nt_n_tilesize64x64x32_stage3_warpsize2x2x1_tensor16x8x16_aligna8_alignc8_execute_kernel__5x_cublas+0x1d00
=========     by thread (76,0,0) in block (0,17,0)
=========     Address 0x14872a005a70
=========     Saved host backtrace up to driver entry point at kernel launch time
=========         Host Frame: cuLaunchKernelEx [0x3c96a9] in libcuda.so.1
=========         Host Frame:  [0x8548032] in libcublasLt.so.12
=========         Host Frame:  [0x85ae553] in libcublasLt.so.12
=========         Host Frame:  [0x387c34f] in libcublasLt.so.12
=========         Host Frame:  [0x384f886] in libcublasLt.so.12
=========         Host Frame:  [0x3d18d93] in libcublasLt.so.12
=========         Host Frame:  [0x3d2c261] in libcublasLt.so.12
=========         Host Frame:  [0xfdea1d] in libcublasLt.so.12
=========         Host Frame:  [0x112bca3] in libcublasLt.so.12
=========         Host Frame: cublasLtDDDMatmul [0x114a3e7] in libcublasLt.so.12
=========         Host Frame:  [0x1ace22] in libcublas.so.12
=========         Host Frame:  [0x1aecf3] in libcublas.so.12
=========         Host Frame:  [0x440eee] in libcublas.so.12
=========         Host Frame: cublasDsyr2k_v2_64 [0xd2931] in libcublas.so.12
=========         Host Frame:  [0x40073e] in libcusolver.so.11
=========         Host Frame:  [0x63a139] in libcusolver.so.11
=========         Host Frame:  [0x63fa56] in libcusolver.so.11
=========         Host Frame:  [0x42abaa] in libcusolver.so.11
=========         Host Frame: cusolverDnXsyevd [0x6575b0] in libcusolver.so.11
=========         Host Frame: void single_eig_cusolver<double>(DeviceSolverDnHandle&, SingleEigParameter&, DeviceDenseVector<double>&, DeviceDenseVector<double>&, DeviceDenseVector<double>&, HostDenseVector<double>&, DeviceDenseVector<int>&, int, unsigned long, unsigned long, int, int, unsigned long, unsigned long, int) [0x6588a] in libcuadmm_lib.so
=========         Host Frame: SDPSolver::large_full_eig_project(int, int, int, bool, bool) [0x509ae] in libcuadmm_lib.so
=========         Host Frame: SDPSolver::solve(int, double, int, int, int, int, int, double, double, bool) [0x5af0a] in libcuadmm_lib.so
=========         Host Frame: main [0x748b] in cuadmm_exe
========= 
========= Uninitialized __global__ memory read of size 8 bytes
=========     at sm90_xmma_syr2k_l_f64f64_f64f64_f64_nt_n_tilesize64x64x32_stage3_warpsize2x2x1_tensor16x8x16_aligna8_alignc8_execute_kernel__5x_cublas+0x1d00
=========     by thread (77,0,0) in block (0,17,0)
=========     Address 0x14872a005a78
=========     Saved host backtrace up to driver entry point at kernel launch time
=========         Host Frame: cuLaunchKernelEx [0x3c96a9] in libcuda.so.1
=========         Host Frame:  [0x8548032] in libcublasLt.so.12
=========         Host Frame:  [0x85ae553] in libcublasLt.so.12
=========         Host Frame:  [0x387c34f] in libcublasLt.so.12
=========         Host Frame:  [0x384f886] in libcublasLt.so.12
=========         Host Frame:  [0x3d18d93] in libcublasLt.so.12
=========         Host Frame:  [0x3d2c261] in libcublasLt.so.12
=========         Host Frame:  [0xfdea1d] in libcublasLt.so.12
=========         Host Frame:  [0x112bca3] in libcublasLt.so.12
=========         Host Frame: cublasLtDDDMatmul [0x114a3e7] in libcublasLt.so.12
=========         Host Frame:  [0x1ace22] in libcublas.so.12
=========         Host Frame:  [0x1aecf3] in libcublas.so.12
=========         Host Frame:  [0x440eee] in libcublas.so.12
=========         Host Frame: cublasDsyr2k_v2_64 [0xd2931] in libcublas.so.12
=========         Host Frame:  [0x40073e] in libcusolver.so.11
=========         Host Frame:  [0x63a139] in libcusolver.so.11
=========         Host Frame:  [0x63fa56] in libcusolver.so.11
=========         Host Frame:  [0x42abaa] in libcusolver.so.11
=========         Host Frame: cusolverDnXsyevd [0x6575b0] in libcusolver.so.11
=========         Host Frame: void single_eig_cusolver<double>(DeviceSolverDnHandle&, SingleEigParameter&, DeviceDenseVector<double>&, DeviceDenseVector<double>&, DeviceDenseVector<double>&, HostDenseVector<double>&, DeviceDenseVector<int>&, int, unsigned long, unsigned long, int, int, unsigned long, unsigned long, int) [0x6588a] in libcuadmm_lib.so
=========         Host Frame: SDPSolver::large_full_eig_project(int, int, int, bool, bool) [0x509ae] in libcuadmm_lib.so
=========         Host Frame: SDPSolver::solve(int, double, int, int, int, int, int, double, double, bool) [0x5af0a] in libcuadmm_lib.so
=========         Host Frame: main [0x748b] in cuadmm_exe
========= 
========= Uninitialized __global__ memory read of size 8 bytes
=========     at sm90_xmma_syr2k_l_f64f64_f64f64_f64_nt_n_tilesize64x64x32_stage3_warpsize2x2x1_tensor16x8x16_aligna8_alignc8_execute_kernel__5x_cublas+0x1d00
=========     by thread (78,0,0) in block (0,17,0)
=========     Address 0x14872a005a80
=========     Saved host backtrace up to driver entry point at kernel launch time
=========         Host Frame: cuLaunchKernelEx [0x3c96a9] in libcuda.so.1
=========         Host Frame:  [0x8548032] in libcublasLt.so.12
=========         Host Frame:  [0x85ae553] in libcublasLt.so.12
=========         Host Frame:  [0x387c34f] in libcublasLt.so.12
=========         Host Frame:  [0x384f886] in libcublasLt.so.12
=========         Host Frame:  [0x3d18d93] in libcublasLt.so.12
=========         Host Frame:  [0x3d2c261] in libcublasLt.so.12
=========         Host Frame:  [0xfdea1d] in libcublasLt.so.12
=========         Host Frame:  [0x112bca3] in libcublasLt.so.12
=========         Host Frame: cublasLtDDDMatmul [0x114a3e7] in libcublasLt.so.12
=========         Host Frame:  [0x1ace22] in libcublas.so.12
=========         Host Frame:  [0x1aecf3] in libcublas.so.12
=========         Host Frame:  [0x440eee] in libcublas.so.12
=========         Host Frame: cublasDsyr2k_v2_64 [0xd2931] in libcublas.so.12
=========         Host Frame:  [0x40073e] in libcusolver.so.11
=========         Host Frame:  [0x63a139] in libcusolver.so.11
=========         Host Frame:  [0x63fa56] in libcusolver.so.11
=========         Host Frame:  [0x42abaa] in libcusolver.so.11
=========         Host Frame: cusolverDnXsyevd [0x6575b0] in libcusolver.so.11
=========         Host Frame: void single_eig_cusolver<double>(DeviceSolverDnHandle&, SingleEigParameter&, DeviceDenseVector<double>&, DeviceDenseVector<double>&, DeviceDenseVector<double>&, HostDenseVector<double>&, DeviceDenseVector<int>&, int, unsigned long, unsigned long, int, int, unsigned long, unsigned long, int) [0x6588a] in libcuadmm_lib.so
=========         Host Frame: SDPSolver::large_full_eig_project(int, int, int, bool, bool) [0x509ae] in libcuadmm_lib.so
=========         Host Frame: SDPSolver::solve(int, double, int, int, int, int, int, double, double, bool) [0x5af0a] in libcuadmm_lib.so
=========         Host Frame: main [0x748b] in cuadmm_exe
========= 
========= Uninitialized __global__ memory read of size 8 bytes
=========     at sm90_xmma_syr2k_l_f64f64_f64f64_f64_nt_n_tilesize64x64x32_stage3_warpsize2x2x1_tensor16x8x16_aligna8_alignc8_execute_kernel__5x_cublas+0x1d00
=========     by thread (79,0,0) in block (0,17,0)
=========     Address 0x14872a005a88
=========     Saved host backtrace up to driver entry point at kernel launch time
=========         Host Frame: cuLaunchKernelEx [0x3c96a9] in libcuda.so.1
=========         Host Frame:  [0x8548032] in libcublasLt.so.12
=========         Host Frame:  [0x85ae553] in libcublasLt.so.12
=========         Host Frame:  [0x387c34f] in libcublasLt.so.12
=========         Host Frame:  [0x384f886] in libcublasLt.so.12
=========         Host Frame:  [0x3d18d93] in libcublasLt.so.12
=========         Host Frame:  [0x3d2c261] in libcublasLt.so.12
=========         Host Frame:  [0xfdea1d] in libcublasLt.so.12
=========         Host Frame:  [0x112bca3] in libcublasLt.so.12
=========         Host Frame: cublasLtDDDMatmul [0x114a3e7] in libcublasLt.so.12
=========         Host Frame:  [0x1ace22] in libcublas.so.12
=========         Host Frame:  [0x1aecf3] in libcublas.so.12
=========         Host Frame:  [0x440eee] in libcublas.so.12
=========         Host Frame: cublasDsyr2k_v2_64 [0xd2931] in libcublas.so.12
=========         Host Frame:  [0x40073e] in libcusolver.so.11
=========         Host Frame:  [0x63a139] in libcusolver.so.11
=========         Host Frame:  [0x63fa56] in libcusolver.so.11
=========         Host Frame:  [0x42abaa] in libcusolver.so.11
=========         Host Frame: cusolverDnXsyevd [0x6575b0] in libcusolver.so.11
=========         Host Frame: void single_eig_cusolver<double>(DeviceSolverDnHandle&, SingleEigParameter&, DeviceDenseVector<double>&, DeviceDenseVector<double>&, DeviceDenseVector<double>&, HostDenseVector<double>&, DeviceDenseVector<int>&, int, unsigned long, unsigned long, int, int, unsigned long, unsigned long, int) [0x6588a] in libcuadmm_lib.so
=========         Host Frame: SDPSolver::large_full_eig_project(int, int, int, bool, bool) [0x509ae] in libcuadmm_lib.so
=========         Host Frame: SDPSolver::solve(int, double, int, int, int, int, int, double, double, bool) [0x5af0a] in libcuadmm_lib.so
=========         Host Frame: main [0x748b] in cuadmm_exe
========= 
========= Uninitialized __global__ memory read of size 8 bytes
=========     at sm90_xmma_syr2k_l_f64f64_f64f64_f64_nt_n_tilesize64x64x32_stage3_warpsize2x2x1_tensor16x8x16_aligna8_alignc8_execute_kernel__5x_cublas+0x1d00
=========     by thread (80,0,0) in block (0,17,0)
=========     Address 0x14872a005a90
=========     Saved host backtrace up to driver entry point at kernel launch time
=========         Host Frame: cuLaunchKernelEx [0x3c96a9] in libcuda.so.1
=========         Host Frame:  [0x8548032] in libcublasLt.so.12
=========         Host Frame:  [0x85ae553] in libcublasLt.so.12
=========         Host Frame:  [0x387c34f] in libcublasLt.so.12
=========         Host Frame:  [0x384f886] in libcublasLt.so.12
=========         Host Frame:  [0x3d18d93] in libcublasLt.so.12
=========         Host Frame:  [0x3d2c261] in libcublasLt.so.12
=========         Host Frame:  [0xfdea1d] in libcublasLt.so.12
=========         Host Frame:  [0x112bca3] in libcublasLt.so.12
=========         Host Frame: cublasLtDDDMatmul [0x114a3e7] in libcublasLt.so.12
=========         Host Frame:  [0x1ace22] in libcublas.so.12
=========         Host Frame:  [0x1aecf3] in libcublas.so.12
=========         Host Frame:  [0x440eee] in libcublas.so.12
=========         Host Frame: cublasDsyr2k_v2_64 [0xd2931] in libcublas.so.12
=========         Host Frame:  [0x40073e] in libcusolver.so.11
=========         Host Frame:  [0x63a139] in libcusolver.so.11
=========         Host Frame:  [0x63fa56] in libcusolver.so.11
=========         Host Frame:  [0x42abaa] in libcusolver.so.11
=========         Host Frame: cusolverDnXsyevd [0x6575b0] in libcusolver.so.11
=========         Host Frame: void single_eig_cusolver<double>(DeviceSolverDnHandle&, SingleEigParameter&, DeviceDenseVector<double>&, DeviceDenseVector<double>&, DeviceDenseVector<double>&, HostDenseVector<double>&, DeviceDenseVector<int>&, int, unsigned long, unsigned long, int, int, unsigned long, unsigned long, int) [0x6588a] in libcuadmm_lib.so
=========         Host Frame: SDPSolver::large_full_eig_project(int, int, int, bool, bool) [0x509ae] in libcuadmm_lib.so
=========         Host Frame: SDPSolver::solve(int, double, int, int, int, int, int, double, double, bool) [0x5af0a] in libcuadmm_lib.so
=========         Host Frame: main [0x748b] in cuadmm_exe
========= 
========= Uninitialized __global__ memory read of size 8 bytes
=========     at sm90_xmma_syr2k_l_f64f64_f64f64_f64_nt_n_tilesize64x64x32_stage3_warpsize2x2x1_tensor16x8x16_aligna8_alignc8_execute_kernel__5x_cublas+0x1d00
=========     by thread (81,0,0) in block (0,17,0)
=========     Address 0x14872a005a98
=========     Saved host backtrace up to driver entry point at kernel launch time
=========         Host Frame: cuLaunchKernelEx [0x3c96a9] in libcuda.so.1
=========         Host Frame:  [0x8548032] in libcublasLt.so.12
=========         Host Frame:  [0x85ae553] in libcublasLt.so.12
=========         Host Frame:  [0x387c34f] in libcublasLt.so.12
=========         Host Frame:  [0x384f886] in libcublasLt.so.12
=========         Host Frame:  [0x3d18d93] in libcublasLt.so.12
=========         Host Frame:  [0x3d2c261] in libcublasLt.so.12
=========         Host Frame:  [0xfdea1d] in libcublasLt.so.12
=========         Host Frame:  [0x112bca3] in libcublasLt.so.12
=========         Host Frame: cublasLtDDDMatmul [0x114a3e7] in libcublasLt.so.12
=========         Host Frame:  [0x1ace22] in libcublas.so.12
=========         Host Frame:  [0x1aecf3] in libcublas.so.12
=========         Host Frame:  [0x440eee] in libcublas.so.12
=========         Host Frame: cublasDsyr2k_v2_64 [0xd2931] in libcublas.so.12
=========         Host Frame:  [0x40073e] in libcusolver.so.11
=========         Host Frame:  [0x63a139] in libcusolver.so.11
=========         Host Frame:  [0x63fa56] in libcusolver.so.11
=========         Host Frame:  [0x42abaa] in libcusolver.so.11
=========         Host Frame: cusolverDnXsyevd [0x6575b0] in libcusolver.so.11
=========         Host Frame: void single_eig_cusolver<double>(DeviceSolverDnHandle&, SingleEigParameter&, DeviceDenseVector<double>&, DeviceDenseVector<double>&, DeviceDenseVector<double>&, HostDenseVector<double>&, DeviceDenseVector<int>&, int, unsigned long, unsigned long, int, int, unsigned long, unsigned long, int) [0x6588a] in libcuadmm_lib.so
=========         Host Frame: SDPSolver::large_full_eig_project(int, int, int, bool, bool) [0x509ae] in libcuadmm_lib.so
=========         Host Frame: SDPSolver::solve(int, double, int, int, int, int, int, double, double, bool) [0x5af0a] in libcuadmm_lib.so
=========         Host Frame: main [0x748b] in cuadmm_exe
========= 
========= Uninitialized __global__ memory read of size 8 bytes
=========     at sm90_xmma_syr2k_l_f64f64_f64f64_f64_nt_n_tilesize64x64x32_stage3_warpsize2x2x1_tensor16x8x16_aligna8_alignc8_execute_kernel__5x_cublas+0x1d00
=========     by thread (82,0,0) in block (0,17,0)
=========     Address 0x14872a005aa0
=========     Saved host backtrace up to driver entry point at kernel launch time
=========         Host Frame: cuLaunchKernelEx [0x3c96a9] in libcuda.so.1
=========         Host Frame:  [0x8548032] in libcublasLt.so.12
=========         Host Frame:  [0x85ae553] in libcublasLt.so.12
=========         Host Frame:  [0x387c34f] in libcublasLt.so.12
=========         Host Frame:  [0x384f886] in libcublasLt.so.12
=========         Host Frame:  [0x3d18d93] in libcublasLt.so.12
=========         Host Frame:  [0x3d2c261] in libcublasLt.so.12
=========         Host Frame:  [0xfdea1d] in libcublasLt.so.12
=========         Host Frame:  [0x112bca3] in libcublasLt.so.12
=========         Host Frame: cublasLtDDDMatmul [0x114a3e7] in libcublasLt.so.12
=========         Host Frame:  [0x1ace22] in libcublas.so.12
=========         Host Frame:  [0x1aecf3] in libcublas.so.12
=========         Host Frame:  [0x440eee] in libcublas.so.12
=========         Host Frame: cublasDsyr2k_v2_64 [0xd2931] in libcublas.so.12
=========         Host Frame:  [0x40073e] in libcusolver.so.11
=========         Host Frame:  [0x63a139] in libcusolver.so.11
=========         Host Frame:  [0x63fa56] in libcusolver.so.11
=========         Host Frame:  [0x42abaa] in libcusolver.so.11
=========         Host Frame: cusolverDnXsyevd [0x6575b0] in libcusolver.so.11
=========         Host Frame: void single_eig_cusolver<double>(DeviceSolverDnHandle&, SingleEigParameter&, DeviceDenseVector<double>&, DeviceDenseVector<double>&, DeviceDenseVector<double>&, HostDenseVector<double>&, DeviceDenseVector<int>&, int, unsigned long, unsigned long, int, int, unsigned long, unsigned long, int) [0x6588a] in libcuadmm_lib.so
=========         Host Frame: SDPSolver::large_full_eig_project(int, int, int, bool, bool) [0x509ae] in libcuadmm_lib.so
=========         Host Frame: SDPSolver::solve(int, double, int, int, int, int, int, double, double, bool) [0x5af0a] in libcuadmm_lib.so
=========         Host Frame: main [0x748b] in cuadmm_exe
========= 
========= Uninitialized __global__ memory read of size 8 bytes
=========     at sm90_xmma_syr2k_l_f64f64_f64f64_f64_nt_n_tilesize64x64x32_stage3_warpsize2x2x1_tensor16x8x16_aligna8_alignc8_execute_kernel__5x_cublas+0x1d00
=========     by thread (83,0,0) in block (0,17,0)
=========     Address 0x14872a005aa8
=========     Saved host backtrace up to driver entry point at kernel launch time
=========         Host Frame: cuLaunchKernelEx [0x3c96a9] in libcuda.so.1
=========         Host Frame:  [0x8548032] in libcublasLt.so.12
=========         Host Frame:  [0x85ae553] in libcublasLt.so.12
=========         Host Frame:  [0x387c34f] in libcublasLt.so.12
=========         Host Frame:  [0x384f886] in libcublasLt.so.12
=========         Host Frame:  [0x3d18d93] in libcublasLt.so.12
=========         Host Frame:  [0x3d2c261] in libcublasLt.so.12
=========         Host Frame:  [0xfdea1d] in libcublasLt.so.12
=========         Host Frame:  [0x112bca3] in libcublasLt.so.12
=========         Host Frame: cublasLtDDDMatmul [0x114a3e7] in libcublasLt.so.12
=========         Host Frame:  [0x1ace22] in libcublas.so.12
=========         Host Frame:  [0x1aecf3] in libcublas.so.12
=========         Host Frame:  [0x440eee] in libcublas.so.12
=========         Host Frame: cublasDsyr2k_v2_64 [0xd2931] in libcublas.so.12
=========         Host Frame:  [0x40073e] in libcusolver.so.11
=========         Host Frame:  [0x63a139] in libcusolver.so.11
=========         Host Frame:  [0x63fa56] in libcusolver.so.11
=========         Host Frame:  [0x42abaa] in libcusolver.so.11
=========         Host Frame: cusolverDnXsyevd [0x6575b0] in libcusolver.so.11
=========         Host Frame: void single_eig_cusolver<double>(DeviceSolverDnHandle&, SingleEigParameter&, DeviceDenseVector<double>&, DeviceDenseVector<double>&, DeviceDenseVector<double>&, HostDenseVector<double>&, DeviceDenseVector<int>&, int, unsigned long, unsigned long, int, int, unsigned long, unsigned long, int) [0x6588a] in libcuadmm_lib.so
=========         Host Frame: SDPSolver::large_full_eig_project(int, int, int, bool, bool) [0x509ae] in libcuadmm_lib.so
=========         Host Frame: SDPSolver::solve(int, double, int, int, int, int, int, double, double, bool) [0x5af0a] in libcuadmm_lib.so
=========         Host Frame: main [0x748b] in cuadmm_exe
========= 
========= Uninitialized __global__ memory read of size 8 bytes
=========     at sm90_xmma_syr2k_l_f64f64_f64f64_f64_nt_n_tilesize64x64x32_stage3_warpsize2x2x1_tensor16x8x16_aligna8_alignc8_execute_kernel__5x_cublas+0x1d00
=========     by thread (84,0,0) in block (0,17,0)
=========     Address 0x14872a005ab0
=========     Saved host backtrace up to driver entry point at kernel launch time
=========         Host Frame: cuLaunchKernelEx [0x3c96a9] in libcuda.so.1
=========         Host Frame:  [0x8548032] in libcublasLt.so.12
=========         Host Frame:  [0x85ae553] in libcublasLt.so.12
=========         Host Frame:  [0x387c34f] in libcublasLt.so.12
=========         Host Frame:  [0x384f886] in libcublasLt.so.12
=========         Host Frame:  [0x3d18d93] in libcublasLt.so.12
=========         Host Frame:  [0x3d2c261] in libcublasLt.so.12
=========         Host Frame:  [0xfdea1d] in libcublasLt.so.12
=========         Host Frame:  [0x112bca3] in libcublasLt.so.12
=========         Host Frame: cublasLtDDDMatmul [0x114a3e7] in libcublasLt.so.12
=========         Host Frame:  [0x1ace22] in libcublas.so.12
=========         Host Frame:  [0x1aecf3] in libcublas.so.12
=========         Host Frame:  [0x440eee] in libcublas.so.12
=========         Host Frame: cublasDsyr2k_v2_64 [0xd2931] in libcublas.so.12
=========         Host Frame:  [0x40073e] in libcusolver.so.11
=========         Host Frame:  [0x63a139] in libcusolver.so.11
=========         Host Frame:  [0x63fa56] in libcusolver.so.11
=========         Host Frame:  [0x42abaa] in libcusolver.so.11
=========         Host Frame: cusolverDnXsyevd [0x6575b0] in libcusolver.so.11
=========         Host Frame: void single_eig_cusolver<double>(DeviceSolverDnHandle&, SingleEigParameter&, DeviceDenseVector<double>&, DeviceDenseVector<double>&, DeviceDenseVector<double>&, HostDenseVector<double>&, DeviceDenseVector<int>&, int, unsigned long, unsigned long, int, int, unsigned long, unsigned long, int) [0x6588a] in libcuadmm_lib.so
=========         Host Frame: SDPSolver::large_full_eig_project(int, int, int, bool, bool) [0x509ae] in libcuadmm_lib.so
=========         Host Frame: SDPSolver::solve(int, double, int, int, int, int, int, double, double, bool) [0x5af0a] in libcuadmm_lib.so
=========         Host Frame: main [0x748b] in cuadmm_exe
========= 
========= Uninitialized __global__ memory read of size 8 bytes
=========     at sm90_xmma_syr2k_l_f64f64_f64f64_f64_nt_n_tilesize64x64x32_stage3_warpsize2x2x1_tensor16x8x16_aligna8_alignc8_execute_kernel__5x_cublas+0x1d00
=========     by thread (85,0,0) in block (0,17,0)
=========     Address 0x14872a005ab8
=========     Saved host backtrace up to driver entry point at kernel launch time
=========         Host Frame: cuLaunchKernelEx [0x3c96a9] in libcuda.so.1
=========         Host Frame:  [0x8548032] in libcublasLt.so.12
=========         Host Frame:  [0x85ae553] in libcublasLt.so.12
=========         Host Frame:  [0x387c34f] in libcublasLt.so.12
=========         Host Frame:  [0x384f886] in libcublasLt.so.12
=========         Host Frame:  [0x3d18d93] in libcublasLt.so.12
=========         Host Frame:  [0x3d2c261] in libcublasLt.so.12
=========         Host Frame:  [0xfdea1d] in libcublasLt.so.12
=========         Host Frame:  [0x112bca3] in libcublasLt.so.12
=========         Host Frame: cublasLtDDDMatmul [0x114a3e7] in libcublasLt.so.12
=========         Host Frame:  [0x1ace22] in libcublas.so.12
=========         Host Frame:  [0x1aecf3] in libcublas.so.12
=========         Host Frame:  [0x440eee] in libcublas.so.12
=========         Host Frame: cublasDsyr2k_v2_64 [0xd2931] in libcublas.so.12
=========         Host Frame:  [0x40073e] in libcusolver.so.11
=========         Host Frame:  [0x63a139] in libcusolver.so.11
=========         Host Frame:  [0x63fa56] in libcusolver.so.11
=========         Host Frame:  [0x42abaa] in libcusolver.so.11
=========         Host Frame: cusolverDnXsyevd [0x6575b0] in libcusolver.so.11
=========         Host Frame: void single_eig_cusolver<double>(DeviceSolverDnHandle&, SingleEigParameter&, DeviceDenseVector<double>&, DeviceDenseVector<double>&, DeviceDenseVector<double>&, HostDenseVector<double>&, DeviceDenseVector<int>&, int, unsigned long, unsigned long, int, int, unsigned long, unsigned long, int) [0x6588a] in libcuadmm_lib.so
=========         Host Frame: SDPSolver::large_full_eig_project(int, int, int, bool, bool) [0x509ae] in libcuadmm_lib.so
=========         Host Frame: SDPSolver::solve(int, double, int, int, int, int, int, double, double, bool) [0x5af0a] in libcuadmm_lib.so
=========         Host Frame: main [0x748b] in cuadmm_exe
========= 
========= Uninitialized __global__ memory read of size 8 bytes
=========     at sm90_xmma_syr2k_l_f64f64_f64f64_f64_nt_n_tilesize64x64x32_stage3_warpsize2x2x1_tensor16x8x16_aligna8_alignc8_execute_kernel__5x_cublas+0x1d00
=========     by thread (86,0,0) in block (0,17,0)
=========     Address 0x14872a005ac0
=========     Saved host backtrace up to driver entry point at kernel launch time
=========         Host Frame: cuLaunchKernelEx [0x3c96a9] in libcuda.so.1
=========         Host Frame:  [0x8548032] in libcublasLt.so.12
=========         Host Frame:  [0x85ae553] in libcublasLt.so.12
=========         Host Frame:  [0x387c34f] in libcublasLt.so.12
=========         Host Frame:  [0x384f886] in libcublasLt.so.12
=========         Host Frame:  [0x3d18d93] in libcublasLt.so.12
=========         Host Frame:  [0x3d2c261] in libcublasLt.so.12
=========         Host Frame:  [0xfdea1d] in libcublasLt.so.12
=========         Host Frame:  [0x112bca3] in libcublasLt.so.12
=========         Host Frame: cublasLtDDDMatmul [0x114a3e7] in libcublasLt.so.12
=========         Host Frame:  [0x1ace22] in libcublas.so.12
=========         Host Frame:  [0x1aecf3] in libcublas.so.12
=========         Host Frame:  [0x440eee] in libcublas.so.12
=========         Host Frame: cublasDsyr2k_v2_64 [0xd2931] in libcublas.so.12
=========         Host Frame:  [0x40073e] in libcusolver.so.11
=========         Host Frame:  [0x63a139] in libcusolver.so.11
=========         Host Frame:  [0x63fa56] in libcusolver.so.11
=========         Host Frame:  [0x42abaa] in libcusolver.so.11
=========         Host Frame: cusolverDnXsyevd [0x6575b0] in libcusolver.so.11
=========         Host Frame: void single_eig_cusolver<double>(DeviceSolverDnHandle&, SingleEigParameter&, DeviceDenseVector<double>&, DeviceDenseVector<double>&, DeviceDenseVector<double>&, HostDenseVector<double>&, DeviceDenseVector<int>&, int, unsigned long, unsigned long, int, int, unsigned long, unsigned long, int) [0x6588a] in libcuadmm_lib.so
=========         Host Frame: SDPSolver::large_full_eig_project(int, int, int, bool, bool) [0x509ae] in libcuadmm_lib.so
=========         Host Frame: SDPSolver::solve(int, double, int, int, int, int, int, double, double, bool) [0x5af0a] in libcuadmm_lib.so
=========         Host Frame: main [0x748b] in cuadmm_exe
========= 
========= Uninitialized __global__ memory read of size 8 bytes
=========     at sm90_xmma_syr2k_l_f64f64_f64f64_f64_nt_n_tilesize64x64x32_stage3_warpsize2x2x1_tensor16x8x16_aligna8_alignc8_execute_kernel__5x_cublas+0x1d00
=========     by thread (87,0,0) in block (0,17,0)
=========     Address 0x14872a005ac8
=========     Saved host backtrace up to driver entry point at kernel launch time
=========         Host Frame: cuLaunchKernelEx [0x3c96a9] in libcuda.so.1
=========         Host Frame:  [0x8548032] in libcublasLt.so.12
=========         Host Frame:  [0x85ae553] in libcublasLt.so.12
=========         Host Frame:  [0x387c34f] in libcublasLt.so.12
=========         Host Frame:  [0x384f886] in libcublasLt.so.12
=========         Host Frame:  [0x3d18d93] in libcublasLt.so.12
=========         Host Frame:  [0x3d2c261] in libcublasLt.so.12
=========         Host Frame:  [0xfdea1d] in libcublasLt.so.12
=========         Host Frame:  [0x112bca3] in libcublasLt.so.12
=========         Host Frame: cublasLtDDDMatmul [0x114a3e7] in libcublasLt.so.12
=========         Host Frame:  [0x1ace22] in libcublas.so.12
=========         Host Frame:  [0x1aecf3] in libcublas.so.12
=========         Host Frame:  [0x440eee] in libcublas.so.12
=========         Host Frame: cublasDsyr2k_v2_64 [0xd2931] in libcublas.so.12
=========         Host Frame:  [0x40073e] in libcusolver.so.11
=========         Host Frame:  [0x63a139] in libcusolver.so.11
=========         Host Frame:  [0x63fa56] in libcusolver.so.11
=========         Host Frame:  [0x42abaa] in libcusolver.so.11
=========         Host Frame: cusolverDnXsyevd [0x6575b0] in libcusolver.so.11
=========         Host Frame: void single_eig_cusolver<double>(DeviceSolverDnHandle&, SingleEigParameter&, DeviceDenseVector<double>&, DeviceDenseVector<double>&, DeviceDenseVector<double>&, HostDenseVector<double>&, DeviceDenseVector<int>&, int, unsigned long, unsigned long, int, int, unsigned long, unsigned long, int) [0x6588a] in libcuadmm_lib.so
=========         Host Frame: SDPSolver::large_full_eig_project(int, int, int, bool, bool) [0x509ae] in libcuadmm_lib.so
=========         Host Frame: SDPSolver::solve(int, double, int, int, int, int, int, double, double, bool) [0x5af0a] in libcuadmm_lib.so
=========         Host Frame: main [0x748b] in cuadmm_exe
========= 
========= Uninitialized __global__ memory read of size 8 bytes
=========     at sm90_xmma_syr2k_l_f64f64_f64f64_f64_nt_n_tilesize64x64x32_stage3_warpsize2x2x1_tensor16x8x16_aligna8_alignc8_execute_kernel__5x_cublas+0x1d00
=========     by thread (88,0,0) in block (0,17,0)
=========     Address 0x14872a005ad0
=========     Saved host backtrace up to driver entry point at kernel launch time
=========         Host Frame: cuLaunchKernelEx [0x3c96a9] in libcuda.so.1
=========         Host Frame:  [0x8548032] in libcublasLt.so.12
=========         Host Frame:  [0x85ae553] in libcublasLt.so.12
=========         Host Frame:  [0x387c34f] in libcublasLt.so.12
=========         Host Frame:  [0x384f886] in libcublasLt.so.12
=========         Host Frame:  [0x3d18d93] in libcublasLt.so.12
=========         Host Frame:  [0x3d2c261] in libcublasLt.so.12
=========         Host Frame:  [0xfdea1d] in libcublasLt.so.12
=========         Host Frame:  [0x112bca3] in libcublasLt.so.12
=========         Host Frame: cublasLtDDDMatmul [0x114a3e7] in libcublasLt.so.12
=========         Host Frame:  [0x1ace22] in libcublas.so.12
=========         Host Frame:  [0x1aecf3] in libcublas.so.12
=========         Host Frame:  [0x440eee] in libcublas.so.12
=========         Host Frame: cublasDsyr2k_v2_64 [0xd2931] in libcublas.so.12
=========         Host Frame:  [0x40073e] in libcusolver.so.11
=========         Host Frame:  [0x63a139] in libcusolver.so.11
=========         Host Frame:  [0x63fa56] in libcusolver.so.11
=========         Host Frame:  [0x42abaa] in libcusolver.so.11
=========         Host Frame: cusolverDnXsyevd [0x6575b0] in libcusolver.so.11
=========         Host Frame: void single_eig_cusolver<double>(DeviceSolverDnHandle&, SingleEigParameter&, DeviceDenseVector<double>&, DeviceDenseVector<double>&, DeviceDenseVector<double>&, HostDenseVector<double>&, DeviceDenseVector<int>&, int, unsigned long, unsigned long, int, int, unsigned long, unsigned long, int) [0x6588a] in libcuadmm_lib.so
=========         Host Frame: SDPSolver::large_full_eig_project(int, int, int, bool, bool) [0x509ae] in libcuadmm_lib.so
=========         Host Frame: SDPSolver::solve(int, double, int, int, int, int, int, double, double, bool) [0x5af0a] in libcuadmm_lib.so
=========         Host Frame: main [0x748b] in cuadmm_exe
========= 
========= Uninitialized __global__ memory read of size 8 bytes
=========     at sm90_xmma_syr2k_l_f64f64_f64f64_f64_nt_n_tilesize64x64x32_stage3_warpsize2x2x1_tensor16x8x16_aligna8_alignc8_execute_kernel__5x_cublas+0x1d00
=========     by thread (89,0,0) in block (0,17,0)
=========     Address 0x14872a005ad8
=========     Saved host backtrace up to driver entry point at kernel launch time
=========         Host Frame: cuLaunchKernelEx [0x3c96a9] in libcuda.so.1
=========         Host Frame:  [0x8548032] in libcublasLt.so.12
=========         Host Frame:  [0x85ae553] in libcublasLt.so.12
=========         Host Frame:  [0x387c34f] in libcublasLt.so.12
=========         Host Frame:  [0x384f886] in libcublasLt.so.12
=========         Host Frame:  [0x3d18d93] in libcublasLt.so.12
=========         Host Frame:  [0x3d2c261] in libcublasLt.so.12
=========         Host Frame:  [0xfdea1d] in libcublasLt.so.12
=========         Host Frame:  [0x112bca3] in libcublasLt.so.12
=========         Host Frame: cublasLtDDDMatmul [0x114a3e7] in libcublasLt.so.12
=========         Host Frame:  [0x1ace22] in libcublas.so.12
=========         Host Frame:  [0x1aecf3] in libcublas.so.12
=========         Host Frame:  [0x440eee] in libcublas.so.12
=========         Host Frame: cublasDsyr2k_v2_64 [0xd2931] in libcublas.so.12
=========         Host Frame:  [0x40073e] in libcusolver.so.11
=========         Host Frame:  [0x63a139] in libcusolver.so.11
=========         Host Frame:  [0x63fa56] in libcusolver.so.11
=========         Host Frame:  [0x42abaa] in libcusolver.so.11
=========         Host Frame: cusolverDnXsyevd [0x6575b0] in libcusolver.so.11
=========         Host Frame: void single_eig_cusolver<double>(DeviceSolverDnHandle&, SingleEigParameter&, DeviceDenseVector<double>&, DeviceDenseVector<double>&, DeviceDenseVector<double>&, HostDenseVector<double>&, DeviceDenseVector<int>&, int, unsigned long, unsigned long, int, int, unsigned long, unsigned long, int) [0x6588a] in libcuadmm_lib.so
=========         Host Frame: SDPSolver::large_full_eig_project(int, int, int, bool, bool) [0x509ae] in libcuadmm_lib.so
=========         Host Frame: SDPSolver::solve(int, double, int, int, int, int, int, double, double, bool) [0x5af0a] in libcuadmm_lib.so
=========         Host Frame: main [0x748b] in cuadmm_exe
========= 
========= Uninitialized __global__ memory read of size 8 bytes
=========     at sm90_xmma_syr2k_l_f64f64_f64f64_f64_nt_n_tilesize64x64x32_stage3_warpsize2x2x1_tensor16x8x16_aligna8_alignc8_execute_kernel__5x_cublas+0x1d00
=========     by thread (90,0,0) in block (0,17,0)
=========     Address 0x14872a005ae0
=========     Saved host backtrace up to driver entry point at kernel launch time
=========         Host Frame: cuLaunchKernelEx [0x3c96a9] in libcuda.so.1
=========         Host Frame:  [0x8548032] in libcublasLt.so.12
=========         Host Frame:  [0x85ae553] in libcublasLt.so.12
=========         Host Frame:  [0x387c34f] in libcublasLt.so.12
=========         Host Frame:  [0x384f886] in libcublasLt.so.12
=========         Host Frame:  [0x3d18d93] in libcublasLt.so.12
=========         Host Frame:  [0x3d2c261] in libcublasLt.so.12
=========         Host Frame:  [0xfdea1d] in libcublasLt.so.12
=========         Host Frame:  [0x112bca3] in libcublasLt.so.12
=========         Host Frame: cublasLtDDDMatmul [0x114a3e7] in libcublasLt.so.12
=========         Host Frame:  [0x1ace22] in libcublas.so.12
=========         Host Frame:  [0x1aecf3] in libcublas.so.12
=========         Host Frame:  [0x440eee] in libcublas.so.12
=========         Host Frame: cublasDsyr2k_v2_64 [0xd2931] in libcublas.so.12
=========         Host Frame:  [0x40073e] in libcusolver.so.11
=========         Host Frame:  [0x63a139] in libcusolver.so.11
=========         Host Frame:  [0x63fa56] in libcusolver.so.11
=========         Host Frame:  [0x42abaa] in libcusolver.so.11
=========         Host Frame: cusolverDnXsyevd [0x6575b0] in libcusolver.so.11
=========         Host Frame: void single_eig_cusolver<double>(DeviceSolverDnHandle&, SingleEigParameter&, DeviceDenseVector<double>&, DeviceDenseVector<double>&, DeviceDenseVector<double>&, HostDenseVector<double>&, DeviceDenseVector<int>&, int, unsigned long, unsigned long, int, int, unsigned long, unsigned long, int) [0x6588a] in libcuadmm_lib.so
=========         Host Frame: SDPSolver::large_full_eig_project(int, int, int, bool, bool) [0x509ae] in libcuadmm_lib.so
=========         Host Frame: SDPSolver::solve(int, double, int, int, int, int, int, double, double, bool) [0x5af0a] in libcuadmm_lib.so
=========         Host Frame: main [0x748b] in cuadmm_exe
========= 
========= Uninitialized __global__ memory read of size 8 bytes
=========     at sm90_xmma_syr2k_l_f64f64_f64f64_f64_nt_n_tilesize64x64x32_stage3_warpsize2x2x1_tensor16x8x16_aligna8_alignc8_execute_kernel__5x_cublas+0x1d00
=========     by thread (91,0,0) in block (0,17,0)
=========     Address 0x14872a005ae8
=========     Saved host backtrace up to driver entry point at kernel launch time
=========         Host Frame: cuLaunchKernelEx [0x3c96a9] in libcuda.so.1
=========         Host Frame:  [0x8548032] in libcublasLt.so.12
=========         Host Frame:  [0x85ae553] in libcublasLt.so.12
=========         Host Frame:  [0x387c34f] in libcublasLt.so.12
=========         Host Frame:  [0x384f886] in libcublasLt.so.12
=========         Host Frame:  [0x3d18d93] in libcublasLt.so.12
=========         Host Frame:  [0x3d2c261] in libcublasLt.so.12
=========         Host Frame:  [0xfdea1d] in libcublasLt.so.12
=========         Host Frame:  [0x112bca3] in libcublasLt.so.12
=========         Host Frame: cublasLtDDDMatmul [0x114a3e7] in libcublasLt.so.12
=========         Host Frame:  [0x1ace22] in libcublas.so.12
=========         Host Frame:  [0x1aecf3] in libcublas.so.12
=========         Host Frame:  [0x440eee] in libcublas.so.12
=========         Host Frame: cublasDsyr2k_v2_64 [0xd2931] in libcublas.so.12
=========         Host Frame:  [0x40073e] in libcusolver.so.11
=========         Host Frame:  [0x63a139] in libcusolver.so.11
=========         Host Frame:  [0x63fa56] in libcusolver.so.11
=========         Host Frame:  [0x42abaa] in libcusolver.so.11
=========         Host Frame: cusolverDnXsyevd [0x6575b0] in libcusolver.so.11
=========         Host Frame: void single_eig_cusolver<double>(DeviceSolverDnHandle&, SingleEigParameter&, DeviceDenseVector<double>&, DeviceDenseVector<double>&, DeviceDenseVector<double>&, HostDenseVector<double>&, DeviceDenseVector<int>&, int, unsigned long, unsigned long, int, int, unsigned long, unsigned long, int) [0x6588a] in libcuadmm_lib.so
=========         Host Frame: SDPSolver::large_full_eig_project(int, int, int, bool, bool) [0x509ae] in libcuadmm_lib.so
=========         Host Frame: SDPSolver::solve(int, double, int, int, int, int, int, double, double, bool) [0x5af0a] in libcuadmm_lib.so
=========         Host Frame: main [0x748b] in cuadmm_exe
========= 
========= Uninitialized __global__ memory read of size 8 bytes
=========     at sm90_xmma_syr2k_l_f64f64_f64f64_f64_nt_n_tilesize64x64x32_stage3_warpsize2x2x1_tensor16x8x16_aligna8_alignc8_execute_kernel__5x_cublas+0x1d00
=========     by thread (92,0,0) in block (0,17,0)
=========     Address 0x14872a005af0
=========     Saved host backtrace up to driver entry point at kernel launch time
=========         Host Frame: cuLaunchKernelEx [0x3c96a9] in libcuda.so.1
=========         Host Frame:  [0x8548032] in libcublasLt.so.12
=========         Host Frame:  [0x85ae553] in libcublasLt.so.12
=========         Host Frame:  [0x387c34f] in libcublasLt.so.12
=========         Host Frame:  [0x384f886] in libcublasLt.so.12
=========         Host Frame:  [0x3d18d93] in libcublasLt.so.12
=========         Host Frame:  [0x3d2c261] in libcublasLt.so.12
=========         Host Frame:  [0xfdea1d] in libcublasLt.so.12
=========         Host Frame:  [0x112bca3] in libcublasLt.so.12
=========         Host Frame: cublasLtDDDMatmul [0x114a3e7] in libcublasLt.so.12
=========         Host Frame:  [0x1ace22] in libcublas.so.12
=========         Host Frame:  [0x1aecf3] in libcublas.so.12
=========         Host Frame:  [0x440eee] in libcublas.so.12
=========         Host Frame: cublasDsyr2k_v2_64 [0xd2931] in libcublas.so.12
=========         Host Frame:  [0x40073e] in libcusolver.so.11
=========         Host Frame:  [0x63a139] in libcusolver.so.11
=========         Host Frame:  [0x63fa56] in libcusolver.so.11
=========         Host Frame:  [0x42abaa] in libcusolver.so.11
=========         Host Frame: cusolverDnXsyevd [0x6575b0] in libcusolver.so.11
=========         Host Frame: void single_eig_cusolver<double>(DeviceSolverDnHandle&, SingleEigParameter&, DeviceDenseVector<double>&, DeviceDenseVector<double>&, DeviceDenseVector<double>&, HostDenseVector<double>&, DeviceDenseVector<int>&, int, unsigned long, unsigned long, int, int, unsigned long, unsigned long, int) [0x6588a] in libcuadmm_lib.so
=========         Host Frame: SDPSolver::large_full_eig_project(int, int, int, bool, bool) [0x509ae] in libcuadmm_lib.so
=========         Host Frame: SDPSolver::solve(int, double, int, int, int, int, int, double, double, bool) [0x5af0a] in libcuadmm_lib.so
=========         Host Frame: main [0x748b] in cuadmm_exe
========= 
========= Uninitialized __global__ memory read of size 8 bytes
=========     at sm90_xmma_syr2k_l_f64f64_f64f64_f64_nt_n_tilesize64x64x32_stage3_warpsize2x2x1_tensor16x8x16_aligna8_alignc8_execute_kernel__5x_cublas+0x1d00
=========     by thread (93,0,0) in block (0,17,0)
=========     Address 0x14872a005af8
=========     Saved host backtrace up to driver entry point at kernel launch time
=========         Host Frame: cuLaunchKernelEx [0x3c96a9] in libcuda.so.1
=========         Host Frame:  [0x8548032] in libcublasLt.so.12
=========         Host Frame:  [0x85ae553] in libcublasLt.so.12
=========         Host Frame:  [0x387c34f] in libcublasLt.so.12
=========         Host Frame:  [0x384f886] in libcublasLt.so.12
=========         Host Frame:  [0x3d18d93] in libcublasLt.so.12
=========         Host Frame:  [0x3d2c261] in libcublasLt.so.12
=========         Host Frame:  [0xfdea1d] in libcublasLt.so.12
=========         Host Frame:  [0x112bca3] in libcublasLt.so.12
=========         Host Frame: cublasLtDDDMatmul [0x114a3e7] in libcublasLt.so.12
=========         Host Frame:  [0x1ace22] in libcublas.so.12
=========         Host Frame:  [0x1aecf3] in libcublas.so.12
=========         Host Frame:  [0x440eee] in libcublas.so.12
=========         Host Frame: cublasDsyr2k_v2_64 [0xd2931] in libcublas.so.12
=========         Host Frame:  [0x40073e] in libcusolver.so.11
=========         Host Frame:  [0x63a139] in libcusolver.so.11
=========         Host Frame:  [0x63fa56] in libcusolver.so.11
=========         Host Frame:  [0x42abaa] in libcusolver.so.11
=========         Host Frame: cusolverDnXsyevd [0x6575b0] in libcusolver.so.11
=========         Host Frame: void single_eig_cusolver<double>(DeviceSolverDnHandle&, SingleEigParameter&, DeviceDenseVector<double>&, DeviceDenseVector<double>&, DeviceDenseVector<double>&, HostDenseVector<double>&, DeviceDenseVector<int>&, int, unsigned long, unsigned long, int, int, unsigned long, unsigned long, int) [0x6588a] in libcuadmm_lib.so
=========         Host Frame: SDPSolver::large_full_eig_project(int, int, int, bool, bool) [0x509ae] in libcuadmm_lib.so
=========         Host Frame: SDPSolver::solve(int, double, int, int, int, int, int, double, double, bool) [0x5af0a] in libcuadmm_lib.so
=========         Host Frame: main [0x748b] in cuadmm_exe
========= 
========= Uninitialized __global__ memory read of size 8 bytes
=========     at sm90_xmma_syr2k_l_f64f64_f64f64_f64_nt_n_tilesize64x64x32_stage3_warpsize2x2x1_tensor16x8x16_aligna8_alignc8_execute_kernel__5x_cublas+0x1d00
=========     by thread (94,0,0) in block (0,17,0)
=========     Address 0x14872a005b00
=========     Saved host backtrace up to driver entry point at kernel launch time
=========         Host Frame: cuLaunchKernelEx [0x3c96a9] in libcuda.so.1
=========         Host Frame:  [0x8548032] in libcublasLt.so.12
=========         Host Frame:  [0x85ae553] in libcublasLt.so.12
=========         Host Frame:  [0x387c34f] in libcublasLt.so.12
=========         Host Frame:  [0x384f886] in libcublasLt.so.12
=========         Host Frame:  [0x3d18d93] in libcublasLt.so.12
=========         Host Frame:  [0x3d2c261] in libcublasLt.so.12
=========         Host Frame:  [0xfdea1d] in libcublasLt.so.12
=========         Host Frame:  [0x112bca3] in libcublasLt.so.12
=========         Host Frame: cublasLtDDDMatmul [0x114a3e7] in libcublasLt.so.12
=========         Host Frame:  [0x1ace22] in libcublas.so.12
=========         Host Frame:  [0x1aecf3] in libcublas.so.12
=========         Host Frame:  [0x440eee] in libcublas.so.12
=========         Host Frame: cublasDsyr2k_v2_64 [0xd2931] in libcublas.so.12
=========         Host Frame:  [0x40073e] in libcusolver.so.11
=========         Host Frame:  [0x63a139] in libcusolver.so.11
=========         Host Frame:  [0x63fa56] in libcusolver.so.11
=========         Host Frame:  [0x42abaa] in libcusolver.so.11
=========         Host Frame: cusolverDnXsyevd [0x6575b0] in libcusolver.so.11
=========         Host Frame: void single_eig_cusolver<double>(DeviceSolverDnHandle&, SingleEigParameter&, DeviceDenseVector<double>&, DeviceDenseVector<double>&, DeviceDenseVector<double>&, HostDenseVector<double>&, DeviceDenseVector<int>&, int, unsigned long, unsigned long, int, int, unsigned long, unsigned long, int) [0x6588a] in libcuadmm_lib.so
=========         Host Frame: SDPSolver::large_full_eig_project(int, int, int, bool, bool) [0x509ae] in libcuadmm_lib.so
=========         Host Frame: SDPSolver::solve(int, double, int, int, int, int, int, double, double, bool) [0x5af0a] in libcuadmm_lib.so
=========         Host Frame: main [0x748b] in cuadmm_exe
========= 
========= Uninitialized __global__ memory read of size 8 bytes
=========     at sm90_xmma_syr2k_l_f64f64_f64f64_f64_nt_n_tilesize64x64x32_stage3_warpsize2x2x1_tensor16x8x16_aligna8_alignc8_execute_kernel__5x_cublas+0x1d00
=========     by thread (95,0,0) in block (0,17,0)
=========     Address 0x14872a005b08
=========     Saved host backtrace up to driver entry point at kernel launch time
=========         Host Frame: cuLaunchKernelEx [0x3c96a9] in libcuda.so.1
=========         Host Frame:  [0x8548032] in libcublasLt.so.12
=========         Host Frame:  [0x85ae553] in libcublasLt.so.12
=========         Host Frame:  [0x387c34f] in libcublasLt.so.12
=========         Host Frame:  [0x384f886] in libcublasLt.so.12
=========         Host Frame:  [0x3d18d93] in libcublasLt.so.12
=========         Host Frame:  [0x3d2c261] in libcublasLt.so.12
=========         Host Frame:  [0xfdea1d] in libcublasLt.so.12
=========         Host Frame:  [0x112bca3] in libcublasLt.so.12
=========         Host Frame: cublasLtDDDMatmul [0x114a3e7] in libcublasLt.so.12
=========         Host Frame:  [0x1ace22] in libcublas.so.12
=========         Host Frame:  [0x1aecf3] in libcublas.so.12
=========         Host Frame:  [0x440eee] in libcublas.so.12
=========         Host Frame: cublasDsyr2k_v2_64 [0xd2931] in libcublas.so.12
=========         Host Frame:  [0x40073e] in libcusolver.so.11
=========         Host Frame:  [0x63a139] in libcusolver.so.11
=========         Host Frame:  [0x63fa56] in libcusolver.so.11
=========         Host Frame:  [0x42abaa] in libcusolver.so.11
=========         Host Frame: cusolverDnXsyevd [0x6575b0] in libcusolver.so.11
=========         Host Frame: void single_eig_cusolver<double>(DeviceSolverDnHandle&, SingleEigParameter&, DeviceDenseVector<double>&, DeviceDenseVector<double>&, DeviceDenseVector<double>&, HostDenseVector<double>&, DeviceDenseVector<int>&, int, unsigned long, unsigned long, int, int, unsigned long, unsigned long, int) [0x6588a] in libcuadmm_lib.so
=========         Host Frame: SDPSolver::large_full_eig_project(int, int, int, bool, bool) [0x509ae] in libcuadmm_lib.so
=========         Host Frame: SDPSolver::solve(int, double, int, int, int, int, int, double, double, bool) [0x5af0a] in libcuadmm_lib.so
=========         Host Frame: main [0x748b] in cuadmm_exe
========= 
========= Uninitialized __global__ memory read of size 8 bytes
=========     at sm90_xmma_syr2k_l_f64f64_f64f64_f64_nt_n_tilesize64x64x32_stage3_warpsize2x2x1_tensor16x8x16_aligna8_alignc8_execute_kernel__5x_cublas+0x1d00
=========     by thread (96,0,0) in block (9,17,0)
=========     Address 0x14872a005b10
=========     Saved host backtrace up to driver entry point at kernel launch time
=========         Host Frame: cuLaunchKernelEx [0x3c96a9] in libcuda.so.1
=========         Host Frame:  [0x8548032] in libcublasLt.so.12
=========         Host Frame:  [0x85ae553] in libcublasLt.so.12
=========         Host Frame:  [0x387c34f] in libcublasLt.so.12
=========         Host Frame:  [0x384f886] in libcublasLt.so.12
=========         Host Frame:  [0x3d18d93] in libcublasLt.so.12
=========         Host Frame:  [0x3d2c261] in libcublasLt.so.12
=========         Host Frame:  [0xfdea1d] in libcublasLt.so.12
=========         Host Frame:  [0x112bca3] in libcublasLt.so.12
=========         Host Frame: cublasLtDDDMatmul [0x114a3e7] in libcublasLt.so.12
=========         Host Frame:  [0x1ace22] in libcublas.so.12
=========         Host Frame:  [0x1aecf3] in libcublas.so.12
=========         Host Frame:  [0x440eee] in libcublas.so.12
=========         Host Frame: cublasDsyr2k_v2_64 [0xd2931] in libcublas.so.12
=========         Host Frame:  [0x40073e] in libcusolver.so.11
=========         Host Frame:  [0x63a139] in libcusolver.so.11
=========         Host Frame:  [0x63fa56] in libcusolver.so.11
=========         Host Frame:  [0x42abaa] in libcusolver.so.11
=========         Host Frame: cusolverDnXsyevd [0x6575b0] in libcusolver.so.11
=========         Host Frame: void single_eig_cusolver<double>(DeviceSolverDnHandle&, SingleEigParameter&, DeviceDenseVector<double>&, DeviceDenseVector<double>&, DeviceDenseVector<double>&, HostDenseVector<double>&, DeviceDenseVector<int>&, int, unsigned long, unsigned long, int, int, unsigned long, unsigned long, int) [0x6588a] in libcuadmm_lib.so
=========         Host Frame: SDPSolver::large_full_eig_project(int, int, int, bool, bool) [0x509ae] in libcuadmm_lib.so
=========         Host Frame: SDPSolver::solve(int, double, int, int, int, int, int, double, double, bool) [0x5af0a] in libcuadmm_lib.so
=========         Host Frame: main [0x748b] in cuadmm_exe
========= 
========= Uninitialized __global__ memory read of size 8 bytes
=========     at sm90_xmma_syr2k_l_f64f64_f64f64_f64_nt_n_tilesize64x64x32_stage3_warpsize2x2x1_tensor16x8x16_aligna8_alignc8_execute_kernel__5x_cublas+0x1d00
=========     by thread (97,0,0) in block (9,17,0)
=========     Address 0x14872a005b18
=========     Saved host backtrace up to driver entry point at kernel launch time
=========         Host Frame: cuLaunchKernelEx [0x3c96a9] in libcuda.so.1
=========         Host Frame:  [0x8548032] in libcublasLt.so.12
=========         Host Frame:  [0x85ae553] in libcublasLt.so.12
=========         Host Frame:  [0x387c34f] in libcublasLt.so.12
=========         Host Frame:  [0x384f886] in libcublasLt.so.12
=========         Host Frame:  [0x3d18d93] in libcublasLt.so.12
=========         Host Frame:  [0x3d2c261] in libcublasLt.so.12
=========         Host Frame:  [0xfdea1d] in libcublasLt.so.12
=========         Host Frame:  [0x112bca3] in libcublasLt.so.12
=========         Host Frame: cublasLtDDDMatmul [0x114a3e7] in libcublasLt.so.12
=========         Host Frame:  [0x1ace22] in libcublas.so.12
=========         Host Frame:  [0x1aecf3] in libcublas.so.12
=========         Host Frame:  [0x440eee] in libcublas.so.12
=========         Host Frame: cublasDsyr2k_v2_64 [0xd2931] in libcublas.so.12
=========         Host Frame:  [0x40073e] in libcusolver.so.11
=========         Host Frame:  [0x63a139] in libcusolver.so.11
=========         Host Frame:  [0x63fa56] in libcusolver.so.11
=========         Host Frame:  [0x42abaa] in libcusolver.so.11
=========         Host Frame: cusolverDnXsyevd [0x6575b0] in libcusolver.so.11
=========         Host Frame: void single_eig_cusolver<double>(DeviceSolverDnHandle&, SingleEigParameter&, DeviceDenseVector<double>&, DeviceDenseVector<double>&, DeviceDenseVector<double>&, HostDenseVector<double>&, DeviceDenseVector<int>&, int, unsigned long, unsigned long, int, int, unsigned long, unsigned long, int) [0x6588a] in libcuadmm_lib.so
=========         Host Frame: SDPSolver::large_full_eig_project(int, int, int, bool, bool) [0x509ae] in libcuadmm_lib.so
=========         Host Frame: SDPSolver::solve(int, double, int, int, int, int, int, double, double, bool) [0x5af0a] in libcuadmm_lib.so
=========         Host Frame: main [0x748b] in cuadmm_exe
========= 
========= Uninitialized __global__ memory read of size 8 bytes
=========     at sm90_xmma_syr2k_l_f64f64_f64f64_f64_nt_n_tilesize64x64x32_stage3_warpsize2x2x1_tensor16x8x16_aligna8_alignc8_execute_kernel__5x_cublas+0x1d00
=========     by thread (98,0,0) in block (9,17,0)
=========     Address 0x14872a005b20
=========     Saved host backtrace up to driver entry point at kernel launch time
=========         Host Frame: cuLaunchKernelEx [0x3c96a9] in libcuda.so.1
=========         Host Frame:  [0x8548032] in libcublasLt.so.12
=========         Host Frame:  [0x85ae553] in libcublasLt.so.12
=========         Host Frame:  [0x387c34f] in libcublasLt.so.12
=========         Host Frame:  [0x384f886] in libcublasLt.so.12
=========         Host Frame:  [0x3d18d93] in libcublasLt.so.12
=========         Host Frame:  [0x3d2c261] in libcublasLt.so.12
=========         Host Frame:  [0xfdea1d] in libcublasLt.so.12
=========         Host Frame:  [0x112bca3] in libcublasLt.so.12
=========         Host Frame: cublasLtDDDMatmul [0x114a3e7] in libcublasLt.so.12
=========         Host Frame:  [0x1ace22] in libcublas.so.12
=========         Host Frame:  [0x1aecf3] in libcublas.so.12
=========         Host Frame:  [0x440eee] in libcublas.so.12
=========         Host Frame: cublasDsyr2k_v2_64 [0xd2931] in libcublas.so.12
=========         Host Frame:  [0x40073e] in libcusolver.so.11
=========         Host Frame:  [0x63a139] in libcusolver.so.11
=========         Host Frame:  [0x63fa56] in libcusolver.so.11
=========         Host Frame:  [0x42abaa] in libcusolver.so.11
=========         Host Frame: cusolverDnXsyevd [0x6575b0] in libcusolver.so.11
=========         Host Frame: void single_eig_cusolver<double>(DeviceSolverDnHandle&, SingleEigParameter&, DeviceDenseVector<double>&, DeviceDenseVector<double>&, DeviceDenseVector<double>&, HostDenseVector<double>&, DeviceDenseVector<int>&, int, unsigned long, unsigned long, int, int, unsigned long, unsigned long, int) [0x6588a] in libcuadmm_lib.so
=========         Host Frame: SDPSolver::large_full_eig_project(int, int, int, bool, bool) [0x509ae] in libcuadmm_lib.so
=========         Host Frame: SDPSolver::solve(int, double, int, int, int, int, int, double, double, bool) [0x5af0a] in libcuadmm_lib.so
=========         Host Frame: main [0x748b] in cuadmm_exe
========= 
========= Uninitialized __global__ memory read of size 8 bytes
=========     at sm90_xmma_syr2k_l_f64f64_f64f64_f64_nt_n_tilesize64x64x32_stage3_warpsize2x2x1_tensor16x8x16_aligna8_alignc8_execute_kernel__5x_cublas+0x1d00
=========     by thread (99,0,0) in block (9,17,0)
=========     Address 0x14872a005b28
=========     Saved host backtrace up to driver entry point at kernel launch time
=========         Host Frame: cuLaunchKernelEx [0x3c96a9] in libcuda.so.1
=========         Host Frame:  [0x8548032] in libcublasLt.so.12
=========         Host Frame:  [0x85ae553] in libcublasLt.so.12
=========         Host Frame:  [0x387c34f] in libcublasLt.so.12
=========         Host Frame:  [0x384f886] in libcublasLt.so.12
=========         Host Frame:  [0x3d18d93] in libcublasLt.so.12
=========         Host Frame:  [0x3d2c261] in libcublasLt.so.12
=========         Host Frame:  [0xfdea1d] in libcublasLt.so.12
=========         Host Frame:  [0x112bca3] in libcublasLt.so.12
=========         Host Frame: cublasLtDDDMatmul [0x114a3e7] in libcublasLt.so.12
=========         Host Frame:  [0x1ace22] in libcublas.so.12
=========         Host Frame:  [0x1aecf3] in libcublas.so.12
=========         Host Frame:  [0x440eee] in libcublas.so.12
=========         Host Frame: cublasDsyr2k_v2_64 [0xd2931] in libcublas.so.12
=========         Host Frame:  [0x40073e] in libcusolver.so.11
=========         Host Frame:  [0x63a139] in libcusolver.so.11
=========         Host Frame:  [0x63fa56] in libcusolver.so.11
=========         Host Frame:  [0x42abaa] in libcusolver.so.11
=========         Host Frame: cusolverDnXsyevd [0x6575b0] in libcusolver.so.11
=========         Host Frame: void single_eig_cusolver<double>(DeviceSolverDnHandle&, SingleEigParameter&, DeviceDenseVector<double>&, DeviceDenseVector<double>&, DeviceDenseVector<double>&, HostDenseVector<double>&, DeviceDenseVector<int>&, int, unsigned long, unsigned long, int, int, unsigned long, unsigned long, int) [0x6588a] in libcuadmm_lib.so
=========         Host Frame: SDPSolver::large_full_eig_project(int, int, int, bool, bool) [0x509ae] in libcuadmm_lib.so
=========         Host Frame: SDPSolver::solve(int, double, int, int, int, int, int, double, double, bool) [0x5af0a] in libcuadmm_lib.so
=========         Host Frame: main [0x748b] in cuadmm_exe
========= 
 ------------------ Number of low rank matrices =   0 /   1 ------------------
 Ranks (matrix 0):   +492  -1269
   50 | 4.34e-01 6.94e-02 | -2.9861e+00 -3.5179e-01 6.07e-01 | 1329.5 | 1.0e+00 
  100 | 2.79e-01 5.04e-02 | -3.2323e+00 -6.4194e-01 5.31e-01 | 1386.4 | 1.0e+00 
 ------------------ Number of low rank matrices =   0 /   1 ------------------
 Ranks (matrix 0):   +98  -1663
 [validation] it     125 interval          | ext KKT 5.04e-01 (p 2.2e-01 d 4.7e-02 g 5.0e-01) | X cone 2.3e-05 | dual cone 3.7e-02 | sigma 1.000e+00 | failed: primal,dual,gap,dual_cone (523 ms)
  150 | 1.83e-01 4.25e-02 | -3.3367e+00 -8.3845e-01 4.83e-01 | 1443.6 | 1.0e+00 
  200 | 1.30e-01 3.74e-02 | -3.4578e+00 -9.7331e-01 4.57e-01 | 1500.2 | 1.0e+00 
 ------------------ Number of low rank matrices =   0 /   1 ------------------
 Ranks (matrix 0):   +122  -1638
 [validation] it     250 max_iter          | ext KKT 4.50e-01 (p 9.9e-02 d 3.4e-02 g 4.5e-01) | X cone 5.7e-07 | dual cone 3.1e-02 | sigma 1.000e+00 | failed: primal,dual,gap,dual_cone (526 ms)
  250 | 9.87e-02 3.43e-02 | -3.6165e+00 -1.0609e+00 4.50e-01 | 1557.3 | 1.0e+00 
 ------------------------------------------------------------------------------

Solver ended: maximum iteration reached (safety cap, not validated)

 primal infeasibility = 9.9e-02 
 dual   infeasibility = 3.4e-02 
 relative gap         = 4.5e-01
 PSD violation X      = 1.5e-07 
 PSD violation S      = 1.2e-15
 certificate: <b,y> + R * -8.872188e-02 is a lower bound on the optimal value if every block of an
              optimal X has trace (or entries) bounded by R, see certified_lower_bound()

 LOBPCG calls = 0, certificate fallbacks to cuSOLVER = 0

 primal objective = -3.61648399e+00 
 dual   objective = -1.06085200e+00

 algorithm: plain ADMM, plain ADMM iterations = 250
 sigma policy: fixed, initial sigma 1.000000e+00, final sigma 1.000000e+00, 0 change(s)
 phases: sGS-ADMM 0 iterations (0.000 s, validation 0.000 s) | plain ADMM 250 iterations (1556.840 s, validation 1.049 s)
 switch: switch_admm = 0, first plain-ADMM iteration 1
 stop reason: max_iter
 external validations: 2 (1.05 s); first validated iteration: -1; returned the final iterate
 best external iterate: iteration 250, KKT 4.50e-01, X cone 5.68e-07, dual cone 3.07e-02, merit 4.50e-01

 time per iteration = 6.2274s 
 total time         = 1557.3s (init 0.3s, iterations 1556.8s)
 -------------------------------------------------------------------------------

========= ERROR SUMMARY: 3502278 errors
========= ERROR SUMMARY: 3502178 errors were not printed. Use --print-limit option to adjust the number of printed errors
