========= COMPUTE-SANITIZER
Loaded problem from /n/home00/yukuanwei/cuadmm-data/plato_kocvara/txt/buck4/
              vector length: 454129
      number of constraints: 1200
           number of blocks: 3
  number of non-zeros in At: 17509
  number of non-zeros in  b: 1200
  number of non-zeros in  C: 2

 factorization of AA^T + 1e-15 I: simplicial LDL^T, nnz(L) = 2.725e+04, 0.0 s
   pivots in [5.01e-01, 1.00e+00], 0 tiny (< 1e-12 max) and 0 nonpositive
   y-step solves: CHOLMOD on the CPU

Analysis of the blk vector:
        1 l. block of size 1200
        1 matrices of size  672 (medium)
        1 matrices of size  673 (medium)

 ||C|| = 2.5, ||b|| = 35.641
 DIMACS block kinds from dimacs_blocks.txt (3 blocks)

 Algorithm: plain ADMM
 Build: plain ADMM only (CUADMM_PLAIN_ADMM_ONLY): sGS-ADMM and the sGS -> ADMM hybrid are disabled; one y linear solve per iteration
 Sigma policy: legacy_adaptive, initial sigma 1 (adaptive updates)
 Maximum iterations: 200, internal KKT tolerance: 0.0001
 External validation: every 100 iterations and at each crossing of the internal tolerance; stop only when eta_p <= 0.0001, eta_d <= 0.0001, eta_g <= 0.0001, X cone <= 0.0001, dual cone <= 0.0001 (recomputed on the CPU, all finite)

Problem parameters:
              solver max iter: 200
       KKT stopping tolerance: 0.0001
       sigma update threshold: 500
         sigma update stage 1: 50
         sigma update stage 2: 100
                  switch admm: 0
                    algorithm: plain ADMM
         switch proj max iter: 0
              switch proj tol: 0.01
                     sigscale: 2
                 sigma policy: legacy_adaptive
                initial sigma: 1
    initial projection method: EIG_FP64
      final projection method: EIG_FP64
                   use LOBPCG: true
              LOBPCG max iter: 20
             LOBPCG tolerance: 1e-05
             LOBPCG warmstart: true
                 LOBPCG ratio: 0.03
            LOBPCG relaxation: 1.2
        LOBPCG rank threshold: max(1e-08 * max|lambda|, 0.001 * stop_tol)
           small matrix limit: 32
          medium matrix limit: 1000

 ------------------------------------------------------------------------------
                                   cuADMM
 ------------------------------------------------------------------------------
  it. | p infeas d infeas | primal obj.   dual obj. rel. gap |  time |   sigma 
 ------------------------------------------------------------------------------
 --------------- Starting with projection method EIG_FP64 ---------------------
    0 | 9.72e-01 6.00e-01 |  0.0000e+00  0.0000e+00 0.00e+00 |   0.3 | 1.0e+00 
========= Uninitialized __global__ memory read of size 8 bytes
=========     at void epilogue<sytrd_params<double, (int)32, (int)8, (int)512, (int)32, (int)16, (int)1, (int)2>, (int)128, (int)0, (int)1>(int, int, T1::data_type *, int, int, T1::pod_type *, int, T1::pod_type *, int, T1::data_type *, int, T1::data_type *, int, int)+0x3f0
=========     by thread (32,0,0) in block (100,0,0)
=========     Address 0x14b042ec4d98
=========     Saved host backtrace up to driver entry point at kernel launch time
=========         Host Frame: cuLaunchKernel [0x3c965a] in libcuda.so.1
=========         Host Frame:  [0xa24ad5] in libcusolver.so.11
=========         Host Frame:  [0xa8dc5d] in libcusolver.so.11
=========         Host Frame:  [0x40320c] in libcusolver.so.11
=========         Host Frame:  [0x63a139] in libcusolver.so.11
=========         Host Frame:  [0x63fa56] in libcusolver.so.11
=========         Host Frame:  [0x42abaa] in libcusolver.so.11
=========         Host Frame: cusolverDnXsyevd [0x6575b0] in libcusolver.so.11
=========         Host Frame: void single_eig_cusolver<double>(DeviceSolverDnHandle&, SingleEigParameter&, DeviceDenseVector<double>&, DeviceDenseVector<double>&, DeviceDenseVector<double>&, HostDenseVector<double>&, DeviceDenseVector<int>&, int, unsigned long, unsigned long, int, int, unsigned long, unsigned long, int) [0x6588a] in libcuadmm_lib.so
=========         Host Frame: SDPSolver::solve(int, double, int, int, int, int, int, double, double, bool) [0x5b109] in libcuadmm_lib.so
=========         Host Frame: main [0x748b] in cuadmm_exe
========= 
========= Uninitialized __global__ memory read of size 8 bytes
=========     at void epilogue<sytrd_params<double, (int)32, (int)8, (int)512, (int)32, (int)16, (int)1, (int)2>, (int)128, (int)0, (int)1>(int, int, T1::data_type *, int, int, T1::pod_type *, int, T1::pod_type *, int, T1::data_type *, int, T1::data_type *, int, int)+0x3f0
=========     by thread (33,0,0) in block (100,0,0)
=========     Address 0x14b042ec4d98
=========     Saved host backtrace up to driver entry point at kernel launch time
=========         Host Frame: cuLaunchKernel [0x3c965a] in libcuda.so.1
=========         Host Frame:  [0xa24ad5] in libcusolver.so.11
=========         Host Frame:  [0xa8dc5d] in libcusolver.so.11
=========         Host Frame:  [0x40320c] in libcusolver.so.11
=========         Host Frame:  [0x63a139] in libcusolver.so.11
=========         Host Frame:  [0x63fa56] in libcusolver.so.11
=========         Host Frame:  [0x42abaa] in libcusolver.so.11
=========         Host Frame: cusolverDnXsyevd [0x6575b0] in libcusolver.so.11
=========         Host Frame: void single_eig_cusolver<double>(DeviceSolverDnHandle&, SingleEigParameter&, DeviceDenseVector<double>&, DeviceDenseVector<double>&, DeviceDenseVector<double>&, HostDenseVector<double>&, DeviceDenseVector<int>&, int, unsigned long, unsigned long, int, int, unsigned long, unsigned long, int) [0x6588a] in libcuadmm_lib.so
=========         Host Frame: SDPSolver::solve(int, double, int, int, int, int, int, double, double, bool) [0x5b109] in libcuadmm_lib.so
=========         Host Frame: main [0x748b] in cuadmm_exe
========= 
========= Uninitialized __global__ memory read of size 8 bytes
=========     at void epilogue<sytrd_params<double, (int)32, (int)8, (int)512, (int)32, (int)16, (int)1, (int)2>, (int)128, (int)0, (int)1>(int, int, T1::data_type *, int, int, T1::pod_type *, int, T1::pod_type *, int, T1::data_type *, int, T1::data_type *, int, int)+0x3f0
=========     by thread (34,0,0) in block (100,0,0)
=========     Address 0x14b042ec4d98
=========     Saved host backtrace up to driver entry point at kernel launch time
=========         Host Frame: cuLaunchKernel [0x3c965a] in libcuda.so.1
=========         Host Frame:  [0xa24ad5] in libcusolver.so.11
=========         Host Frame:  [0xa8dc5d] in libcusolver.so.11
=========         Host Frame:  [0x40320c] in libcusolver.so.11
=========         Host Frame:  [0x63a139] in libcusolver.so.11
=========         Host Frame:  [0x63fa56] in libcusolver.so.11
=========         Host Frame:  [0x42abaa] in libcusolver.so.11
=========         Host Frame: cusolverDnXsyevd [0x6575b0] in libcusolver.so.11
=========         Host Frame: void single_eig_cusolver<double>(DeviceSolverDnHandle&, SingleEigParameter&, DeviceDenseVector<double>&, DeviceDenseVector<double>&, DeviceDenseVector<double>&, HostDenseVector<double>&, DeviceDenseVector<int>&, int, unsigned long, unsigned long, int, int, unsigned long, unsigned long, int) [0x6588a] in libcuadmm_lib.so
=========         Host Frame: SDPSolver::solve(int, double, int, int, int, int, int, double, double, bool) [0x5b109] in libcuadmm_lib.so
=========         Host Frame: main [0x748b] in cuadmm_exe
========= 
========= Uninitialized __global__ memory read of size 8 bytes
=========     at void epilogue<sytrd_params<double, (int)32, (int)8, (int)512, (int)32, (int)16, (int)1, (int)2>, (int)128, (int)0, (int)1>(int, int, T1::data_type *, int, int, T1::pod_type *, int, T1::pod_type *, int, T1::data_type *, int, T1::data_type *, int, int)+0x3f0
=========     by thread (35,0,0) in block (100,0,0)
=========     Address 0x14b042ec4d98
=========     Saved host backtrace up to driver entry point at kernel launch time
=========         Host Frame: cuLaunchKernel [0x3c965a] in libcuda.so.1
=========         Host Frame:  [0xa24ad5] in libcusolver.so.11
=========         Host Frame:  [0xa8dc5d] in libcusolver.so.11
=========         Host Frame:  [0x40320c] in libcusolver.so.11
=========         Host Frame:  [0x63a139] in libcusolver.so.11
=========         Host Frame:  [0x63fa56] in libcusolver.so.11
=========         Host Frame:  [0x42abaa] in libcusolver.so.11
=========         Host Frame: cusolverDnXsyevd [0x6575b0] in libcusolver.so.11
=========         Host Frame: void single_eig_cusolver<double>(DeviceSolverDnHandle&, SingleEigParameter&, DeviceDenseVector<double>&, DeviceDenseVector<double>&, DeviceDenseVector<double>&, HostDenseVector<double>&, DeviceDenseVector<int>&, int, unsigned long, unsigned long, int, int, unsigned long, unsigned long, int) [0x6588a] in libcuadmm_lib.so
=========         Host Frame: SDPSolver::solve(int, double, int, int, int, int, int, double, double, bool) [0x5b109] in libcuadmm_lib.so
=========         Host Frame: main [0x748b] in cuadmm_exe
========= 
========= Uninitialized __global__ memory read of size 8 bytes
=========     at void epilogue<sytrd_params<double, (int)32, (int)8, (int)512, (int)32, (int)16, (int)1, (int)2>, (int)128, (int)0, (int)1>(int, int, T1::data_type *, int, int, T1::pod_type *, int, T1::pod_type *, int, T1::data_type *, int, T1::data_type *, int, int)+0x3f0
=========     by thread (36,0,0) in block (100,0,0)
=========     Address 0x14b042ec4d98
=========     Saved host backtrace up to driver entry point at kernel launch time
=========         Host Frame: cuLaunchKernel [0x3c965a] in libcuda.so.1
=========         Host Frame:  [0xa24ad5] in libcusolver.so.11
=========         Host Frame:  [0xa8dc5d] in libcusolver.so.11
=========         Host Frame:  [0x40320c] in libcusolver.so.11
=========         Host Frame:  [0x63a139] in libcusolver.so.11
=========         Host Frame:  [0x63fa56] in libcusolver.so.11
=========         Host Frame:  [0x42abaa] in libcusolver.so.11
=========         Host Frame: cusolverDnXsyevd [0x6575b0] in libcusolver.so.11
=========         Host Frame: void single_eig_cusolver<double>(DeviceSolverDnHandle&, SingleEigParameter&, DeviceDenseVector<double>&, DeviceDenseVector<double>&, DeviceDenseVector<double>&, HostDenseVector<double>&, DeviceDenseVector<int>&, int, unsigned long, unsigned long, int, int, unsigned long, unsigned long, int) [0x6588a] in libcuadmm_lib.so
=========         Host Frame: SDPSolver::solve(int, double, int, int, int, int, int, double, double, bool) [0x5b109] in libcuadmm_lib.so
=========         Host Frame: main [0x748b] in cuadmm_exe
========= 
========= Uninitialized __global__ memory read of size 8 bytes
=========     at void epilogue<sytrd_params<double, (int)32, (int)8, (int)512, (int)32, (int)16, (int)1, (int)2>, (int)128, (int)0, (int)1>(int, int, T1::data_type *, int, int, T1::pod_type *, int, T1::pod_type *, int, T1::data_type *, int, T1::data_type *, int, int)+0x3f0
=========     by thread (37,0,0) in block (100,0,0)
=========     Address 0x14b042ec4d98
=========     Saved host backtrace up to driver entry point at kernel launch time
=========         Host Frame: cuLaunchKernel [0x3c965a] in libcuda.so.1
=========         Host Frame:  [0xa24ad5] in libcusolver.so.11
=========         Host Frame:  [0xa8dc5d] in libcusolver.so.11
=========         Host Frame:  [0x40320c] in libcusolver.so.11
=========         Host Frame:  [0x63a139] in libcusolver.so.11
=========         Host Frame:  [0x63fa56] in libcusolver.so.11
=========         Host Frame:  [0x42abaa] in libcusolver.so.11
=========         Host Frame: cusolverDnXsyevd [0x6575b0] in libcusolver.so.11
=========         Host Frame: void single_eig_cusolver<double>(DeviceSolverDnHandle&, SingleEigParameter&, DeviceDenseVector<double>&, DeviceDenseVector<double>&, DeviceDenseVector<double>&, HostDenseVector<double>&, DeviceDenseVector<int>&, int, unsigned long, unsigned long, int, int, unsigned long, unsigned long, int) [0x6588a] in libcuadmm_lib.so
=========         Host Frame: SDPSolver::solve(int, double, int, int, int, int, int, double, double, bool) [0x5b109] in libcuadmm_lib.so
=========         Host Frame: main [0x748b] in cuadmm_exe
========= 
========= Uninitialized __global__ memory read of size 8 bytes
=========     at void epilogue<sytrd_params<double, (int)32, (int)8, (int)512, (int)32, (int)16, (int)1, (int)2>, (int)128, (int)0, (int)1>(int, int, T1::data_type *, int, int, T1::pod_type *, int, T1::pod_type *, int, T1::data_type *, int, T1::data_type *, int, int)+0x3f0
=========     by thread (38,0,0) in block (100,0,0)
=========     Address 0x14b042ec4d98
=========     Saved host backtrace up to driver entry point at kernel launch time
=========         Host Frame: cuLaunchKernel [0x3c965a] in libcuda.so.1
=========         Host Frame:  [0xa24ad5] in libcusolver.so.11
=========         Host Frame:  [0xa8dc5d] in libcusolver.so.11
=========         Host Frame:  [0x40320c] in libcusolver.so.11
=========         Host Frame:  [0x63a139] in libcusolver.so.11
=========         Host Frame:  [0x63fa56] in libcusolver.so.11
=========         Host Frame:  [0x42abaa] in libcusolver.so.11
=========         Host Frame: cusolverDnXsyevd [0x6575b0] in libcusolver.so.11
=========         Host Frame: void single_eig_cusolver<double>(DeviceSolverDnHandle&, SingleEigParameter&, DeviceDenseVector<double>&, DeviceDenseVector<double>&, DeviceDenseVector<double>&, HostDenseVector<double>&, DeviceDenseVector<int>&, int, unsigned long, unsigned long, int, int, unsigned long, unsigned long, int) [0x6588a] in libcuadmm_lib.so
=========         Host Frame: SDPSolver::solve(int, double, int, int, int, int, int, double, double, bool) [0x5b109] in libcuadmm_lib.so
=========         Host Frame: main [0x748b] in cuadmm_exe
========= 
========= Uninitialized __global__ memory read of size 8 bytes
=========     at void epilogue<sytrd_params<double, (int)32, (int)8, (int)512, (int)32, (int)16, (int)1, (int)2>, (int)128, (int)0, (int)1>(int, int, T1::data_type *, int, int, T1::pod_type *, int, T1::pod_type *, int, T1::data_type *, int, T1::data_type *, int, int)+0x3f0
=========     by thread (39,0,0) in block (100,0,0)
=========     Address 0x14b042ec4d98
=========     Saved host backtrace up to driver entry point at kernel launch time
=========         Host Frame: cuLaunchKernel [0x3c965a] in libcuda.so.1
=========         Host Frame:  [0xa24ad5] in libcusolver.so.11
=========         Host Frame:  [0xa8dc5d] in libcusolver.so.11
=========         Host Frame:  [0x40320c] in libcusolver.so.11
=========         Host Frame:  [0x63a139] in libcusolver.so.11
=========         Host Frame:  [0x63fa56] in libcusolver.so.11
=========         Host Frame:  [0x42abaa] in libcusolver.so.11
=========         Host Frame: cusolverDnXsyevd [0x6575b0] in libcusolver.so.11
=========         Host Frame: void single_eig_cusolver<double>(DeviceSolverDnHandle&, SingleEigParameter&, DeviceDenseVector<double>&, DeviceDenseVector<double>&, DeviceDenseVector<double>&, HostDenseVector<double>&, DeviceDenseVector<int>&, int, unsigned long, unsigned long, int, int, unsigned long, unsigned long, int) [0x6588a] in libcuadmm_lib.so
=========         Host Frame: SDPSolver::solve(int, double, int, int, int, int, int, double, double, bool) [0x5b109] in libcuadmm_lib.so
=========         Host Frame: main [0x748b] in cuadmm_exe
========= 
========= Uninitialized __global__ memory read of size 8 bytes
=========     at void epilogue<sytrd_params<double, (int)32, (int)8, (int)512, (int)32, (int)16, (int)1, (int)2>, (int)128, (int)0, (int)1>(int, int, T1::data_type *, int, int, T1::pod_type *, int, T1::pod_type *, int, T1::data_type *, int, T1::data_type *, int, int)+0x3f0
=========     by thread (40,0,0) in block (100,0,0)
=========     Address 0x14b042ec4d98
=========     Saved host backtrace up to driver entry point at kernel launch time
=========         Host Frame: cuLaunchKernel [0x3c965a] in libcuda.so.1
=========         Host Frame:  [0xa24ad5] in libcusolver.so.11
=========         Host Frame:  [0xa8dc5d] in libcusolver.so.11
=========         Host Frame:  [0x40320c] in libcusolver.so.11
=========         Host Frame:  [0x63a139] in libcusolver.so.11
=========         Host Frame:  [0x63fa56] in libcusolver.so.11
=========         Host Frame:  [0x42abaa] in libcusolver.so.11
=========         Host Frame: cusolverDnXsyevd [0x6575b0] in libcusolver.so.11
=========         Host Frame: void single_eig_cusolver<double>(DeviceSolverDnHandle&, SingleEigParameter&, DeviceDenseVector<double>&, DeviceDenseVector<double>&, DeviceDenseVector<double>&, HostDenseVector<double>&, DeviceDenseVector<int>&, int, unsigned long, unsigned long, int, int, unsigned long, unsigned long, int) [0x6588a] in libcuadmm_lib.so
=========         Host Frame: SDPSolver::solve(int, double, int, int, int, int, int, double, double, bool) [0x5b109] in libcuadmm_lib.so
=========         Host Frame: main [0x748b] in cuadmm_exe
========= 
========= Uninitialized __global__ memory read of size 8 bytes
=========     at void epilogue<sytrd_params<double, (int)32, (int)8, (int)512, (int)32, (int)16, (int)1, (int)2>, (int)128, (int)0, (int)1>(int, int, T1::data_type *, int, int, T1::pod_type *, int, T1::pod_type *, int, T1::data_type *, int, T1::data_type *, int, int)+0x3f0
=========     by thread (41,0,0) in block (100,0,0)
=========     Address 0x14b042ec4d98
=========     Saved host backtrace up to driver entry point at kernel launch time
=========         Host Frame: cuLaunchKernel [0x3c965a] in libcuda.so.1
=========         Host Frame:  [0xa24ad5] in libcusolver.so.11
=========         Host Frame:  [0xa8dc5d] in libcusolver.so.11
=========         Host Frame:  [0x40320c] in libcusolver.so.11
=========         Host Frame:  [0x63a139] in libcusolver.so.11
=========         Host Frame:  [0x63fa56] in libcusolver.so.11
=========         Host Frame:  [0x42abaa] in libcusolver.so.11
=========         Host Frame: cusolverDnXsyevd [0x6575b0] in libcusolver.so.11
=========         Host Frame: void single_eig_cusolver<double>(DeviceSolverDnHandle&, SingleEigParameter&, DeviceDenseVector<double>&, DeviceDenseVector<double>&, DeviceDenseVector<double>&, HostDenseVector<double>&, DeviceDenseVector<int>&, int, unsigned long, unsigned long, int, int, unsigned long, unsigned long, int) [0x6588a] in libcuadmm_lib.so
=========         Host Frame: SDPSolver::solve(int, double, int, int, int, int, int, double, double, bool) [0x5b109] in libcuadmm_lib.so
=========         Host Frame: main [0x748b] in cuadmm_exe
========= 
========= Uninitialized __global__ memory read of size 8 bytes
=========     at void epilogue<sytrd_params<double, (int)32, (int)8, (int)512, (int)32, (int)16, (int)1, (int)2>, (int)128, (int)0, (int)1>(int, int, T1::data_type *, int, int, T1::pod_type *, int, T1::pod_type *, int, T1::data_type *, int, T1::data_type *, int, int)+0x3f0
=========     by thread (42,0,0) in block (100,0,0)
=========     Address 0x14b042ec4d98
=========     Saved host backtrace up to driver entry point at kernel launch time
=========         Host Frame: cuLaunchKernel [0x3c965a] in libcuda.so.1
=========         Host Frame:  [0xa24ad5] in libcusolver.so.11
=========         Host Frame:  [0xa8dc5d] in libcusolver.so.11
=========         Host Frame:  [0x40320c] in libcusolver.so.11
=========         Host Frame:  [0x63a139] in libcusolver.so.11
=========         Host Frame:  [0x63fa56] in libcusolver.so.11
=========         Host Frame:  [0x42abaa] in libcusolver.so.11
=========         Host Frame: cusolverDnXsyevd [0x6575b0] in libcusolver.so.11
=========         Host Frame: void single_eig_cusolver<double>(DeviceSolverDnHandle&, SingleEigParameter&, DeviceDenseVector<double>&, DeviceDenseVector<double>&, DeviceDenseVector<double>&, HostDenseVector<double>&, DeviceDenseVector<int>&, int, unsigned long, unsigned long, int, int, unsigned long, unsigned long, int) [0x6588a] in libcuadmm_lib.so
=========         Host Frame: SDPSolver::solve(int, double, int, int, int, int, int, double, double, bool) [0x5b109] in libcuadmm_lib.so
=========         Host Frame: main [0x748b] in cuadmm_exe
========= 
========= Uninitialized __global__ memory read of size 8 bytes
=========     at void epilogue<sytrd_params<double, (int)32, (int)8, (int)512, (int)32, (int)16, (int)1, (int)2>, (int)128, (int)0, (int)1>(int, int, T1::data_type *, int, int, T1::pod_type *, int, T1::pod_type *, int, T1::data_type *, int, T1::data_type *, int, int)+0x3f0
=========     by thread (43,0,0) in block (100,0,0)
=========     Address 0x14b042ec4d98
=========     Saved host backtrace up to driver entry point at kernel launch time
=========         Host Frame: cuLaunchKernel [0x3c965a] in libcuda.so.1
=========         Host Frame:  [0xa24ad5] in libcusolver.so.11
=========         Host Frame:  [0xa8dc5d] in libcusolver.so.11
=========         Host Frame:  [0x40320c] in libcusolver.so.11
=========         Host Frame:  [0x63a139] in libcusolver.so.11
=========         Host Frame:  [0x63fa56] in libcusolver.so.11
=========         Host Frame:  [0x42abaa] in libcusolver.so.11
=========         Host Frame: cusolverDnXsyevd [0x6575b0] in libcusolver.so.11
=========         Host Frame: void single_eig_cusolver<double>(DeviceSolverDnHandle&, SingleEigParameter&, DeviceDenseVector<double>&, DeviceDenseVector<double>&, DeviceDenseVector<double>&, HostDenseVector<double>&, DeviceDenseVector<int>&, int, unsigned long, unsigned long, int, int, unsigned long, unsigned long, int) [0x6588a] in libcuadmm_lib.so
=========         Host Frame: SDPSolver::solve(int, double, int, int, int, int, int, double, double, bool) [0x5b109] in libcuadmm_lib.so
=========         Host Frame: main [0x748b] in cuadmm_exe
========= 
========= Uninitialized __global__ memory read of size 8 bytes
=========     at void epilogue<sytrd_params<double, (int)32, (int)8, (int)512, (int)32, (int)16, (int)1, (int)2>, (int)128, (int)0, (int)1>(int, int, T1::data_type *, int, int, T1::pod_type *, int, T1::pod_type *, int, T1::data_type *, int, T1::data_type *, int, int)+0x3f0
=========     by thread (44,0,0) in block (100,0,0)
=========     Address 0x14b042ec4d98
=========     Saved host backtrace up to driver entry point at kernel launch time
=========         Host Frame: cuLaunchKernel [0x3c965a] in libcuda.so.1
=========         Host Frame:  [0xa24ad5] in libcusolver.so.11
=========         Host Frame:  [0xa8dc5d] in libcusolver.so.11
=========         Host Frame:  [0x40320c] in libcusolver.so.11
=========         Host Frame:  [0x63a139] in libcusolver.so.11
=========         Host Frame:  [0x63fa56] in libcusolver.so.11
=========         Host Frame:  [0x42abaa] in libcusolver.so.11
=========         Host Frame: cusolverDnXsyevd [0x6575b0] in libcusolver.so.11
=========         Host Frame: void single_eig_cusolver<double>(DeviceSolverDnHandle&, SingleEigParameter&, DeviceDenseVector<double>&, DeviceDenseVector<double>&, DeviceDenseVector<double>&, HostDenseVector<double>&, DeviceDenseVector<int>&, int, unsigned long, unsigned long, int, int, unsigned long, unsigned long, int) [0x6588a] in libcuadmm_lib.so
=========         Host Frame: SDPSolver::solve(int, double, int, int, int, int, int, double, double, bool) [0x5b109] in libcuadmm_lib.so
=========         Host Frame: main [0x748b] in cuadmm_exe
========= 
========= Uninitialized __global__ memory read of size 8 bytes
=========     at void epilogue<sytrd_params<double, (int)32, (int)8, (int)512, (int)32, (int)16, (int)1, (int)2>, (int)128, (int)0, (int)1>(int, int, T1::data_type *, int, int, T1::pod_type *, int, T1::pod_type *, int, T1::data_type *, int, T1::data_type *, int, int)+0x3f0
=========     by thread (45,0,0) in block (100,0,0)
=========     Address 0x14b042ec4d98
=========     Saved host backtrace up to driver entry point at kernel launch time
=========         Host Frame: cuLaunchKernel [0x3c965a] in libcuda.so.1
=========         Host Frame:  [0xa24ad5] in libcusolver.so.11
=========         Host Frame:  [0xa8dc5d] in libcusolver.so.11
=========         Host Frame:  [0x40320c] in libcusolver.so.11
=========         Host Frame:  [0x63a139] in libcusolver.so.11
=========         Host Frame:  [0x63fa56] in libcusolver.so.11
=========         Host Frame:  [0x42abaa] in libcusolver.so.11
=========         Host Frame: cusolverDnXsyevd [0x6575b0] in libcusolver.so.11
=========         Host Frame: void single_eig_cusolver<double>(DeviceSolverDnHandle&, SingleEigParameter&, DeviceDenseVector<double>&, DeviceDenseVector<double>&, DeviceDenseVector<double>&, HostDenseVector<double>&, DeviceDenseVector<int>&, int, unsigned long, unsigned long, int, int, unsigned long, unsigned long, int) [0x6588a] in libcuadmm_lib.so
=========         Host Frame: SDPSolver::solve(int, double, int, int, int, int, int, double, double, bool) [0x5b109] in libcuadmm_lib.so
=========         Host Frame: main [0x748b] in cuadmm_exe
========= 
========= Uninitialized __global__ memory read of size 8 bytes
=========     at void epilogue<sytrd_params<double, (int)32, (int)8, (int)512, (int)32, (int)16, (int)1, (int)2>, (int)128, (int)0, (int)1>(int, int, T1::data_type *, int, int, T1::pod_type *, int, T1::pod_type *, int, T1::data_type *, int, T1::data_type *, int, int)+0x3f0
=========     by thread (46,0,0) in block (100,0,0)
=========     Address 0x14b042ec4d98
=========     Saved host backtrace up to driver entry point at kernel launch time
=========         Host Frame: cuLaunchKernel [0x3c965a] in libcuda.so.1
=========         Host Frame:  [0xa24ad5] in libcusolver.so.11
=========         Host Frame:  [0xa8dc5d] in libcusolver.so.11
=========         Host Frame:  [0x40320c] in libcusolver.so.11
=========         Host Frame:  [0x63a139] in libcusolver.so.11
=========         Host Frame:  [0x63fa56] in libcusolver.so.11
=========         Host Frame:  [0x42abaa] in libcusolver.so.11
=========         Host Frame: cusolverDnXsyevd [0x6575b0] in libcusolver.so.11
=========         Host Frame: void single_eig_cusolver<double>(DeviceSolverDnHandle&, SingleEigParameter&, DeviceDenseVector<double>&, DeviceDenseVector<double>&, DeviceDenseVector<double>&, HostDenseVector<double>&, DeviceDenseVector<int>&, int, unsigned long, unsigned long, int, int, unsigned long, unsigned long, int) [0x6588a] in libcuadmm_lib.so
=========         Host Frame: SDPSolver::solve(int, double, int, int, int, int, int, double, double, bool) [0x5b109] in libcuadmm_lib.so
=========         Host Frame: main [0x748b] in cuadmm_exe
========= 
========= Uninitialized __global__ memory read of size 8 bytes
=========     at void epilogue<sytrd_params<double, (int)32, (int)8, (int)512, (int)32, (int)16, (int)1, (int)2>, (int)128, (int)0, (int)1>(int, int, T1::data_type *, int, int, T1::pod_type *, int, T1::pod_type *, int, T1::data_type *, int, T1::data_type *, int, int)+0x3f0
=========     by thread (47,0,0) in block (100,0,0)
=========     Address 0x14b042ec4d98
=========     Saved host backtrace up to driver entry point at kernel launch time
=========         Host Frame: cuLaunchKernel [0x3c965a] in libcuda.so.1
=========         Host Frame:  [0xa24ad5] in libcusolver.so.11
=========         Host Frame:  [0xa8dc5d] in libcusolver.so.11
=========         Host Frame:  [0x40320c] in libcusolver.so.11
=========         Host Frame:  [0x63a139] in libcusolver.so.11
=========         Host Frame:  [0x63fa56] in libcusolver.so.11
=========         Host Frame:  [0x42abaa] in libcusolver.so.11
=========         Host Frame: cusolverDnXsyevd [0x6575b0] in libcusolver.so.11
=========         Host Frame: void single_eig_cusolver<double>(DeviceSolverDnHandle&, SingleEigParameter&, DeviceDenseVector<double>&, DeviceDenseVector<double>&, DeviceDenseVector<double>&, HostDenseVector<double>&, DeviceDenseVector<int>&, int, unsigned long, unsigned long, int, int, unsigned long, unsigned long, int) [0x6588a] in libcuadmm_lib.so
=========         Host Frame: SDPSolver::solve(int, double, int, int, int, int, int, double, double, bool) [0x5b109] in libcuadmm_lib.so
=========         Host Frame: main [0x748b] in cuadmm_exe
========= 
========= Uninitialized __global__ memory read of size 8 bytes
=========     at void epilogue<sytrd_params<double, (int)32, (int)8, (int)512, (int)32, (int)16, (int)1, (int)2>, (int)128, (int)0, (int)1>(int, int, T1::data_type *, int, int, T1::pod_type *, int, T1::pod_type *, int, T1::data_type *, int, T1::data_type *, int, int)+0x3f0
=========     by thread (48,0,0) in block (100,0,0)
=========     Address 0x14b042ec4d98
=========     Saved host backtrace up to driver entry point at kernel launch time
=========         Host Frame: cuLaunchKernel [0x3c965a] in libcuda.so.1
=========         Host Frame:  [0xa24ad5] in libcusolver.so.11
=========         Host Frame:  [0xa8dc5d] in libcusolver.so.11
=========         Host Frame:  [0x40320c] in libcusolver.so.11
=========         Host Frame:  [0x63a139] in libcusolver.so.11
=========         Host Frame:  [0x63fa56] in libcusolver.so.11
=========         Host Frame:  [0x42abaa] in libcusolver.so.11
=========         Host Frame: cusolverDnXsyevd [0x6575b0] in libcusolver.so.11
=========         Host Frame: void single_eig_cusolver<double>(DeviceSolverDnHandle&, SingleEigParameter&, DeviceDenseVector<double>&, DeviceDenseVector<double>&, DeviceDenseVector<double>&, HostDenseVector<double>&, DeviceDenseVector<int>&, int, unsigned long, unsigned long, int, int, unsigned long, unsigned long, int) [0x6588a] in libcuadmm_lib.so
=========         Host Frame: SDPSolver::solve(int, double, int, int, int, int, int, double, double, bool) [0x5b109] in libcuadmm_lib.so
=========         Host Frame: main [0x748b] in cuadmm_exe
========= 
========= Uninitialized __global__ memory read of size 8 bytes
=========     at void epilogue<sytrd_params<double, (int)32, (int)8, (int)512, (int)32, (int)16, (int)1, (int)2>, (int)128, (int)0, (int)1>(int, int, T1::data_type *, int, int, T1::pod_type *, int, T1::pod_type *, int, T1::data_type *, int, T1::data_type *, int, int)+0x3f0
=========     by thread (49,0,0) in block (100,0,0)
=========     Address 0x14b042ec4d98
=========     Saved host backtrace up to driver entry point at kernel launch time
=========         Host Frame: cuLaunchKernel [0x3c965a] in libcuda.so.1
=========         Host Frame:  [0xa24ad5] in libcusolver.so.11
=========         Host Frame:  [0xa8dc5d] in libcusolver.so.11
=========         Host Frame:  [0x40320c] in libcusolver.so.11
=========         Host Frame:  [0x63a139] in libcusolver.so.11
=========         Host Frame:  [0x63fa56] in libcusolver.so.11
=========         Host Frame:  [0x42abaa] in libcusolver.so.11
=========         Host Frame: cusolverDnXsyevd [0x6575b0] in libcusolver.so.11
=========         Host Frame: void single_eig_cusolver<double>(DeviceSolverDnHandle&, SingleEigParameter&, DeviceDenseVector<double>&, DeviceDenseVector<double>&, DeviceDenseVector<double>&, HostDenseVector<double>&, DeviceDenseVector<int>&, int, unsigned long, unsigned long, int, int, unsigned long, unsigned long, int) [0x6588a] in libcuadmm_lib.so
=========         Host Frame: SDPSolver::solve(int, double, int, int, int, int, int, double, double, bool) [0x5b109] in libcuadmm_lib.so
=========         Host Frame: main [0x748b] in cuadmm_exe
========= 
========= Uninitialized __global__ memory read of size 8 bytes
=========     at void epilogue<sytrd_params<double, (int)32, (int)8, (int)512, (int)32, (int)16, (int)1, (int)2>, (int)128, (int)0, (int)1>(int, int, T1::data_type *, int, int, T1::pod_type *, int, T1::pod_type *, int, T1::data_type *, int, T1::data_type *, int, int)+0x3f0
=========     by thread (50,0,0) in block (100,0,0)
=========     Address 0x14b042ec4d98
=========     Saved host backtrace up to driver entry point at kernel launch time
=========         Host Frame: cuLaunchKernel [0x3c965a] in libcuda.so.1
=========         Host Frame:  [0xa24ad5] in libcusolver.so.11
=========         Host Frame:  [0xa8dc5d] in libcusolver.so.11
=========         Host Frame:  [0x40320c] in libcusolver.so.11
=========         Host Frame:  [0x63a139] in libcusolver.so.11
=========         Host Frame:  [0x63fa56] in libcusolver.so.11
=========         Host Frame:  [0x42abaa] in libcusolver.so.11
=========         Host Frame: cusolverDnXsyevd [0x6575b0] in libcusolver.so.11
=========         Host Frame: void single_eig_cusolver<double>(DeviceSolverDnHandle&, SingleEigParameter&, DeviceDenseVector<double>&, DeviceDenseVector<double>&, DeviceDenseVector<double>&, HostDenseVector<double>&, DeviceDenseVector<int>&, int, unsigned long, unsigned long, int, int, unsigned long, unsigned long, int) [0x6588a] in libcuadmm_lib.so
=========         Host Frame: SDPSolver::solve(int, double, int, int, int, int, int, double, double, bool) [0x5b109] in libcuadmm_lib.so
=========         Host Frame: main [0x748b] in cuadmm_exe
========= 
========= Uninitialized __global__ memory read of size 8 bytes
=========     at void epilogue<sytrd_params<double, (int)32, (int)8, (int)512, (int)32, (int)16, (int)1, (int)2>, (int)128, (int)0, (int)1>(int, int, T1::data_type *, int, int, T1::pod_type *, int, T1::pod_type *, int, T1::data_type *, int, T1::data_type *, int, int)+0x3f0
=========     by thread (51,0,0) in block (100,0,0)
=========     Address 0x14b042ec4d98
=========     Saved host backtrace up to driver entry point at kernel launch time
=========         Host Frame: cuLaunchKernel [0x3c965a] in libcuda.so.1
=========         Host Frame:  [0xa24ad5] in libcusolver.so.11
=========         Host Frame:  [0xa8dc5d] in libcusolver.so.11
=========         Host Frame:  [0x40320c] in libcusolver.so.11
=========         Host Frame:  [0x63a139] in libcusolver.so.11
=========         Host Frame:  [0x63fa56] in libcusolver.so.11
=========         Host Frame:  [0x42abaa] in libcusolver.so.11
=========         Host Frame: cusolverDnXsyevd [0x6575b0] in libcusolver.so.11
=========         Host Frame: void single_eig_cusolver<double>(DeviceSolverDnHandle&, SingleEigParameter&, DeviceDenseVector<double>&, DeviceDenseVector<double>&, DeviceDenseVector<double>&, HostDenseVector<double>&, DeviceDenseVector<int>&, int, unsigned long, unsigned long, int, int, unsigned long, unsigned long, int) [0x6588a] in libcuadmm_lib.so
=========         Host Frame: SDPSolver::solve(int, double, int, int, int, int, int, double, double, bool) [0x5b109] in libcuadmm_lib.so
=========         Host Frame: main [0x748b] in cuadmm_exe
========= 
========= Uninitialized __global__ memory read of size 8 bytes
=========     at void epilogue<sytrd_params<double, (int)32, (int)8, (int)512, (int)32, (int)16, (int)1, (int)2>, (int)128, (int)0, (int)1>(int, int, T1::data_type *, int, int, T1::pod_type *, int, T1::pod_type *, int, T1::data_type *, int, T1::data_type *, int, int)+0x3f0
=========     by thread (52,0,0) in block (100,0,0)
=========     Address 0x14b042ec4d98
=========     Saved host backtrace up to driver entry point at kernel launch time
=========         Host Frame: cuLaunchKernel [0x3c965a] in libcuda.so.1
=========         Host Frame:  [0xa24ad5] in libcusolver.so.11
=========         Host Frame:  [0xa8dc5d] in libcusolver.so.11
=========         Host Frame:  [0x40320c] in libcusolver.so.11
=========         Host Frame:  [0x63a139] in libcusolver.so.11
=========         Host Frame:  [0x63fa56] in libcusolver.so.11
=========         Host Frame:  [0x42abaa] in libcusolver.so.11
=========         Host Frame: cusolverDnXsyevd [0x6575b0] in libcusolver.so.11
=========         Host Frame: void single_eig_cusolver<double>(DeviceSolverDnHandle&, SingleEigParameter&, DeviceDenseVector<double>&, DeviceDenseVector<double>&, DeviceDenseVector<double>&, HostDenseVector<double>&, DeviceDenseVector<int>&, int, unsigned long, unsigned long, int, int, unsigned long, unsigned long, int) [0x6588a] in libcuadmm_lib.so
=========         Host Frame: SDPSolver::solve(int, double, int, int, int, int, int, double, double, bool) [0x5b109] in libcuadmm_lib.so
=========         Host Frame: main [0x748b] in cuadmm_exe
========= 
========= Uninitialized __global__ memory read of size 8 bytes
=========     at void epilogue<sytrd_params<double, (int)32, (int)8, (int)512, (int)32, (int)16, (int)1, (int)2>, (int)128, (int)0, (int)1>(int, int, T1::data_type *, int, int, T1::pod_type *, int, T1::pod_type *, int, T1::data_type *, int, T1::data_type *, int, int)+0x3f0
=========     by thread (53,0,0) in block (100,0,0)
=========     Address 0x14b042ec4d98
=========     Saved host backtrace up to driver entry point at kernel launch time
=========         Host Frame: cuLaunchKernel [0x3c965a] in libcuda.so.1
=========         Host Frame:  [0xa24ad5] in libcusolver.so.11
=========         Host Frame:  [0xa8dc5d] in libcusolver.so.11
=========         Host Frame:  [0x40320c] in libcusolver.so.11
=========         Host Frame:  [0x63a139] in libcusolver.so.11
=========         Host Frame:  [0x63fa56] in libcusolver.so.11
=========         Host Frame:  [0x42abaa] in libcusolver.so.11
=========         Host Frame: cusolverDnXsyevd [0x6575b0] in libcusolver.so.11
=========         Host Frame: void single_eig_cusolver<double>(DeviceSolverDnHandle&, SingleEigParameter&, DeviceDenseVector<double>&, DeviceDenseVector<double>&, DeviceDenseVector<double>&, HostDenseVector<double>&, DeviceDenseVector<int>&, int, unsigned long, unsigned long, int, int, unsigned long, unsigned long, int) [0x6588a] in libcuadmm_lib.so
=========         Host Frame: SDPSolver::solve(int, double, int, int, int, int, int, double, double, bool) [0x5b109] in libcuadmm_lib.so
=========         Host Frame: main [0x748b] in cuadmm_exe
========= 
========= Uninitialized __global__ memory read of size 8 bytes
=========     at void epilogue<sytrd_params<double, (int)32, (int)8, (int)512, (int)32, (int)16, (int)1, (int)2>, (int)128, (int)0, (int)1>(int, int, T1::data_type *, int, int, T1::pod_type *, int, T1::pod_type *, int, T1::data_type *, int, T1::data_type *, int, int)+0x3f0
=========     by thread (54,0,0) in block (100,0,0)
=========     Address 0x14b042ec4d98
=========     Saved host backtrace up to driver entry point at kernel launch time
=========         Host Frame: cuLaunchKernel [0x3c965a] in libcuda.so.1
=========         Host Frame:  [0xa24ad5] in libcusolver.so.11
=========         Host Frame:  [0xa8dc5d] in libcusolver.so.11
=========         Host Frame:  [0x40320c] in libcusolver.so.11
=========         Host Frame:  [0x63a139] in libcusolver.so.11
=========         Host Frame:  [0x63fa56] in libcusolver.so.11
=========         Host Frame:  [0x42abaa] in libcusolver.so.11
=========         Host Frame: cusolverDnXsyevd [0x6575b0] in libcusolver.so.11
=========         Host Frame: void single_eig_cusolver<double>(DeviceSolverDnHandle&, SingleEigParameter&, DeviceDenseVector<double>&, DeviceDenseVector<double>&, DeviceDenseVector<double>&, HostDenseVector<double>&, DeviceDenseVector<int>&, int, unsigned long, unsigned long, int, int, unsigned long, unsigned long, int) [0x6588a] in libcuadmm_lib.so
=========         Host Frame: SDPSolver::solve(int, double, int, int, int, int, int, double, double, bool) [0x5b109] in libcuadmm_lib.so
=========         Host Frame: main [0x748b] in cuadmm_exe
========= 
========= Uninitialized __global__ memory read of size 8 bytes
=========     at void epilogue<sytrd_params<double, (int)32, (int)8, (int)512, (int)32, (int)16, (int)1, (int)2>, (int)128, (int)0, (int)1>(int, int, T1::data_type *, int, int, T1::pod_type *, int, T1::pod_type *, int, T1::data_type *, int, T1::data_type *, int, int)+0x3f0
=========     by thread (55,0,0) in block (100,0,0)
=========     Address 0x14b042ec4d98
=========     Saved host backtrace up to driver entry point at kernel launch time
=========         Host Frame: cuLaunchKernel [0x3c965a] in libcuda.so.1
=========         Host Frame:  [0xa24ad5] in libcusolver.so.11
=========         Host Frame:  [0xa8dc5d] in libcusolver.so.11
=========         Host Frame:  [0x40320c] in libcusolver.so.11
=========         Host Frame:  [0x63a139] in libcusolver.so.11
=========         Host Frame:  [0x63fa56] in libcusolver.so.11
=========         Host Frame:  [0x42abaa] in libcusolver.so.11
=========         Host Frame: cusolverDnXsyevd [0x6575b0] in libcusolver.so.11
=========         Host Frame: void single_eig_cusolver<double>(DeviceSolverDnHandle&, SingleEigParameter&, DeviceDenseVector<double>&, DeviceDenseVector<double>&, DeviceDenseVector<double>&, HostDenseVector<double>&, DeviceDenseVector<int>&, int, unsigned long, unsigned long, int, int, unsigned long, unsigned long, int) [0x6588a] in libcuadmm_lib.so
=========         Host Frame: SDPSolver::solve(int, double, int, int, int, int, int, double, double, bool) [0x5b109] in libcuadmm_lib.so
=========         Host Frame: main [0x748b] in cuadmm_exe
========= 
========= Uninitialized __global__ memory read of size 8 bytes
=========     at void epilogue<sytrd_params<double, (int)32, (int)8, (int)512, (int)32, (int)16, (int)1, (int)2>, (int)128, (int)0, (int)1>(int, int, T1::data_type *, int, int, T1::pod_type *, int, T1::pod_type *, int, T1::data_type *, int, T1::data_type *, int, int)+0x3f0
=========     by thread (56,0,0) in block (100,0,0)
=========     Address 0x14b042ec4d98
=========     Saved host backtrace up to driver entry point at kernel launch time
=========         Host Frame: cuLaunchKernel [0x3c965a] in libcuda.so.1
=========         Host Frame:  [0xa24ad5] in libcusolver.so.11
=========         Host Frame:  [0xa8dc5d] in libcusolver.so.11
=========         Host Frame:  [0x40320c] in libcusolver.so.11
=========         Host Frame:  [0x63a139] in libcusolver.so.11
=========         Host Frame:  [0x63fa56] in libcusolver.so.11
=========         Host Frame:  [0x42abaa] in libcusolver.so.11
=========         Host Frame: cusolverDnXsyevd [0x6575b0] in libcusolver.so.11
=========         Host Frame: void single_eig_cusolver<double>(DeviceSolverDnHandle&, SingleEigParameter&, DeviceDenseVector<double>&, DeviceDenseVector<double>&, DeviceDenseVector<double>&, HostDenseVector<double>&, DeviceDenseVector<int>&, int, unsigned long, unsigned long, int, int, unsigned long, unsigned long, int) [0x6588a] in libcuadmm_lib.so
=========         Host Frame: SDPSolver::solve(int, double, int, int, int, int, int, double, double, bool) [0x5b109] in libcuadmm_lib.so
=========         Host Frame: main [0x748b] in cuadmm_exe
========= 
========= Uninitialized __global__ memory read of size 8 bytes
=========     at void epilogue<sytrd_params<double, (int)32, (int)8, (int)512, (int)32, (int)16, (int)1, (int)2>, (int)128, (int)0, (int)1>(int, int, T1::data_type *, int, int, T1::pod_type *, int, T1::pod_type *, int, T1::data_type *, int, T1::data_type *, int, int)+0x3f0
=========     by thread (57,0,0) in block (100,0,0)
=========     Address 0x14b042ec4d98
=========     Saved host backtrace up to driver entry point at kernel launch time
=========         Host Frame: cuLaunchKernel [0x3c965a] in libcuda.so.1
=========         Host Frame:  [0xa24ad5] in libcusolver.so.11
=========         Host Frame:  [0xa8dc5d] in libcusolver.so.11
=========         Host Frame:  [0x40320c] in libcusolver.so.11
=========         Host Frame:  [0x63a139] in libcusolver.so.11
=========         Host Frame:  [0x63fa56] in libcusolver.so.11
=========         Host Frame:  [0x42abaa] in libcusolver.so.11
=========         Host Frame: cusolverDnXsyevd [0x6575b0] in libcusolver.so.11
=========         Host Frame: void single_eig_cusolver<double>(DeviceSolverDnHandle&, SingleEigParameter&, DeviceDenseVector<double>&, DeviceDenseVector<double>&, DeviceDenseVector<double>&, HostDenseVector<double>&, DeviceDenseVector<int>&, int, unsigned long, unsigned long, int, int, unsigned long, unsigned long, int) [0x6588a] in libcuadmm_lib.so
=========         Host Frame: SDPSolver::solve(int, double, int, int, int, int, int, double, double, bool) [0x5b109] in libcuadmm_lib.so
=========         Host Frame: main [0x748b] in cuadmm_exe
========= 
========= Uninitialized __global__ memory read of size 8 bytes
=========     at void epilogue<sytrd_params<double, (int)32, (int)8, (int)512, (int)32, (int)16, (int)1, (int)2>, (int)128, (int)0, (int)1>(int, int, T1::data_type *, int, int, T1::pod_type *, int, T1::pod_type *, int, T1::data_type *, int, T1::data_type *, int, int)+0x3f0
=========     by thread (58,0,0) in block (100,0,0)
=========     Address 0x14b042ec4d98
=========     Saved host backtrace up to driver entry point at kernel launch time
=========         Host Frame: cuLaunchKernel [0x3c965a] in libcuda.so.1
=========         Host Frame:  [0xa24ad5] in libcusolver.so.11
=========         Host Frame:  [0xa8dc5d] in libcusolver.so.11
=========         Host Frame:  [0x40320c] in libcusolver.so.11
=========         Host Frame:  [0x63a139] in libcusolver.so.11
=========         Host Frame:  [0x63fa56] in libcusolver.so.11
=========         Host Frame:  [0x42abaa] in libcusolver.so.11
=========         Host Frame: cusolverDnXsyevd [0x6575b0] in libcusolver.so.11
=========         Host Frame: void single_eig_cusolver<double>(DeviceSolverDnHandle&, SingleEigParameter&, DeviceDenseVector<double>&, DeviceDenseVector<double>&, DeviceDenseVector<double>&, HostDenseVector<double>&, DeviceDenseVector<int>&, int, unsigned long, unsigned long, int, int, unsigned long, unsigned long, int) [0x6588a] in libcuadmm_lib.so
=========         Host Frame: SDPSolver::solve(int, double, int, int, int, int, int, double, double, bool) [0x5b109] in libcuadmm_lib.so
=========         Host Frame: main [0x748b] in cuadmm_exe
========= 
========= Uninitialized __global__ memory read of size 8 bytes
=========     at void epilogue<sytrd_params<double, (int)32, (int)8, (int)512, (int)32, (int)16, (int)1, (int)2>, (int)128, (int)0, (int)1>(int, int, T1::data_type *, int, int, T1::pod_type *, int, T1::pod_type *, int, T1::data_type *, int, T1::data_type *, int, int)+0x3f0
=========     by thread (59,0,0) in block (100,0,0)
=========     Address 0x14b042ec4d98
=========     Saved host backtrace up to driver entry point at kernel launch time
=========         Host Frame: cuLaunchKernel [0x3c965a] in libcuda.so.1
=========         Host Frame:  [0xa24ad5] in libcusolver.so.11
=========         Host Frame:  [0xa8dc5d] in libcusolver.so.11
=========         Host Frame:  [0x40320c] in libcusolver.so.11
=========         Host Frame:  [0x63a139] in libcusolver.so.11
=========         Host Frame:  [0x63fa56] in libcusolver.so.11
=========         Host Frame:  [0x42abaa] in libcusolver.so.11
=========         Host Frame: cusolverDnXsyevd [0x6575b0] in libcusolver.so.11
=========         Host Frame: void single_eig_cusolver<double>(DeviceSolverDnHandle&, SingleEigParameter&, DeviceDenseVector<double>&, DeviceDenseVector<double>&, DeviceDenseVector<double>&, HostDenseVector<double>&, DeviceDenseVector<int>&, int, unsigned long, unsigned long, int, int, unsigned long, unsigned long, int) [0x6588a] in libcuadmm_lib.so
=========         Host Frame: SDPSolver::solve(int, double, int, int, int, int, int, double, double, bool) [0x5b109] in libcuadmm_lib.so
=========         Host Frame: main [0x748b] in cuadmm_exe
========= 
========= Uninitialized __global__ memory read of size 8 bytes
=========     at void epilogue<sytrd_params<double, (int)32, (int)8, (int)512, (int)32, (int)16, (int)1, (int)2>, (int)128, (int)0, (int)1>(int, int, T1::data_type *, int, int, T1::pod_type *, int, T1::pod_type *, int, T1::data_type *, int, T1::data_type *, int, int)+0x3f0
=========     by thread (60,0,0) in block (100,0,0)
=========     Address 0x14b042ec4d98
=========     Saved host backtrace up to driver entry point at kernel launch time
=========         Host Frame: cuLaunchKernel [0x3c965a] in libcuda.so.1
=========         Host Frame:  [0xa24ad5] in libcusolver.so.11
=========         Host Frame:  [0xa8dc5d] in libcusolver.so.11
=========         Host Frame:  [0x40320c] in libcusolver.so.11
=========         Host Frame:  [0x63a139] in libcusolver.so.11
=========         Host Frame:  [0x63fa56] in libcusolver.so.11
=========         Host Frame:  [0x42abaa] in libcusolver.so.11
=========         Host Frame: cusolverDnXsyevd [0x6575b0] in libcusolver.so.11
=========         Host Frame: void single_eig_cusolver<double>(DeviceSolverDnHandle&, SingleEigParameter&, DeviceDenseVector<double>&, DeviceDenseVector<double>&, DeviceDenseVector<double>&, HostDenseVector<double>&, DeviceDenseVector<int>&, int, unsigned long, unsigned long, int, int, unsigned long, unsigned long, int) [0x6588a] in libcuadmm_lib.so
=========         Host Frame: SDPSolver::solve(int, double, int, int, int, int, int, double, double, bool) [0x5b109] in libcuadmm_lib.so
=========         Host Frame: main [0x748b] in cuadmm_exe
========= 
========= Uninitialized __global__ memory read of size 8 bytes
=========     at void epilogue<sytrd_params<double, (int)32, (int)8, (int)512, (int)32, (int)16, (int)1, (int)2>, (int)128, (int)0, (int)1>(int, int, T1::data_type *, int, int, T1::pod_type *, int, T1::pod_type *, int, T1::data_type *, int, T1::data_type *, int, int)+0x3f0
=========     by thread (61,0,0) in block (100,0,0)
=========     Address 0x14b042ec4d98
=========     Saved host backtrace up to driver entry point at kernel launch time
=========         Host Frame: cuLaunchKernel [0x3c965a] in libcuda.so.1
=========         Host Frame:  [0xa24ad5] in libcusolver.so.11
=========         Host Frame:  [0xa8dc5d] in libcusolver.so.11
=========         Host Frame:  [0x40320c] in libcusolver.so.11
=========         Host Frame:  [0x63a139] in libcusolver.so.11
=========         Host Frame:  [0x63fa56] in libcusolver.so.11
=========         Host Frame:  [0x42abaa] in libcusolver.so.11
=========         Host Frame: cusolverDnXsyevd [0x6575b0] in libcusolver.so.11
=========         Host Frame: void single_eig_cusolver<double>(DeviceSolverDnHandle&, SingleEigParameter&, DeviceDenseVector<double>&, DeviceDenseVector<double>&, DeviceDenseVector<double>&, HostDenseVector<double>&, DeviceDenseVector<int>&, int, unsigned long, unsigned long, int, int, unsigned long, unsigned long, int) [0x6588a] in libcuadmm_lib.so
=========         Host Frame: SDPSolver::solve(int, double, int, int, int, int, int, double, double, bool) [0x5b109] in libcuadmm_lib.so
=========         Host Frame: main [0x748b] in cuadmm_exe
========= 
========= Uninitialized __global__ memory read of size 8 bytes
=========     at void epilogue<sytrd_params<double, (int)32, (int)8, (int)512, (int)32, (int)16, (int)1, (int)2>, (int)128, (int)0, (int)1>(int, int, T1::data_type *, int, int, T1::pod_type *, int, T1::pod_type *, int, T1::data_type *, int, T1::data_type *, int, int)+0x3f0
=========     by thread (62,0,0) in block (100,0,0)
=========     Address 0x14b042ec4d98
=========     Saved host backtrace up to driver entry point at kernel launch time
=========         Host Frame: cuLaunchKernel [0x3c965a] in libcuda.so.1
=========         Host Frame:  [0xa24ad5] in libcusolver.so.11
=========         Host Frame:  [0xa8dc5d] in libcusolver.so.11
=========         Host Frame:  [0x40320c] in libcusolver.so.11
=========         Host Frame:  [0x63a139] in libcusolver.so.11
=========         Host Frame:  [0x63fa56] in libcusolver.so.11
=========         Host Frame:  [0x42abaa] in libcusolver.so.11
=========         Host Frame: cusolverDnXsyevd [0x6575b0] in libcusolver.so.11
=========         Host Frame: void single_eig_cusolver<double>(DeviceSolverDnHandle&, SingleEigParameter&, DeviceDenseVector<double>&, DeviceDenseVector<double>&, DeviceDenseVector<double>&, HostDenseVector<double>&, DeviceDenseVector<int>&, int, unsigned long, unsigned long, int, int, unsigned long, unsigned long, int) [0x6588a] in libcuadmm_lib.so
=========         Host Frame: SDPSolver::solve(int, double, int, int, int, int, int, double, double, bool) [0x5b109] in libcuadmm_lib.so
=========         Host Frame: main [0x748b] in cuadmm_exe
========= 
========= Uninitialized __global__ memory read of size 8 bytes
=========     at void epilogue<sytrd_params<double, (int)32, (int)8, (int)512, (int)32, (int)16, (int)1, (int)2>, (int)128, (int)0, (int)1>(int, int, T1::data_type *, int, int, T1::pod_type *, int, T1::pod_type *, int, T1::data_type *, int, T1::data_type *, int, int)+0x3f0
=========     by thread (63,0,0) in block (100,0,0)
=========     Address 0x14b042ec4d98
=========     Saved host backtrace up to driver entry point at kernel launch time
=========         Host Frame: cuLaunchKernel [0x3c965a] in libcuda.so.1
=========         Host Frame:  [0xa24ad5] in libcusolver.so.11
=========         Host Frame:  [0xa8dc5d] in libcusolver.so.11
=========         Host Frame:  [0x40320c] in libcusolver.so.11
=========         Host Frame:  [0x63a139] in libcusolver.so.11
=========         Host Frame:  [0x63fa56] in libcusolver.so.11
=========         Host Frame:  [0x42abaa] in libcusolver.so.11
=========         Host Frame: cusolverDnXsyevd [0x6575b0] in libcusolver.so.11
=========         Host Frame: void single_eig_cusolver<double>(DeviceSolverDnHandle&, SingleEigParameter&, DeviceDenseVector<double>&, DeviceDenseVector<double>&, DeviceDenseVector<double>&, HostDenseVector<double>&, DeviceDenseVector<int>&, int, unsigned long, unsigned long, int, int, unsigned long, unsigned long, int) [0x6588a] in libcuadmm_lib.so
=========         Host Frame: SDPSolver::solve(int, double, int, int, int, int, int, double, double, bool) [0x5b109] in libcuadmm_lib.so
=========         Host Frame: main [0x748b] in cuadmm_exe
========= 
========= Uninitialized __global__ memory read of size 8 bytes
=========     at void epilogue<sytrd_params<double, (int)32, (int)8, (int)512, (int)32, (int)16, (int)1, (int)2>, (int)128, (int)0, (int)1>(int, int, T1::data_type *, int, int, T1::pod_type *, int, T1::pod_type *, int, T1::data_type *, int, T1::data_type *, int, int)+0x3f0
=========     by thread (64,0,0) in block (100,0,0)
=========     Address 0x14b042ec4d98
=========     Saved host backtrace up to driver entry point at kernel launch time
=========         Host Frame: cuLaunchKernel [0x3c965a] in libcuda.so.1
=========         Host Frame:  [0xa24ad5] in libcusolver.so.11
=========         Host Frame:  [0xa8dc5d] in libcusolver.so.11
=========         Host Frame:  [0x40320c] in libcusolver.so.11
=========         Host Frame:  [0x63a139] in libcusolver.so.11
=========         Host Frame:  [0x63fa56] in libcusolver.so.11
=========         Host Frame:  [0x42abaa] in libcusolver.so.11
=========         Host Frame: cusolverDnXsyevd [0x6575b0] in libcusolver.so.11
=========         Host Frame: void single_eig_cusolver<double>(DeviceSolverDnHandle&, SingleEigParameter&, DeviceDenseVector<double>&, DeviceDenseVector<double>&, DeviceDenseVector<double>&, HostDenseVector<double>&, DeviceDenseVector<int>&, int, unsigned long, unsigned long, int, int, unsigned long, unsigned long, int) [0x6588a] in libcuadmm_lib.so
=========         Host Frame: SDPSolver::solve(int, double, int, int, int, int, int, double, double, bool) [0x5b109] in libcuadmm_lib.so
=========         Host Frame: main [0x748b] in cuadmm_exe
========= 
========= Uninitialized __global__ memory read of size 8 bytes
=========     at void epilogue<sytrd_params<double, (int)32, (int)8, (int)512, (int)32, (int)16, (int)1, (int)2>, (int)128, (int)0, (int)1>(int, int, T1::data_type *, int, int, T1::pod_type *, int, T1::pod_type *, int, T1::data_type *, int, T1::data_type *, int, int)+0x3f0
=========     by thread (65,0,0) in block (100,0,0)
=========     Address 0x14b042ec4d98
=========     Saved host backtrace up to driver entry point at kernel launch time
=========         Host Frame: cuLaunchKernel [0x3c965a] in libcuda.so.1
=========         Host Frame:  [0xa24ad5] in libcusolver.so.11
=========         Host Frame:  [0xa8dc5d] in libcusolver.so.11
=========         Host Frame:  [0x40320c] in libcusolver.so.11
=========         Host Frame:  [0x63a139] in libcusolver.so.11
=========         Host Frame:  [0x63fa56] in libcusolver.so.11
=========         Host Frame:  [0x42abaa] in libcusolver.so.11
=========         Host Frame: cusolverDnXsyevd [0x6575b0] in libcusolver.so.11
=========         Host Frame: void single_eig_cusolver<double>(DeviceSolverDnHandle&, SingleEigParameter&, DeviceDenseVector<double>&, DeviceDenseVector<double>&, DeviceDenseVector<double>&, HostDenseVector<double>&, DeviceDenseVector<int>&, int, unsigned long, unsigned long, int, int, unsigned long, unsigned long, int) [0x6588a] in libcuadmm_lib.so
=========         Host Frame: SDPSolver::solve(int, double, int, int, int, int, int, double, double, bool) [0x5b109] in libcuadmm_lib.so
=========         Host Frame: main [0x748b] in cuadmm_exe
========= 
========= Uninitialized __global__ memory read of size 8 bytes
=========     at void epilogue<sytrd_params<double, (int)32, (int)8, (int)512, (int)32, (int)16, (int)1, (int)2>, (int)128, (int)0, (int)1>(int, int, T1::data_type *, int, int, T1::pod_type *, int, T1::pod_type *, int, T1::data_type *, int, T1::data_type *, int, int)+0x3f0
=========     by thread (66,0,0) in block (100,0,0)
=========     Address 0x14b042ec4d98
=========     Saved host backtrace up to driver entry point at kernel launch time
=========         Host Frame: cuLaunchKernel [0x3c965a] in libcuda.so.1
=========         Host Frame:  [0xa24ad5] in libcusolver.so.11
=========         Host Frame:  [0xa8dc5d] in libcusolver.so.11
=========         Host Frame:  [0x40320c] in libcusolver.so.11
=========         Host Frame:  [0x63a139] in libcusolver.so.11
=========         Host Frame:  [0x63fa56] in libcusolver.so.11
=========         Host Frame:  [0x42abaa] in libcusolver.so.11
=========         Host Frame: cusolverDnXsyevd [0x6575b0] in libcusolver.so.11
=========         Host Frame: void single_eig_cusolver<double>(DeviceSolverDnHandle&, SingleEigParameter&, DeviceDenseVector<double>&, DeviceDenseVector<double>&, DeviceDenseVector<double>&, HostDenseVector<double>&, DeviceDenseVector<int>&, int, unsigned long, unsigned long, int, int, unsigned long, unsigned long, int) [0x6588a] in libcuadmm_lib.so
=========         Host Frame: SDPSolver::solve(int, double, int, int, int, int, int, double, double, bool) [0x5b109] in libcuadmm_lib.so
=========         Host Frame: main [0x748b] in cuadmm_exe
========= 
========= Uninitialized __global__ memory read of size 8 bytes
=========     at void epilogue<sytrd_params<double, (int)32, (int)8, (int)512, (int)32, (int)16, (int)1, (int)2>, (int)128, (int)0, (int)1>(int, int, T1::data_type *, int, int, T1::pod_type *, int, T1::pod_type *, int, T1::data_type *, int, T1::data_type *, int, int)+0x3f0
=========     by thread (67,0,0) in block (100,0,0)
=========     Address 0x14b042ec4d98
=========     Saved host backtrace up to driver entry point at kernel launch time
=========         Host Frame: cuLaunchKernel [0x3c965a] in libcuda.so.1
=========         Host Frame:  [0xa24ad5] in libcusolver.so.11
=========         Host Frame:  [0xa8dc5d] in libcusolver.so.11
=========         Host Frame:  [0x40320c] in libcusolver.so.11
=========         Host Frame:  [0x63a139] in libcusolver.so.11
=========         Host Frame:  [0x63fa56] in libcusolver.so.11
=========         Host Frame:  [0x42abaa] in libcusolver.so.11
=========         Host Frame: cusolverDnXsyevd [0x6575b0] in libcusolver.so.11
=========         Host Frame: void single_eig_cusolver<double>(DeviceSolverDnHandle&, SingleEigParameter&, DeviceDenseVector<double>&, DeviceDenseVector<double>&, DeviceDenseVector<double>&, HostDenseVector<double>&, DeviceDenseVector<int>&, int, unsigned long, unsigned long, int, int, unsigned long, unsigned long, int) [0x6588a] in libcuadmm_lib.so
=========         Host Frame: SDPSolver::solve(int, double, int, int, int, int, int, double, double, bool) [0x5b109] in libcuadmm_lib.so
=========         Host Frame: main [0x748b] in cuadmm_exe
========= 
========= Uninitialized __global__ memory read of size 8 bytes
=========     at void epilogue<sytrd_params<double, (int)32, (int)8, (int)512, (int)32, (int)16, (int)1, (int)2>, (int)128, (int)0, (int)1>(int, int, T1::data_type *, int, int, T1::pod_type *, int, T1::pod_type *, int, T1::data_type *, int, T1::data_type *, int, int)+0x3f0
=========     by thread (68,0,0) in block (100,0,0)
=========     Address 0x14b042ec4d98
=========     Saved host backtrace up to driver entry point at kernel launch time
=========         Host Frame: cuLaunchKernel [0x3c965a] in libcuda.so.1
=========         Host Frame:  [0xa24ad5] in libcusolver.so.11
=========         Host Frame:  [0xa8dc5d] in libcusolver.so.11
=========         Host Frame:  [0x40320c] in libcusolver.so.11
=========         Host Frame:  [0x63a139] in libcusolver.so.11
=========         Host Frame:  [0x63fa56] in libcusolver.so.11
=========         Host Frame:  [0x42abaa] in libcusolver.so.11
=========         Host Frame: cusolverDnXsyevd [0x6575b0] in libcusolver.so.11
=========         Host Frame: void single_eig_cusolver<double>(DeviceSolverDnHandle&, SingleEigParameter&, DeviceDenseVector<double>&, DeviceDenseVector<double>&, DeviceDenseVector<double>&, HostDenseVector<double>&, DeviceDenseVector<int>&, int, unsigned long, unsigned long, int, int, unsigned long, unsigned long, int) [0x6588a] in libcuadmm_lib.so
=========         Host Frame: SDPSolver::solve(int, double, int, int, int, int, int, double, double, bool) [0x5b109] in libcuadmm_lib.so
=========         Host Frame: main [0x748b] in cuadmm_exe
========= 
========= Uninitialized __global__ memory read of size 8 bytes
=========     at void epilogue<sytrd_params<double, (int)32, (int)8, (int)512, (int)32, (int)16, (int)1, (int)2>, (int)128, (int)0, (int)1>(int, int, T1::data_type *, int, int, T1::pod_type *, int, T1::pod_type *, int, T1::data_type *, int, T1::data_type *, int, int)+0x3f0
=========     by thread (69,0,0) in block (100,0,0)
=========     Address 0x14b042ec4d98
=========     Saved host backtrace up to driver entry point at kernel launch time
=========         Host Frame: cuLaunchKernel [0x3c965a] in libcuda.so.1
=========         Host Frame:  [0xa24ad5] in libcusolver.so.11
=========         Host Frame:  [0xa8dc5d] in libcusolver.so.11
=========         Host Frame:  [0x40320c] in libcusolver.so.11
=========         Host Frame:  [0x63a139] in libcusolver.so.11
=========         Host Frame:  [0x63fa56] in libcusolver.so.11
=========         Host Frame:  [0x42abaa] in libcusolver.so.11
=========         Host Frame: cusolverDnXsyevd [0x6575b0] in libcusolver.so.11
=========         Host Frame: void single_eig_cusolver<double>(DeviceSolverDnHandle&, SingleEigParameter&, DeviceDenseVector<double>&, DeviceDenseVector<double>&, DeviceDenseVector<double>&, HostDenseVector<double>&, DeviceDenseVector<int>&, int, unsigned long, unsigned long, int, int, unsigned long, unsigned long, int) [0x6588a] in libcuadmm_lib.so
=========         Host Frame: SDPSolver::solve(int, double, int, int, int, int, int, double, double, bool) [0x5b109] in libcuadmm_lib.so
=========         Host Frame: main [0x748b] in cuadmm_exe
========= 
========= Uninitialized __global__ memory read of size 8 bytes
=========     at void epilogue<sytrd_params<double, (int)32, (int)8, (int)512, (int)32, (int)16, (int)1, (int)2>, (int)128, (int)0, (int)1>(int, int, T1::data_type *, int, int, T1::pod_type *, int, T1::pod_type *, int, T1::data_type *, int, T1::data_type *, int, int)+0x3f0
=========     by thread (70,0,0) in block (100,0,0)
=========     Address 0x14b042ec4d98
=========     Saved host backtrace up to driver entry point at kernel launch time
=========         Host Frame: cuLaunchKernel [0x3c965a] in libcuda.so.1
=========         Host Frame:  [0xa24ad5] in libcusolver.so.11
=========         Host Frame:  [0xa8dc5d] in libcusolver.so.11
=========         Host Frame:  [0x40320c] in libcusolver.so.11
=========         Host Frame:  [0x63a139] in libcusolver.so.11
=========         Host Frame:  [0x63fa56] in libcusolver.so.11
=========         Host Frame:  [0x42abaa] in libcusolver.so.11
=========         Host Frame: cusolverDnXsyevd [0x6575b0] in libcusolver.so.11
=========         Host Frame: void single_eig_cusolver<double>(DeviceSolverDnHandle&, SingleEigParameter&, DeviceDenseVector<double>&, DeviceDenseVector<double>&, DeviceDenseVector<double>&, HostDenseVector<double>&, DeviceDenseVector<int>&, int, unsigned long, unsigned long, int, int, unsigned long, unsigned long, int) [0x6588a] in libcuadmm_lib.so
=========         Host Frame: SDPSolver::solve(int, double, int, int, int, int, int, double, double, bool) [0x5b109] in libcuadmm_lib.so
=========         Host Frame: main [0x748b] in cuadmm_exe
========= 
========= Uninitialized __global__ memory read of size 8 bytes
=========     at void epilogue<sytrd_params<double, (int)32, (int)8, (int)512, (int)32, (int)16, (int)1, (int)2>, (int)128, (int)0, (int)1>(int, int, T1::data_type *, int, int, T1::pod_type *, int, T1::pod_type *, int, T1::data_type *, int, T1::data_type *, int, int)+0x3f0
=========     by thread (71,0,0) in block (100,0,0)
=========     Address 0x14b042ec4d98
=========     Saved host backtrace up to driver entry point at kernel launch time
=========         Host Frame: cuLaunchKernel [0x3c965a] in libcuda.so.1
=========         Host Frame:  [0xa24ad5] in libcusolver.so.11
=========         Host Frame:  [0xa8dc5d] in libcusolver.so.11
=========         Host Frame:  [0x40320c] in libcusolver.so.11
=========         Host Frame:  [0x63a139] in libcusolver.so.11
=========         Host Frame:  [0x63fa56] in libcusolver.so.11
=========         Host Frame:  [0x42abaa] in libcusolver.so.11
=========         Host Frame: cusolverDnXsyevd [0x6575b0] in libcusolver.so.11
=========         Host Frame: void single_eig_cusolver<double>(DeviceSolverDnHandle&, SingleEigParameter&, DeviceDenseVector<double>&, DeviceDenseVector<double>&, DeviceDenseVector<double>&, HostDenseVector<double>&, DeviceDenseVector<int>&, int, unsigned long, unsigned long, int, int, unsigned long, unsigned long, int) [0x6588a] in libcuadmm_lib.so
=========         Host Frame: SDPSolver::solve(int, double, int, int, int, int, int, double, double, bool) [0x5b109] in libcuadmm_lib.so
=========         Host Frame: main [0x748b] in cuadmm_exe
========= 
========= Uninitialized __global__ memory read of size 8 bytes
=========     at void epilogue<sytrd_params<double, (int)32, (int)8, (int)512, (int)32, (int)16, (int)1, (int)2>, (int)128, (int)0, (int)1>(int, int, T1::data_type *, int, int, T1::pod_type *, int, T1::pod_type *, int, T1::data_type *, int, T1::data_type *, int, int)+0x3f0
=========     by thread (72,0,0) in block (100,0,0)
=========     Address 0x14b042ec4d98
=========     Saved host backtrace up to driver entry point at kernel launch time
=========         Host Frame: cuLaunchKernel [0x3c965a] in libcuda.so.1
=========         Host Frame:  [0xa24ad5] in libcusolver.so.11
=========         Host Frame:  [0xa8dc5d] in libcusolver.so.11
=========         Host Frame:  [0x40320c] in libcusolver.so.11
=========         Host Frame:  [0x63a139] in libcusolver.so.11
=========         Host Frame:  [0x63fa56] in libcusolver.so.11
=========         Host Frame:  [0x42abaa] in libcusolver.so.11
=========         Host Frame: cusolverDnXsyevd [0x6575b0] in libcusolver.so.11
=========         Host Frame: void single_eig_cusolver<double>(DeviceSolverDnHandle&, SingleEigParameter&, DeviceDenseVector<double>&, DeviceDenseVector<double>&, DeviceDenseVector<double>&, HostDenseVector<double>&, DeviceDenseVector<int>&, int, unsigned long, unsigned long, int, int, unsigned long, unsigned long, int) [0x6588a] in libcuadmm_lib.so
=========         Host Frame: SDPSolver::solve(int, double, int, int, int, int, int, double, double, bool) [0x5b109] in libcuadmm_lib.so
=========         Host Frame: main [0x748b] in cuadmm_exe
========= 
========= Uninitialized __global__ memory read of size 8 bytes
=========     at void epilogue<sytrd_params<double, (int)32, (int)8, (int)512, (int)32, (int)16, (int)1, (int)2>, (int)128, (int)0, (int)1>(int, int, T1::data_type *, int, int, T1::pod_type *, int, T1::pod_type *, int, T1::data_type *, int, T1::data_type *, int, int)+0x3f0
=========     by thread (73,0,0) in block (100,0,0)
=========     Address 0x14b042ec4d98
=========     Saved host backtrace up to driver entry point at kernel launch time
=========         Host Frame: cuLaunchKernel [0x3c965a] in libcuda.so.1
=========         Host Frame:  [0xa24ad5] in libcusolver.so.11
=========         Host Frame:  [0xa8dc5d] in libcusolver.so.11
=========         Host Frame:  [0x40320c] in libcusolver.so.11
=========         Host Frame:  [0x63a139] in libcusolver.so.11
=========         Host Frame:  [0x63fa56] in libcusolver.so.11
=========         Host Frame:  [0x42abaa] in libcusolver.so.11
=========         Host Frame: cusolverDnXsyevd [0x6575b0] in libcusolver.so.11
=========         Host Frame: void single_eig_cusolver<double>(DeviceSolverDnHandle&, SingleEigParameter&, DeviceDenseVector<double>&, DeviceDenseVector<double>&, DeviceDenseVector<double>&, HostDenseVector<double>&, DeviceDenseVector<int>&, int, unsigned long, unsigned long, int, int, unsigned long, unsigned long, int) [0x6588a] in libcuadmm_lib.so
=========         Host Frame: SDPSolver::solve(int, double, int, int, int, int, int, double, double, bool) [0x5b109] in libcuadmm_lib.so
=========         Host Frame: main [0x748b] in cuadmm_exe
========= 
========= Uninitialized __global__ memory read of size 8 bytes
=========     at void epilogue<sytrd_params<double, (int)32, (int)8, (int)512, (int)32, (int)16, (int)1, (int)2>, (int)128, (int)0, (int)1>(int, int, T1::data_type *, int, int, T1::pod_type *, int, T1::pod_type *, int, T1::data_type *, int, T1::data_type *, int, int)+0x3f0
=========     by thread (74,0,0) in block (100,0,0)
=========     Address 0x14b042ec4d98
=========     Saved host backtrace up to driver entry point at kernel launch time
=========         Host Frame: cuLaunchKernel [0x3c965a] in libcuda.so.1
=========         Host Frame:  [0xa24ad5] in libcusolver.so.11
=========         Host Frame:  [0xa8dc5d] in libcusolver.so.11
=========         Host Frame:  [0x40320c] in libcusolver.so.11
=========         Host Frame:  [0x63a139] in libcusolver.so.11
=========         Host Frame:  [0x63fa56] in libcusolver.so.11
=========         Host Frame:  [0x42abaa] in libcusolver.so.11
=========         Host Frame: cusolverDnXsyevd [0x6575b0] in libcusolver.so.11
=========         Host Frame: void single_eig_cusolver<double>(DeviceSolverDnHandle&, SingleEigParameter&, DeviceDenseVector<double>&, DeviceDenseVector<double>&, DeviceDenseVector<double>&, HostDenseVector<double>&, DeviceDenseVector<int>&, int, unsigned long, unsigned long, int, int, unsigned long, unsigned long, int) [0x6588a] in libcuadmm_lib.so
=========         Host Frame: SDPSolver::solve(int, double, int, int, int, int, int, double, double, bool) [0x5b109] in libcuadmm_lib.so
=========         Host Frame: main [0x748b] in cuadmm_exe
========= 
========= Uninitialized __global__ memory read of size 8 bytes
=========     at void epilogue<sytrd_params<double, (int)32, (int)8, (int)512, (int)32, (int)16, (int)1, (int)2>, (int)128, (int)0, (int)1>(int, int, T1::data_type *, int, int, T1::pod_type *, int, T1::pod_type *, int, T1::data_type *, int, T1::data_type *, int, int)+0x3f0
=========     by thread (75,0,0) in block (100,0,0)
=========     Address 0x14b042ec4d98
=========     Saved host backtrace up to driver entry point at kernel launch time
=========         Host Frame: cuLaunchKernel [0x3c965a] in libcuda.so.1
=========         Host Frame:  [0xa24ad5] in libcusolver.so.11
=========         Host Frame:  [0xa8dc5d] in libcusolver.so.11
=========         Host Frame:  [0x40320c] in libcusolver.so.11
=========         Host Frame:  [0x63a139] in libcusolver.so.11
=========         Host Frame:  [0x63fa56] in libcusolver.so.11
=========         Host Frame:  [0x42abaa] in libcusolver.so.11
=========         Host Frame: cusolverDnXsyevd [0x6575b0] in libcusolver.so.11
=========         Host Frame: void single_eig_cusolver<double>(DeviceSolverDnHandle&, SingleEigParameter&, DeviceDenseVector<double>&, DeviceDenseVector<double>&, DeviceDenseVector<double>&, HostDenseVector<double>&, DeviceDenseVector<int>&, int, unsigned long, unsigned long, int, int, unsigned long, unsigned long, int) [0x6588a] in libcuadmm_lib.so
=========         Host Frame: SDPSolver::solve(int, double, int, int, int, int, int, double, double, bool) [0x5b109] in libcuadmm_lib.so
=========         Host Frame: main [0x748b] in cuadmm_exe
========= 
========= Uninitialized __global__ memory read of size 8 bytes
=========     at void epilogue<sytrd_params<double, (int)32, (int)8, (int)512, (int)32, (int)16, (int)1, (int)2>, (int)128, (int)0, (int)1>(int, int, T1::data_type *, int, int, T1::pod_type *, int, T1::pod_type *, int, T1::data_type *, int, T1::data_type *, int, int)+0x3f0
=========     by thread (76,0,0) in block (100,0,0)
=========     Address 0x14b042ec4d98
=========     Saved host backtrace up to driver entry point at kernel launch time
=========         Host Frame: cuLaunchKernel [0x3c965a] in libcuda.so.1
=========         Host Frame:  [0xa24ad5] in libcusolver.so.11
=========         Host Frame:  [0xa8dc5d] in libcusolver.so.11
=========         Host Frame:  [0x40320c] in libcusolver.so.11
=========         Host Frame:  [0x63a139] in libcusolver.so.11
=========         Host Frame:  [0x63fa56] in libcusolver.so.11
=========         Host Frame:  [0x42abaa] in libcusolver.so.11
=========         Host Frame: cusolverDnXsyevd [0x6575b0] in libcusolver.so.11
=========         Host Frame: void single_eig_cusolver<double>(DeviceSolverDnHandle&, SingleEigParameter&, DeviceDenseVector<double>&, DeviceDenseVector<double>&, DeviceDenseVector<double>&, HostDenseVector<double>&, DeviceDenseVector<int>&, int, unsigned long, unsigned long, int, int, unsigned long, unsigned long, int) [0x6588a] in libcuadmm_lib.so
=========         Host Frame: SDPSolver::solve(int, double, int, int, int, int, int, double, double, bool) [0x5b109] in libcuadmm_lib.so
=========         Host Frame: main [0x748b] in cuadmm_exe
========= 
========= Uninitialized __global__ memory read of size 8 bytes
=========     at void epilogue<sytrd_params<double, (int)32, (int)8, (int)512, (int)32, (int)16, (int)1, (int)2>, (int)128, (int)0, (int)1>(int, int, T1::data_type *, int, int, T1::pod_type *, int, T1::pod_type *, int, T1::data_type *, int, T1::data_type *, int, int)+0x3f0
=========     by thread (77,0,0) in block (100,0,0)
=========     Address 0x14b042ec4d98
=========     Saved host backtrace up to driver entry point at kernel launch time
=========         Host Frame: cuLaunchKernel [0x3c965a] in libcuda.so.1
=========         Host Frame:  [0xa24ad5] in libcusolver.so.11
=========         Host Frame:  [0xa8dc5d] in libcusolver.so.11
=========         Host Frame:  [0x40320c] in libcusolver.so.11
=========         Host Frame:  [0x63a139] in libcusolver.so.11
=========         Host Frame:  [0x63fa56] in libcusolver.so.11
=========         Host Frame:  [0x42abaa] in libcusolver.so.11
=========         Host Frame: cusolverDnXsyevd [0x6575b0] in libcusolver.so.11
=========         Host Frame: void single_eig_cusolver<double>(DeviceSolverDnHandle&, SingleEigParameter&, DeviceDenseVector<double>&, DeviceDenseVector<double>&, DeviceDenseVector<double>&, HostDenseVector<double>&, DeviceDenseVector<int>&, int, unsigned long, unsigned long, int, int, unsigned long, unsigned long, int) [0x6588a] in libcuadmm_lib.so
=========         Host Frame: SDPSolver::solve(int, double, int, int, int, int, int, double, double, bool) [0x5b109] in libcuadmm_lib.so
=========         Host Frame: main [0x748b] in cuadmm_exe
========= 
========= Uninitialized __global__ memory read of size 8 bytes
=========     at void epilogue<sytrd_params<double, (int)32, (int)8, (int)512, (int)32, (int)16, (int)1, (int)2>, (int)128, (int)0, (int)1>(int, int, T1::data_type *, int, int, T1::pod_type *, int, T1::pod_type *, int, T1::data_type *, int, T1::data_type *, int, int)+0x3f0
=========     by thread (78,0,0) in block (100,0,0)
=========     Address 0x14b042ec4d98
=========     Saved host backtrace up to driver entry point at kernel launch time
=========         Host Frame: cuLaunchKernel [0x3c965a] in libcuda.so.1
=========         Host Frame:  [0xa24ad5] in libcusolver.so.11
=========         Host Frame:  [0xa8dc5d] in libcusolver.so.11
=========         Host Frame:  [0x40320c] in libcusolver.so.11
=========         Host Frame:  [0x63a139] in libcusolver.so.11
=========         Host Frame:  [0x63fa56] in libcusolver.so.11
=========         Host Frame:  [0x42abaa] in libcusolver.so.11
=========         Host Frame: cusolverDnXsyevd [0x6575b0] in libcusolver.so.11
=========         Host Frame: void single_eig_cusolver<double>(DeviceSolverDnHandle&, SingleEigParameter&, DeviceDenseVector<double>&, DeviceDenseVector<double>&, DeviceDenseVector<double>&, HostDenseVector<double>&, DeviceDenseVector<int>&, int, unsigned long, unsigned long, int, int, unsigned long, unsigned long, int) [0x6588a] in libcuadmm_lib.so
=========         Host Frame: SDPSolver::solve(int, double, int, int, int, int, int, double, double, bool) [0x5b109] in libcuadmm_lib.so
=========         Host Frame: main [0x748b] in cuadmm_exe
========= 
========= Uninitialized __global__ memory read of size 8 bytes
=========     at void epilogue<sytrd_params<double, (int)32, (int)8, (int)512, (int)32, (int)16, (int)1, (int)2>, (int)128, (int)0, (int)1>(int, int, T1::data_type *, int, int, T1::pod_type *, int, T1::pod_type *, int, T1::data_type *, int, T1::data_type *, int, int)+0x3f0
=========     by thread (79,0,0) in block (100,0,0)
=========     Address 0x14b042ec4d98
=========     Saved host backtrace up to driver entry point at kernel launch time
=========         Host Frame: cuLaunchKernel [0x3c965a] in libcuda.so.1
=========         Host Frame:  [0xa24ad5] in libcusolver.so.11
=========         Host Frame:  [0xa8dc5d] in libcusolver.so.11
=========         Host Frame:  [0x40320c] in libcusolver.so.11
=========         Host Frame:  [0x63a139] in libcusolver.so.11
=========         Host Frame:  [0x63fa56] in libcusolver.so.11
=========         Host Frame:  [0x42abaa] in libcusolver.so.11
=========         Host Frame: cusolverDnXsyevd [0x6575b0] in libcusolver.so.11
=========         Host Frame: void single_eig_cusolver<double>(DeviceSolverDnHandle&, SingleEigParameter&, DeviceDenseVector<double>&, DeviceDenseVector<double>&, DeviceDenseVector<double>&, HostDenseVector<double>&, DeviceDenseVector<int>&, int, unsigned long, unsigned long, int, int, unsigned long, unsigned long, int) [0x6588a] in libcuadmm_lib.so
=========         Host Frame: SDPSolver::solve(int, double, int, int, int, int, int, double, double, bool) [0x5b109] in libcuadmm_lib.so
=========         Host Frame: main [0x748b] in cuadmm_exe
========= 
========= Uninitialized __global__ memory read of size 8 bytes
=========     at void epilogue<sytrd_params<double, (int)32, (int)8, (int)512, (int)32, (int)16, (int)1, (int)2>, (int)128, (int)0, (int)1>(int, int, T1::data_type *, int, int, T1::pod_type *, int, T1::pod_type *, int, T1::data_type *, int, T1::data_type *, int, int)+0x3f0
=========     by thread (80,0,0) in block (100,0,0)
=========     Address 0x14b042ec4d98
=========     Saved host backtrace up to driver entry point at kernel launch time
=========         Host Frame: cuLaunchKernel [0x3c965a] in libcuda.so.1
=========         Host Frame:  [0xa24ad5] in libcusolver.so.11
=========         Host Frame:  [0xa8dc5d] in libcusolver.so.11
=========         Host Frame:  [0x40320c] in libcusolver.so.11
=========         Host Frame:  [0x63a139] in libcusolver.so.11
=========         Host Frame:  [0x63fa56] in libcusolver.so.11
=========         Host Frame:  [0x42abaa] in libcusolver.so.11
=========         Host Frame: cusolverDnXsyevd [0x6575b0] in libcusolver.so.11
=========         Host Frame: void single_eig_cusolver<double>(DeviceSolverDnHandle&, SingleEigParameter&, DeviceDenseVector<double>&, DeviceDenseVector<double>&, DeviceDenseVector<double>&, HostDenseVector<double>&, DeviceDenseVector<int>&, int, unsigned long, unsigned long, int, int, unsigned long, unsigned long, int) [0x6588a] in libcuadmm_lib.so
=========         Host Frame: SDPSolver::solve(int, double, int, int, int, int, int, double, double, bool) [0x5b109] in libcuadmm_lib.so
=========         Host Frame: main [0x748b] in cuadmm_exe
========= 
========= Uninitialized __global__ memory read of size 8 bytes
=========     at void epilogue<sytrd_params<double, (int)32, (int)8, (int)512, (int)32, (int)16, (int)1, (int)2>, (int)128, (int)0, (int)1>(int, int, T1::data_type *, int, int, T1::pod_type *, int, T1::pod_type *, int, T1::data_type *, int, T1::data_type *, int, int)+0x3f0
=========     by thread (81,0,0) in block (100,0,0)
=========     Address 0x14b042ec4d98
=========     Saved host backtrace up to driver entry point at kernel launch time
=========         Host Frame: cuLaunchKernel [0x3c965a] in libcuda.so.1
=========         Host Frame:  [0xa24ad5] in libcusolver.so.11
=========         Host Frame:  [0xa8dc5d] in libcusolver.so.11
=========         Host Frame:  [0x40320c] in libcusolver.so.11
=========         Host Frame:  [0x63a139] in libcusolver.so.11
=========         Host Frame:  [0x63fa56] in libcusolver.so.11
=========         Host Frame:  [0x42abaa] in libcusolver.so.11
=========         Host Frame: cusolverDnXsyevd [0x6575b0] in libcusolver.so.11
=========         Host Frame: void single_eig_cusolver<double>(DeviceSolverDnHandle&, SingleEigParameter&, DeviceDenseVector<double>&, DeviceDenseVector<double>&, DeviceDenseVector<double>&, HostDenseVector<double>&, DeviceDenseVector<int>&, int, unsigned long, unsigned long, int, int, unsigned long, unsigned long, int) [0x6588a] in libcuadmm_lib.so
=========         Host Frame: SDPSolver::solve(int, double, int, int, int, int, int, double, double, bool) [0x5b109] in libcuadmm_lib.so
=========         Host Frame: main [0x748b] in cuadmm_exe
========= 
========= Uninitialized __global__ memory read of size 8 bytes
=========     at void epilogue<sytrd_params<double, (int)32, (int)8, (int)512, (int)32, (int)16, (int)1, (int)2>, (int)128, (int)0, (int)1>(int, int, T1::data_type *, int, int, T1::pod_type *, int, T1::pod_type *, int, T1::data_type *, int, T1::data_type *, int, int)+0x3f0
=========     by thread (82,0,0) in block (100,0,0)
=========     Address 0x14b042ec4d98
=========     Saved host backtrace up to driver entry point at kernel launch time
=========         Host Frame: cuLaunchKernel [0x3c965a] in libcuda.so.1
=========         Host Frame:  [0xa24ad5] in libcusolver.so.11
=========         Host Frame:  [0xa8dc5d] in libcusolver.so.11
=========         Host Frame:  [0x40320c] in libcusolver.so.11
=========         Host Frame:  [0x63a139] in libcusolver.so.11
=========         Host Frame:  [0x63fa56] in libcusolver.so.11
=========         Host Frame:  [0x42abaa] in libcusolver.so.11
=========         Host Frame: cusolverDnXsyevd [0x6575b0] in libcusolver.so.11
=========         Host Frame: void single_eig_cusolver<double>(DeviceSolverDnHandle&, SingleEigParameter&, DeviceDenseVector<double>&, DeviceDenseVector<double>&, DeviceDenseVector<double>&, HostDenseVector<double>&, DeviceDenseVector<int>&, int, unsigned long, unsigned long, int, int, unsigned long, unsigned long, int) [0x6588a] in libcuadmm_lib.so
=========         Host Frame: SDPSolver::solve(int, double, int, int, int, int, int, double, double, bool) [0x5b109] in libcuadmm_lib.so
=========         Host Frame: main [0x748b] in cuadmm_exe
========= 
========= Uninitialized __global__ memory read of size 8 bytes
=========     at void epilogue<sytrd_params<double, (int)32, (int)8, (int)512, (int)32, (int)16, (int)1, (int)2>, (int)128, (int)0, (int)1>(int, int, T1::data_type *, int, int, T1::pod_type *, int, T1::pod_type *, int, T1::data_type *, int, T1::data_type *, int, int)+0x3f0
=========     by thread (83,0,0) in block (100,0,0)
=========     Address 0x14b042ec4d98
=========     Saved host backtrace up to driver entry point at kernel launch time
=========         Host Frame: cuLaunchKernel [0x3c965a] in libcuda.so.1
=========         Host Frame:  [0xa24ad5] in libcusolver.so.11
=========         Host Frame:  [0xa8dc5d] in libcusolver.so.11
=========         Host Frame:  [0x40320c] in libcusolver.so.11
=========         Host Frame:  [0x63a139] in libcusolver.so.11
=========         Host Frame:  [0x63fa56] in libcusolver.so.11
=========         Host Frame:  [0x42abaa] in libcusolver.so.11
=========         Host Frame: cusolverDnXsyevd [0x6575b0] in libcusolver.so.11
=========         Host Frame: void single_eig_cusolver<double>(DeviceSolverDnHandle&, SingleEigParameter&, DeviceDenseVector<double>&, DeviceDenseVector<double>&, DeviceDenseVector<double>&, HostDenseVector<double>&, DeviceDenseVector<int>&, int, unsigned long, unsigned long, int, int, unsigned long, unsigned long, int) [0x6588a] in libcuadmm_lib.so
=========         Host Frame: SDPSolver::solve(int, double, int, int, int, int, int, double, double, bool) [0x5b109] in libcuadmm_lib.so
=========         Host Frame: main [0x748b] in cuadmm_exe
========= 
========= Uninitialized __global__ memory read of size 8 bytes
=========     at void epilogue<sytrd_params<double, (int)32, (int)8, (int)512, (int)32, (int)16, (int)1, (int)2>, (int)128, (int)0, (int)1>(int, int, T1::data_type *, int, int, T1::pod_type *, int, T1::pod_type *, int, T1::data_type *, int, T1::data_type *, int, int)+0x3f0
=========     by thread (84,0,0) in block (100,0,0)
=========     Address 0x14b042ec4d98
=========     Saved host backtrace up to driver entry point at kernel launch time
=========         Host Frame: cuLaunchKernel [0x3c965a] in libcuda.so.1
=========         Host Frame:  [0xa24ad5] in libcusolver.so.11
=========         Host Frame:  [0xa8dc5d] in libcusolver.so.11
=========         Host Frame:  [0x40320c] in libcusolver.so.11
=========         Host Frame:  [0x63a139] in libcusolver.so.11
=========         Host Frame:  [0x63fa56] in libcusolver.so.11
=========         Host Frame:  [0x42abaa] in libcusolver.so.11
=========         Host Frame: cusolverDnXsyevd [0x6575b0] in libcusolver.so.11
=========         Host Frame: void single_eig_cusolver<double>(DeviceSolverDnHandle&, SingleEigParameter&, DeviceDenseVector<double>&, DeviceDenseVector<double>&, DeviceDenseVector<double>&, HostDenseVector<double>&, DeviceDenseVector<int>&, int, unsigned long, unsigned long, int, int, unsigned long, unsigned long, int) [0x6588a] in libcuadmm_lib.so
=========         Host Frame: SDPSolver::solve(int, double, int, int, int, int, int, double, double, bool) [0x5b109] in libcuadmm_lib.so
=========         Host Frame: main [0x748b] in cuadmm_exe
========= 
========= Uninitialized __global__ memory read of size 8 bytes
=========     at void epilogue<sytrd_params<double, (int)32, (int)8, (int)512, (int)32, (int)16, (int)1, (int)2>, (int)128, (int)0, (int)1>(int, int, T1::data_type *, int, int, T1::pod_type *, int, T1::pod_type *, int, T1::data_type *, int, T1::data_type *, int, int)+0x3f0
=========     by thread (85,0,0) in block (100,0,0)
=========     Address 0x14b042ec4d98
=========     Saved host backtrace up to driver entry point at kernel launch time
=========         Host Frame: cuLaunchKernel [0x3c965a] in libcuda.so.1
=========         Host Frame:  [0xa24ad5] in libcusolver.so.11
=========         Host Frame:  [0xa8dc5d] in libcusolver.so.11
=========         Host Frame:  [0x40320c] in libcusolver.so.11
=========         Host Frame:  [0x63a139] in libcusolver.so.11
=========         Host Frame:  [0x63fa56] in libcusolver.so.11
=========         Host Frame:  [0x42abaa] in libcusolver.so.11
=========         Host Frame: cusolverDnXsyevd [0x6575b0] in libcusolver.so.11
=========         Host Frame: void single_eig_cusolver<double>(DeviceSolverDnHandle&, SingleEigParameter&, DeviceDenseVector<double>&, DeviceDenseVector<double>&, DeviceDenseVector<double>&, HostDenseVector<double>&, DeviceDenseVector<int>&, int, unsigned long, unsigned long, int, int, unsigned long, unsigned long, int) [0x6588a] in libcuadmm_lib.so
=========         Host Frame: SDPSolver::solve(int, double, int, int, int, int, int, double, double, bool) [0x5b109] in libcuadmm_lib.so
=========         Host Frame: main [0x748b] in cuadmm_exe
========= 
========= Uninitialized __global__ memory read of size 8 bytes
=========     at void epilogue<sytrd_params<double, (int)32, (int)8, (int)512, (int)32, (int)16, (int)1, (int)2>, (int)128, (int)0, (int)1>(int, int, T1::data_type *, int, int, T1::pod_type *, int, T1::pod_type *, int, T1::data_type *, int, T1::data_type *, int, int)+0x3f0
=========     by thread (86,0,0) in block (100,0,0)
=========     Address 0x14b042ec4d98
=========     Saved host backtrace up to driver entry point at kernel launch time
=========         Host Frame: cuLaunchKernel [0x3c965a] in libcuda.so.1
=========         Host Frame:  [0xa24ad5] in libcusolver.so.11
=========         Host Frame:  [0xa8dc5d] in libcusolver.so.11
=========         Host Frame:  [0x40320c] in libcusolver.so.11
=========         Host Frame:  [0x63a139] in libcusolver.so.11
=========         Host Frame:  [0x63fa56] in libcusolver.so.11
=========         Host Frame:  [0x42abaa] in libcusolver.so.11
=========         Host Frame: cusolverDnXsyevd [0x6575b0] in libcusolver.so.11
=========         Host Frame: void single_eig_cusolver<double>(DeviceSolverDnHandle&, SingleEigParameter&, DeviceDenseVector<double>&, DeviceDenseVector<double>&, DeviceDenseVector<double>&, HostDenseVector<double>&, DeviceDenseVector<int>&, int, unsigned long, unsigned long, int, int, unsigned long, unsigned long, int) [0x6588a] in libcuadmm_lib.so
=========         Host Frame: SDPSolver::solve(int, double, int, int, int, int, int, double, double, bool) [0x5b109] in libcuadmm_lib.so
=========         Host Frame: main [0x748b] in cuadmm_exe
========= 
========= Uninitialized __global__ memory read of size 8 bytes
=========     at void epilogue<sytrd_params<double, (int)32, (int)8, (int)512, (int)32, (int)16, (int)1, (int)2>, (int)128, (int)0, (int)1>(int, int, T1::data_type *, int, int, T1::pod_type *, int, T1::pod_type *, int, T1::data_type *, int, T1::data_type *, int, int)+0x3f0
=========     by thread (87,0,0) in block (100,0,0)
=========     Address 0x14b042ec4d98
=========     Saved host backtrace up to driver entry point at kernel launch time
=========         Host Frame: cuLaunchKernel [0x3c965a] in libcuda.so.1
=========         Host Frame:  [0xa24ad5] in libcusolver.so.11
=========         Host Frame:  [0xa8dc5d] in libcusolver.so.11
=========         Host Frame:  [0x40320c] in libcusolver.so.11
=========         Host Frame:  [0x63a139] in libcusolver.so.11
=========         Host Frame:  [0x63fa56] in libcusolver.so.11
=========         Host Frame:  [0x42abaa] in libcusolver.so.11
=========         Host Frame: cusolverDnXsyevd [0x6575b0] in libcusolver.so.11
=========         Host Frame: void single_eig_cusolver<double>(DeviceSolverDnHandle&, SingleEigParameter&, DeviceDenseVector<double>&, DeviceDenseVector<double>&, DeviceDenseVector<double>&, HostDenseVector<double>&, DeviceDenseVector<int>&, int, unsigned long, unsigned long, int, int, unsigned long, unsigned long, int) [0x6588a] in libcuadmm_lib.so
=========         Host Frame: SDPSolver::solve(int, double, int, int, int, int, int, double, double, bool) [0x5b109] in libcuadmm_lib.so
=========         Host Frame: main [0x748b] in cuadmm_exe
========= 
========= Uninitialized __global__ memory read of size 8 bytes
=========     at void epilogue<sytrd_params<double, (int)32, (int)8, (int)512, (int)32, (int)16, (int)1, (int)2>, (int)128, (int)0, (int)1>(int, int, T1::data_type *, int, int, T1::pod_type *, int, T1::pod_type *, int, T1::data_type *, int, T1::data_type *, int, int)+0x3f0
=========     by thread (88,0,0) in block (100,0,0)
=========     Address 0x14b042ec4d98
=========     Saved host backtrace up to driver entry point at kernel launch time
=========         Host Frame: cuLaunchKernel [0x3c965a] in libcuda.so.1
=========         Host Frame:  [0xa24ad5] in libcusolver.so.11
=========         Host Frame:  [0xa8dc5d] in libcusolver.so.11
=========         Host Frame:  [0x40320c] in libcusolver.so.11
=========         Host Frame:  [0x63a139] in libcusolver.so.11
=========         Host Frame:  [0x63fa56] in libcusolver.so.11
=========         Host Frame:  [0x42abaa] in libcusolver.so.11
=========         Host Frame: cusolverDnXsyevd [0x6575b0] in libcusolver.so.11
=========         Host Frame: void single_eig_cusolver<double>(DeviceSolverDnHandle&, SingleEigParameter&, DeviceDenseVector<double>&, DeviceDenseVector<double>&, DeviceDenseVector<double>&, HostDenseVector<double>&, DeviceDenseVector<int>&, int, unsigned long, unsigned long, int, int, unsigned long, unsigned long, int) [0x6588a] in libcuadmm_lib.so
=========         Host Frame: SDPSolver::solve(int, double, int, int, int, int, int, double, double, bool) [0x5b109] in libcuadmm_lib.so
=========         Host Frame: main [0x748b] in cuadmm_exe
========= 
========= Uninitialized __global__ memory read of size 8 bytes
=========     at void epilogue<sytrd_params<double, (int)32, (int)8, (int)512, (int)32, (int)16, (int)1, (int)2>, (int)128, (int)0, (int)1>(int, int, T1::data_type *, int, int, T1::pod_type *, int, T1::pod_type *, int, T1::data_type *, int, T1::data_type *, int, int)+0x3f0
=========     by thread (89,0,0) in block (100,0,0)
=========     Address 0x14b042ec4d98
=========     Saved host backtrace up to driver entry point at kernel launch time
=========         Host Frame: cuLaunchKernel [0x3c965a] in libcuda.so.1
=========         Host Frame:  [0xa24ad5] in libcusolver.so.11
=========         Host Frame:  [0xa8dc5d] in libcusolver.so.11
=========         Host Frame:  [0x40320c] in libcusolver.so.11
=========         Host Frame:  [0x63a139] in libcusolver.so.11
=========         Host Frame:  [0x63fa56] in libcusolver.so.11
=========         Host Frame:  [0x42abaa] in libcusolver.so.11
=========         Host Frame: cusolverDnXsyevd [0x6575b0] in libcusolver.so.11
=========         Host Frame: void single_eig_cusolver<double>(DeviceSolverDnHandle&, SingleEigParameter&, DeviceDenseVector<double>&, DeviceDenseVector<double>&, DeviceDenseVector<double>&, HostDenseVector<double>&, DeviceDenseVector<int>&, int, unsigned long, unsigned long, int, int, unsigned long, unsigned long, int) [0x6588a] in libcuadmm_lib.so
=========         Host Frame: SDPSolver::solve(int, double, int, int, int, int, int, double, double, bool) [0x5b109] in libcuadmm_lib.so
=========         Host Frame: main [0x748b] in cuadmm_exe
========= 
========= Uninitialized __global__ memory read of size 8 bytes
=========     at void epilogue<sytrd_params<double, (int)32, (int)8, (int)512, (int)32, (int)16, (int)1, (int)2>, (int)128, (int)0, (int)1>(int, int, T1::data_type *, int, int, T1::pod_type *, int, T1::pod_type *, int, T1::data_type *, int, T1::data_type *, int, int)+0x3f0
=========     by thread (90,0,0) in block (100,0,0)
=========     Address 0x14b042ec4d98
=========     Saved host backtrace up to driver entry point at kernel launch time
=========         Host Frame: cuLaunchKernel [0x3c965a] in libcuda.so.1
=========         Host Frame:  [0xa24ad5] in libcusolver.so.11
=========         Host Frame:  [0xa8dc5d] in libcusolver.so.11
=========         Host Frame:  [0x40320c] in libcusolver.so.11
=========         Host Frame:  [0x63a139] in libcusolver.so.11
=========         Host Frame:  [0x63fa56] in libcusolver.so.11
=========         Host Frame:  [0x42abaa] in libcusolver.so.11
=========         Host Frame: cusolverDnXsyevd [0x6575b0] in libcusolver.so.11
=========         Host Frame: void single_eig_cusolver<double>(DeviceSolverDnHandle&, SingleEigParameter&, DeviceDenseVector<double>&, DeviceDenseVector<double>&, DeviceDenseVector<double>&, HostDenseVector<double>&, DeviceDenseVector<int>&, int, unsigned long, unsigned long, int, int, unsigned long, unsigned long, int) [0x6588a] in libcuadmm_lib.so
=========         Host Frame: SDPSolver::solve(int, double, int, int, int, int, int, double, double, bool) [0x5b109] in libcuadmm_lib.so
=========         Host Frame: main [0x748b] in cuadmm_exe
========= 
========= Uninitialized __global__ memory read of size 8 bytes
=========     at void epilogue<sytrd_params<double, (int)32, (int)8, (int)512, (int)32, (int)16, (int)1, (int)2>, (int)128, (int)0, (int)1>(int, int, T1::data_type *, int, int, T1::pod_type *, int, T1::pod_type *, int, T1::data_type *, int, T1::data_type *, int, int)+0x3f0
=========     by thread (91,0,0) in block (100,0,0)
=========     Address 0x14b042ec4d98
=========     Saved host backtrace up to driver entry point at kernel launch time
=========         Host Frame: cuLaunchKernel [0x3c965a] in libcuda.so.1
=========         Host Frame:  [0xa24ad5] in libcusolver.so.11
=========         Host Frame:  [0xa8dc5d] in libcusolver.so.11
=========         Host Frame:  [0x40320c] in libcusolver.so.11
=========         Host Frame:  [0x63a139] in libcusolver.so.11
=========         Host Frame:  [0x63fa56] in libcusolver.so.11
=========         Host Frame:  [0x42abaa] in libcusolver.so.11
=========         Host Frame: cusolverDnXsyevd [0x6575b0] in libcusolver.so.11
=========         Host Frame: void single_eig_cusolver<double>(DeviceSolverDnHandle&, SingleEigParameter&, DeviceDenseVector<double>&, DeviceDenseVector<double>&, DeviceDenseVector<double>&, HostDenseVector<double>&, DeviceDenseVector<int>&, int, unsigned long, unsigned long, int, int, unsigned long, unsigned long, int) [0x6588a] in libcuadmm_lib.so
=========         Host Frame: SDPSolver::solve(int, double, int, int, int, int, int, double, double, bool) [0x5b109] in libcuadmm_lib.so
=========         Host Frame: main [0x748b] in cuadmm_exe
========= 
========= Uninitialized __global__ memory read of size 8 bytes
=========     at void epilogue<sytrd_params<double, (int)32, (int)8, (int)512, (int)32, (int)16, (int)1, (int)2>, (int)128, (int)0, (int)1>(int, int, T1::data_type *, int, int, T1::pod_type *, int, T1::pod_type *, int, T1::data_type *, int, T1::data_type *, int, int)+0x3f0
=========     by thread (92,0,0) in block (100,0,0)
=========     Address 0x14b042ec4d98
=========     Saved host backtrace up to driver entry point at kernel launch time
=========         Host Frame: cuLaunchKernel [0x3c965a] in libcuda.so.1
=========         Host Frame:  [0xa24ad5] in libcusolver.so.11
=========         Host Frame:  [0xa8dc5d] in libcusolver.so.11
=========         Host Frame:  [0x40320c] in libcusolver.so.11
=========         Host Frame:  [0x63a139] in libcusolver.so.11
=========         Host Frame:  [0x63fa56] in libcusolver.so.11
=========         Host Frame:  [0x42abaa] in libcusolver.so.11
=========         Host Frame: cusolverDnXsyevd [0x6575b0] in libcusolver.so.11
=========         Host Frame: void single_eig_cusolver<double>(DeviceSolverDnHandle&, SingleEigParameter&, DeviceDenseVector<double>&, DeviceDenseVector<double>&, DeviceDenseVector<double>&, HostDenseVector<double>&, DeviceDenseVector<int>&, int, unsigned long, unsigned long, int, int, unsigned long, unsigned long, int) [0x6588a] in libcuadmm_lib.so
=========         Host Frame: SDPSolver::solve(int, double, int, int, int, int, int, double, double, bool) [0x5b109] in libcuadmm_lib.so
=========         Host Frame: main [0x748b] in cuadmm_exe
========= 
========= Uninitialized __global__ memory read of size 8 bytes
=========     at void epilogue<sytrd_params<double, (int)32, (int)8, (int)512, (int)32, (int)16, (int)1, (int)2>, (int)128, (int)0, (int)1>(int, int, T1::data_type *, int, int, T1::pod_type *, int, T1::pod_type *, int, T1::data_type *, int, T1::data_type *, int, int)+0x3f0
=========     by thread (93,0,0) in block (100,0,0)
=========     Address 0x14b042ec4d98
=========     Saved host backtrace up to driver entry point at kernel launch time
=========         Host Frame: cuLaunchKernel [0x3c965a] in libcuda.so.1
=========         Host Frame:  [0xa24ad5] in libcusolver.so.11
=========         Host Frame:  [0xa8dc5d] in libcusolver.so.11
=========         Host Frame:  [0x40320c] in libcusolver.so.11
=========         Host Frame:  [0x63a139] in libcusolver.so.11
=========         Host Frame:  [0x63fa56] in libcusolver.so.11
=========         Host Frame:  [0x42abaa] in libcusolver.so.11
=========         Host Frame: cusolverDnXsyevd [0x6575b0] in libcusolver.so.11
=========         Host Frame: void single_eig_cusolver<double>(DeviceSolverDnHandle&, SingleEigParameter&, DeviceDenseVector<double>&, DeviceDenseVector<double>&, DeviceDenseVector<double>&, HostDenseVector<double>&, DeviceDenseVector<int>&, int, unsigned long, unsigned long, int, int, unsigned long, unsigned long, int) [0x6588a] in libcuadmm_lib.so
=========         Host Frame: SDPSolver::solve(int, double, int, int, int, int, int, double, double, bool) [0x5b109] in libcuadmm_lib.so
=========         Host Frame: main [0x748b] in cuadmm_exe
========= 
========= Uninitialized __global__ memory read of size 8 bytes
=========     at void epilogue<sytrd_params<double, (int)32, (int)8, (int)512, (int)32, (int)16, (int)1, (int)2>, (int)128, (int)0, (int)1>(int, int, T1::data_type *, int, int, T1::pod_type *, int, T1::pod_type *, int, T1::data_type *, int, T1::data_type *, int, int)+0x3f0
=========     by thread (94,0,0) in block (100,0,0)
=========     Address 0x14b042ec4d98
=========     Saved host backtrace up to driver entry point at kernel launch time
=========         Host Frame: cuLaunchKernel [0x3c965a] in libcuda.so.1
=========         Host Frame:  [0xa24ad5] in libcusolver.so.11
=========         Host Frame:  [0xa8dc5d] in libcusolver.so.11
=========         Host Frame:  [0x40320c] in libcusolver.so.11
=========         Host Frame:  [0x63a139] in libcusolver.so.11
=========         Host Frame:  [0x63fa56] in libcusolver.so.11
=========         Host Frame:  [0x42abaa] in libcusolver.so.11
=========         Host Frame: cusolverDnXsyevd [0x6575b0] in libcusolver.so.11
=========         Host Frame: void single_eig_cusolver<double>(DeviceSolverDnHandle&, SingleEigParameter&, DeviceDenseVector<double>&, DeviceDenseVector<double>&, DeviceDenseVector<double>&, HostDenseVector<double>&, DeviceDenseVector<int>&, int, unsigned long, unsigned long, int, int, unsigned long, unsigned long, int) [0x6588a] in libcuadmm_lib.so
=========         Host Frame: SDPSolver::solve(int, double, int, int, int, int, int, double, double, bool) [0x5b109] in libcuadmm_lib.so
=========         Host Frame: main [0x748b] in cuadmm_exe
========= 
========= Uninitialized __global__ memory read of size 8 bytes
=========     at void epilogue<sytrd_params<double, (int)32, (int)8, (int)512, (int)32, (int)16, (int)1, (int)2>, (int)128, (int)0, (int)1>(int, int, T1::data_type *, int, int, T1::pod_type *, int, T1::pod_type *, int, T1::data_type *, int, T1::data_type *, int, int)+0x3f0
=========     by thread (95,0,0) in block (100,0,0)
=========     Address 0x14b042ec4d98
=========     Saved host backtrace up to driver entry point at kernel launch time
=========         Host Frame: cuLaunchKernel [0x3c965a] in libcuda.so.1
=========         Host Frame:  [0xa24ad5] in libcusolver.so.11
=========         Host Frame:  [0xa8dc5d] in libcusolver.so.11
=========         Host Frame:  [0x40320c] in libcusolver.so.11
=========         Host Frame:  [0x63a139] in libcusolver.so.11
=========         Host Frame:  [0x63fa56] in libcusolver.so.11
=========         Host Frame:  [0x42abaa] in libcusolver.so.11
=========         Host Frame: cusolverDnXsyevd [0x6575b0] in libcusolver.so.11
=========         Host Frame: void single_eig_cusolver<double>(DeviceSolverDnHandle&, SingleEigParameter&, DeviceDenseVector<double>&, DeviceDenseVector<double>&, DeviceDenseVector<double>&, HostDenseVector<double>&, DeviceDenseVector<int>&, int, unsigned long, unsigned long, int, int, unsigned long, unsigned long, int) [0x6588a] in libcuadmm_lib.so
=========         Host Frame: SDPSolver::solve(int, double, int, int, int, int, int, double, double, bool) [0x5b109] in libcuadmm_lib.so
=========         Host Frame: main [0x748b] in cuadmm_exe
========= 
========= Uninitialized __global__ memory read of size 8 bytes
=========     at void epilogue<sytrd_params<double, (int)32, (int)8, (int)512, (int)32, (int)16, (int)1, (int)2>, (int)128, (int)0, (int)1>(int, int, T1::data_type *, int, int, T1::pod_type *, int, T1::pod_type *, int, T1::data_type *, int, T1::data_type *, int, int)+0x3f0
=========     by thread (64,0,0) in block (232,0,0)
=========     Address 0x14b042ec4e68
=========     Saved host backtrace up to driver entry point at kernel launch time
=========         Host Frame: cuLaunchKernel [0x3c965a] in libcuda.so.1
=========         Host Frame:  [0xa24ad5] in libcusolver.so.11
=========         Host Frame:  [0xa8dc5d] in libcusolver.so.11
=========         Host Frame:  [0x40320c] in libcusolver.so.11
=========         Host Frame:  [0x63a139] in libcusolver.so.11
=========         Host Frame:  [0x63fa56] in libcusolver.so.11
=========         Host Frame:  [0x42abaa] in libcusolver.so.11
=========         Host Frame: cusolverDnXsyevd [0x6575b0] in libcusolver.so.11
=========         Host Frame: void single_eig_cusolver<double>(DeviceSolverDnHandle&, SingleEigParameter&, DeviceDenseVector<double>&, DeviceDenseVector<double>&, DeviceDenseVector<double>&, HostDenseVector<double>&, DeviceDenseVector<int>&, int, unsigned long, unsigned long, int, int, unsigned long, unsigned long, int) [0x6588a] in libcuadmm_lib.so
=========         Host Frame: SDPSolver::solve(int, double, int, int, int, int, int, double, double, bool) [0x5b109] in libcuadmm_lib.so
=========         Host Frame: main [0x748b] in cuadmm_exe
========= 
========= Uninitialized __global__ memory read of size 8 bytes
=========     at void epilogue<sytrd_params<double, (int)32, (int)8, (int)512, (int)32, (int)16, (int)1, (int)2>, (int)128, (int)0, (int)1>(int, int, T1::data_type *, int, int, T1::pod_type *, int, T1::pod_type *, int, T1::data_type *, int, T1::data_type *, int, int)+0x3f0
=========     by thread (65,0,0) in block (232,0,0)
=========     Address 0x14b042ec4e68
=========     Saved host backtrace up to driver entry point at kernel launch time
=========         Host Frame: cuLaunchKernel [0x3c965a] in libcuda.so.1
=========         Host Frame:  [0xa24ad5] in libcusolver.so.11
=========         Host Frame:  [0xa8dc5d] in libcusolver.so.11
=========         Host Frame:  [0x40320c] in libcusolver.so.11
=========         Host Frame:  [0x63a139] in libcusolver.so.11
=========         Host Frame:  [0x63fa56] in libcusolver.so.11
=========         Host Frame:  [0x42abaa] in libcusolver.so.11
=========         Host Frame: cusolverDnXsyevd [0x6575b0] in libcusolver.so.11
=========         Host Frame: void single_eig_cusolver<double>(DeviceSolverDnHandle&, SingleEigParameter&, DeviceDenseVector<double>&, DeviceDenseVector<double>&, DeviceDenseVector<double>&, HostDenseVector<double>&, DeviceDenseVector<int>&, int, unsigned long, unsigned long, int, int, unsigned long, unsigned long, int) [0x6588a] in libcuadmm_lib.so
=========         Host Frame: SDPSolver::solve(int, double, int, int, int, int, int, double, double, bool) [0x5b109] in libcuadmm_lib.so
=========         Host Frame: main [0x748b] in cuadmm_exe
========= 
========= Uninitialized __global__ memory read of size 8 bytes
=========     at void epilogue<sytrd_params<double, (int)32, (int)8, (int)512, (int)32, (int)16, (int)1, (int)2>, (int)128, (int)0, (int)1>(int, int, T1::data_type *, int, int, T1::pod_type *, int, T1::pod_type *, int, T1::data_type *, int, T1::data_type *, int, int)+0x3f0
=========     by thread (66,0,0) in block (232,0,0)
=========     Address 0x14b042ec4e68
=========     Saved host backtrace up to driver entry point at kernel launch time
=========         Host Frame: cuLaunchKernel [0x3c965a] in libcuda.so.1
=========         Host Frame:  [0xa24ad5] in libcusolver.so.11
=========         Host Frame:  [0xa8dc5d] in libcusolver.so.11
=========         Host Frame:  [0x40320c] in libcusolver.so.11
=========         Host Frame:  [0x63a139] in libcusolver.so.11
=========         Host Frame:  [0x63fa56] in libcusolver.so.11
=========         Host Frame:  [0x42abaa] in libcusolver.so.11
=========         Host Frame: cusolverDnXsyevd [0x6575b0] in libcusolver.so.11
=========         Host Frame: void single_eig_cusolver<double>(DeviceSolverDnHandle&, SingleEigParameter&, DeviceDenseVector<double>&, DeviceDenseVector<double>&, DeviceDenseVector<double>&, HostDenseVector<double>&, DeviceDenseVector<int>&, int, unsigned long, unsigned long, int, int, unsigned long, unsigned long, int) [0x6588a] in libcuadmm_lib.so
=========         Host Frame: SDPSolver::solve(int, double, int, int, int, int, int, double, double, bool) [0x5b109] in libcuadmm_lib.so
=========         Host Frame: main [0x748b] in cuadmm_exe
========= 
========= Uninitialized __global__ memory read of size 8 bytes
=========     at void epilogue<sytrd_params<double, (int)32, (int)8, (int)512, (int)32, (int)16, (int)1, (int)2>, (int)128, (int)0, (int)1>(int, int, T1::data_type *, int, int, T1::pod_type *, int, T1::pod_type *, int, T1::data_type *, int, T1::data_type *, int, int)+0x3f0
=========     by thread (67,0,0) in block (232,0,0)
=========     Address 0x14b042ec4e68
=========     Saved host backtrace up to driver entry point at kernel launch time
=========         Host Frame: cuLaunchKernel [0x3c965a] in libcuda.so.1
=========         Host Frame:  [0xa24ad5] in libcusolver.so.11
=========         Host Frame:  [0xa8dc5d] in libcusolver.so.11
=========         Host Frame:  [0x40320c] in libcusolver.so.11
=========         Host Frame:  [0x63a139] in libcusolver.so.11
=========         Host Frame:  [0x63fa56] in libcusolver.so.11
=========         Host Frame:  [0x42abaa] in libcusolver.so.11
=========         Host Frame: cusolverDnXsyevd [0x6575b0] in libcusolver.so.11
=========         Host Frame: void single_eig_cusolver<double>(DeviceSolverDnHandle&, SingleEigParameter&, DeviceDenseVector<double>&, DeviceDenseVector<double>&, DeviceDenseVector<double>&, HostDenseVector<double>&, DeviceDenseVector<int>&, int, unsigned long, unsigned long, int, int, unsigned long, unsigned long, int) [0x6588a] in libcuadmm_lib.so
=========         Host Frame: SDPSolver::solve(int, double, int, int, int, int, int, double, double, bool) [0x5b109] in libcuadmm_lib.so
=========         Host Frame: main [0x748b] in cuadmm_exe
========= 
========= Uninitialized __global__ memory read of size 8 bytes
=========     at void epilogue<sytrd_params<double, (int)32, (int)8, (int)512, (int)32, (int)16, (int)1, (int)2>, (int)128, (int)0, (int)1>(int, int, T1::data_type *, int, int, T1::pod_type *, int, T1::pod_type *, int, T1::data_type *, int, T1::data_type *, int, int)+0x3f0
=========     by thread (68,0,0) in block (232,0,0)
=========     Address 0x14b042ec4e68
=========     Saved host backtrace up to driver entry point at kernel launch time
=========         Host Frame: cuLaunchKernel [0x3c965a] in libcuda.so.1
=========         Host Frame:  [0xa24ad5] in libcusolver.so.11
=========         Host Frame:  [0xa8dc5d] in libcusolver.so.11
=========         Host Frame:  [0x40320c] in libcusolver.so.11
=========         Host Frame:  [0x63a139] in libcusolver.so.11
=========         Host Frame:  [0x63fa56] in libcusolver.so.11
=========         Host Frame:  [0x42abaa] in libcusolver.so.11
=========         Host Frame: cusolverDnXsyevd [0x6575b0] in libcusolver.so.11
=========         Host Frame: void single_eig_cusolver<double>(DeviceSolverDnHandle&, SingleEigParameter&, DeviceDenseVector<double>&, DeviceDenseVector<double>&, DeviceDenseVector<double>&, HostDenseVector<double>&, DeviceDenseVector<int>&, int, unsigned long, unsigned long, int, int, unsigned long, unsigned long, int) [0x6588a] in libcuadmm_lib.so
=========         Host Frame: SDPSolver::solve(int, double, int, int, int, int, int, double, double, bool) [0x5b109] in libcuadmm_lib.so
=========         Host Frame: main [0x748b] in cuadmm_exe
========= 
========= Uninitialized __global__ memory read of size 8 bytes
=========     at void epilogue<sytrd_params<double, (int)32, (int)8, (int)512, (int)32, (int)16, (int)1, (int)2>, (int)128, (int)0, (int)1>(int, int, T1::data_type *, int, int, T1::pod_type *, int, T1::pod_type *, int, T1::data_type *, int, T1::data_type *, int, int)+0x3f0
=========     by thread (69,0,0) in block (232,0,0)
=========     Address 0x14b042ec4e68
=========     Saved host backtrace up to driver entry point at kernel launch time
=========         Host Frame: cuLaunchKernel [0x3c965a] in libcuda.so.1
=========         Host Frame:  [0xa24ad5] in libcusolver.so.11
=========         Host Frame:  [0xa8dc5d] in libcusolver.so.11
=========         Host Frame:  [0x40320c] in libcusolver.so.11
=========         Host Frame:  [0x63a139] in libcusolver.so.11
=========         Host Frame:  [0x63fa56] in libcusolver.so.11
=========         Host Frame:  [0x42abaa] in libcusolver.so.11
=========         Host Frame: cusolverDnXsyevd [0x6575b0] in libcusolver.so.11
=========         Host Frame: void single_eig_cusolver<double>(DeviceSolverDnHandle&, SingleEigParameter&, DeviceDenseVector<double>&, DeviceDenseVector<double>&, DeviceDenseVector<double>&, HostDenseVector<double>&, DeviceDenseVector<int>&, int, unsigned long, unsigned long, int, int, unsigned long, unsigned long, int) [0x6588a] in libcuadmm_lib.so
=========         Host Frame: SDPSolver::solve(int, double, int, int, int, int, int, double, double, bool) [0x5b109] in libcuadmm_lib.so
=========         Host Frame: main [0x748b] in cuadmm_exe
========= 
========= Uninitialized __global__ memory read of size 8 bytes
=========     at void epilogue<sytrd_params<double, (int)32, (int)8, (int)512, (int)32, (int)16, (int)1, (int)2>, (int)128, (int)0, (int)1>(int, int, T1::data_type *, int, int, T1::pod_type *, int, T1::pod_type *, int, T1::data_type *, int, T1::data_type *, int, int)+0x3f0
=========     by thread (70,0,0) in block (232,0,0)
=========     Address 0x14b042ec4e68
=========     Saved host backtrace up to driver entry point at kernel launch time
=========         Host Frame: cuLaunchKernel [0x3c965a] in libcuda.so.1
=========         Host Frame:  [0xa24ad5] in libcusolver.so.11
=========         Host Frame:  [0xa8dc5d] in libcusolver.so.11
=========         Host Frame:  [0x40320c] in libcusolver.so.11
=========         Host Frame:  [0x63a139] in libcusolver.so.11
=========         Host Frame:  [0x63fa56] in libcusolver.so.11
=========         Host Frame:  [0x42abaa] in libcusolver.so.11
=========         Host Frame: cusolverDnXsyevd [0x6575b0] in libcusolver.so.11
=========         Host Frame: void single_eig_cusolver<double>(DeviceSolverDnHandle&, SingleEigParameter&, DeviceDenseVector<double>&, DeviceDenseVector<double>&, DeviceDenseVector<double>&, HostDenseVector<double>&, DeviceDenseVector<int>&, int, unsigned long, unsigned long, int, int, unsigned long, unsigned long, int) [0x6588a] in libcuadmm_lib.so
=========         Host Frame: SDPSolver::solve(int, double, int, int, int, int, int, double, double, bool) [0x5b109] in libcuadmm_lib.so
=========         Host Frame: main [0x748b] in cuadmm_exe
========= 
========= Uninitialized __global__ memory read of size 8 bytes
=========     at void epilogue<sytrd_params<double, (int)32, (int)8, (int)512, (int)32, (int)16, (int)1, (int)2>, (int)128, (int)0, (int)1>(int, int, T1::data_type *, int, int, T1::pod_type *, int, T1::pod_type *, int, T1::data_type *, int, T1::data_type *, int, int)+0x3f0
=========     by thread (71,0,0) in block (232,0,0)
=========     Address 0x14b042ec4e68
=========     Saved host backtrace up to driver entry point at kernel launch time
=========         Host Frame: cuLaunchKernel [0x3c965a] in libcuda.so.1
=========         Host Frame:  [0xa24ad5] in libcusolver.so.11
=========         Host Frame:  [0xa8dc5d] in libcusolver.so.11
=========         Host Frame:  [0x40320c] in libcusolver.so.11
=========         Host Frame:  [0x63a139] in libcusolver.so.11
=========         Host Frame:  [0x63fa56] in libcusolver.so.11
=========         Host Frame:  [0x42abaa] in libcusolver.so.11
=========         Host Frame: cusolverDnXsyevd [0x6575b0] in libcusolver.so.11
=========         Host Frame: void single_eig_cusolver<double>(DeviceSolverDnHandle&, SingleEigParameter&, DeviceDenseVector<double>&, DeviceDenseVector<double>&, DeviceDenseVector<double>&, HostDenseVector<double>&, DeviceDenseVector<int>&, int, unsigned long, unsigned long, int, int, unsigned long, unsigned long, int) [0x6588a] in libcuadmm_lib.so
=========         Host Frame: SDPSolver::solve(int, double, int, int, int, int, int, double, double, bool) [0x5b109] in libcuadmm_lib.so
=========         Host Frame: main [0x748b] in cuadmm_exe
========= 
========= Uninitialized __global__ memory read of size 8 bytes
=========     at void epilogue<sytrd_params<double, (int)32, (int)8, (int)512, (int)32, (int)16, (int)1, (int)2>, (int)128, (int)0, (int)1>(int, int, T1::data_type *, int, int, T1::pod_type *, int, T1::pod_type *, int, T1::data_type *, int, T1::data_type *, int, int)+0x3f0
=========     by thread (72,0,0) in block (232,0,0)
=========     Address 0x14b042ec4e68
=========     Saved host backtrace up to driver entry point at kernel launch time
=========         Host Frame: cuLaunchKernel [0x3c965a] in libcuda.so.1
=========         Host Frame:  [0xa24ad5] in libcusolver.so.11
=========         Host Frame:  [0xa8dc5d] in libcusolver.so.11
=========         Host Frame:  [0x40320c] in libcusolver.so.11
=========         Host Frame:  [0x63a139] in libcusolver.so.11
=========         Host Frame:  [0x63fa56] in libcusolver.so.11
=========         Host Frame:  [0x42abaa] in libcusolver.so.11
=========         Host Frame: cusolverDnXsyevd [0x6575b0] in libcusolver.so.11
=========         Host Frame: void single_eig_cusolver<double>(DeviceSolverDnHandle&, SingleEigParameter&, DeviceDenseVector<double>&, DeviceDenseVector<double>&, DeviceDenseVector<double>&, HostDenseVector<double>&, DeviceDenseVector<int>&, int, unsigned long, unsigned long, int, int, unsigned long, unsigned long, int) [0x6588a] in libcuadmm_lib.so
=========         Host Frame: SDPSolver::solve(int, double, int, int, int, int, int, double, double, bool) [0x5b109] in libcuadmm_lib.so
=========         Host Frame: main [0x748b] in cuadmm_exe
========= 
========= Uninitialized __global__ memory read of size 8 bytes
=========     at void epilogue<sytrd_params<double, (int)32, (int)8, (int)512, (int)32, (int)16, (int)1, (int)2>, (int)128, (int)0, (int)1>(int, int, T1::data_type *, int, int, T1::pod_type *, int, T1::pod_type *, int, T1::data_type *, int, T1::data_type *, int, int)+0x3f0
=========     by thread (73,0,0) in block (232,0,0)
=========     Address 0x14b042ec4e68
=========     Saved host backtrace up to driver entry point at kernel launch time
=========         Host Frame: cuLaunchKernel [0x3c965a] in libcuda.so.1
=========         Host Frame:  [0xa24ad5] in libcusolver.so.11
=========         Host Frame:  [0xa8dc5d] in libcusolver.so.11
=========         Host Frame:  [0x40320c] in libcusolver.so.11
=========         Host Frame:  [0x63a139] in libcusolver.so.11
=========         Host Frame:  [0x63fa56] in libcusolver.so.11
=========         Host Frame:  [0x42abaa] in libcusolver.so.11
=========         Host Frame: cusolverDnXsyevd [0x6575b0] in libcusolver.so.11
=========         Host Frame: void single_eig_cusolver<double>(DeviceSolverDnHandle&, SingleEigParameter&, DeviceDenseVector<double>&, DeviceDenseVector<double>&, DeviceDenseVector<double>&, HostDenseVector<double>&, DeviceDenseVector<int>&, int, unsigned long, unsigned long, int, int, unsigned long, unsigned long, int) [0x6588a] in libcuadmm_lib.so
=========         Host Frame: SDPSolver::solve(int, double, int, int, int, int, int, double, double, bool) [0x5b109] in libcuadmm_lib.so
=========         Host Frame: main [0x748b] in cuadmm_exe
========= 
========= Uninitialized __global__ memory read of size 8 bytes
=========     at void epilogue<sytrd_params<double, (int)32, (int)8, (int)512, (int)32, (int)16, (int)1, (int)2>, (int)128, (int)0, (int)1>(int, int, T1::data_type *, int, int, T1::pod_type *, int, T1::pod_type *, int, T1::data_type *, int, T1::data_type *, int, int)+0x3f0
=========     by thread (74,0,0) in block (232,0,0)
=========     Address 0x14b042ec4e68
=========     Saved host backtrace up to driver entry point at kernel launch time
=========         Host Frame: cuLaunchKernel [0x3c965a] in libcuda.so.1
=========         Host Frame:  [0xa24ad5] in libcusolver.so.11
=========         Host Frame:  [0xa8dc5d] in libcusolver.so.11
=========         Host Frame:  [0x40320c] in libcusolver.so.11
=========         Host Frame:  [0x63a139] in libcusolver.so.11
=========         Host Frame:  [0x63fa56] in libcusolver.so.11
=========         Host Frame:  [0x42abaa] in libcusolver.so.11
=========         Host Frame: cusolverDnXsyevd [0x6575b0] in libcusolver.so.11
=========         Host Frame: void single_eig_cusolver<double>(DeviceSolverDnHandle&, SingleEigParameter&, DeviceDenseVector<double>&, DeviceDenseVector<double>&, DeviceDenseVector<double>&, HostDenseVector<double>&, DeviceDenseVector<int>&, int, unsigned long, unsigned long, int, int, unsigned long, unsigned long, int) [0x6588a] in libcuadmm_lib.so
=========         Host Frame: SDPSolver::solve(int, double, int, int, int, int, int, double, double, bool) [0x5b109] in libcuadmm_lib.so
=========         Host Frame: main [0x748b] in cuadmm_exe
========= 
========= Uninitialized __global__ memory read of size 8 bytes
=========     at void epilogue<sytrd_params<double, (int)32, (int)8, (int)512, (int)32, (int)16, (int)1, (int)2>, (int)128, (int)0, (int)1>(int, int, T1::data_type *, int, int, T1::pod_type *, int, T1::pod_type *, int, T1::data_type *, int, T1::data_type *, int, int)+0x3f0
=========     by thread (75,0,0) in block (232,0,0)
=========     Address 0x14b042ec4e68
=========     Saved host backtrace up to driver entry point at kernel launch time
=========         Host Frame: cuLaunchKernel [0x3c965a] in libcuda.so.1
=========         Host Frame:  [0xa24ad5] in libcusolver.so.11
=========         Host Frame:  [0xa8dc5d] in libcusolver.so.11
=========         Host Frame:  [0x40320c] in libcusolver.so.11
=========         Host Frame:  [0x63a139] in libcusolver.so.11
=========         Host Frame:  [0x63fa56] in libcusolver.so.11
=========         Host Frame:  [0x42abaa] in libcusolver.so.11
=========         Host Frame: cusolverDnXsyevd [0x6575b0] in libcusolver.so.11
=========         Host Frame: void single_eig_cusolver<double>(DeviceSolverDnHandle&, SingleEigParameter&, DeviceDenseVector<double>&, DeviceDenseVector<double>&, DeviceDenseVector<double>&, HostDenseVector<double>&, DeviceDenseVector<int>&, int, unsigned long, unsigned long, int, int, unsigned long, unsigned long, int) [0x6588a] in libcuadmm_lib.so
=========         Host Frame: SDPSolver::solve(int, double, int, int, int, int, int, double, double, bool) [0x5b109] in libcuadmm_lib.so
=========         Host Frame: main [0x748b] in cuadmm_exe
========= 
========= Uninitialized __global__ memory read of size 8 bytes
=========     at void epilogue<sytrd_params<double, (int)32, (int)8, (int)512, (int)32, (int)16, (int)1, (int)2>, (int)128, (int)0, (int)1>(int, int, T1::data_type *, int, int, T1::pod_type *, int, T1::pod_type *, int, T1::data_type *, int, T1::data_type *, int, int)+0x3f0
=========     by thread (76,0,0) in block (232,0,0)
=========     Address 0x14b042ec4e68
=========     Saved host backtrace up to driver entry point at kernel launch time
=========         Host Frame: cuLaunchKernel [0x3c965a] in libcuda.so.1
=========         Host Frame:  [0xa24ad5] in libcusolver.so.11
=========         Host Frame:  [0xa8dc5d] in libcusolver.so.11
=========         Host Frame:  [0x40320c] in libcusolver.so.11
=========         Host Frame:  [0x63a139] in libcusolver.so.11
=========         Host Frame:  [0x63fa56] in libcusolver.so.11
=========         Host Frame:  [0x42abaa] in libcusolver.so.11
=========         Host Frame: cusolverDnXsyevd [0x6575b0] in libcusolver.so.11
=========         Host Frame: void single_eig_cusolver<double>(DeviceSolverDnHandle&, SingleEigParameter&, DeviceDenseVector<double>&, DeviceDenseVector<double>&, DeviceDenseVector<double>&, HostDenseVector<double>&, DeviceDenseVector<int>&, int, unsigned long, unsigned long, int, int, unsigned long, unsigned long, int) [0x6588a] in libcuadmm_lib.so
=========         Host Frame: SDPSolver::solve(int, double, int, int, int, int, int, double, double, bool) [0x5b109] in libcuadmm_lib.so
=========         Host Frame: main [0x748b] in cuadmm_exe
========= 
========= Uninitialized __global__ memory read of size 8 bytes
=========     at void epilogue<sytrd_params<double, (int)32, (int)8, (int)512, (int)32, (int)16, (int)1, (int)2>, (int)128, (int)0, (int)1>(int, int, T1::data_type *, int, int, T1::pod_type *, int, T1::pod_type *, int, T1::data_type *, int, T1::data_type *, int, int)+0x3f0
=========     by thread (77,0,0) in block (232,0,0)
=========     Address 0x14b042ec4e68
=========     Saved host backtrace up to driver entry point at kernel launch time
=========         Host Frame: cuLaunchKernel [0x3c965a] in libcuda.so.1
=========         Host Frame:  [0xa24ad5] in libcusolver.so.11
=========         Host Frame:  [0xa8dc5d] in libcusolver.so.11
=========         Host Frame:  [0x40320c] in libcusolver.so.11
=========         Host Frame:  [0x63a139] in libcusolver.so.11
=========         Host Frame:  [0x63fa56] in libcusolver.so.11
=========         Host Frame:  [0x42abaa] in libcusolver.so.11
=========         Host Frame: cusolverDnXsyevd [0x6575b0] in libcusolver.so.11
=========         Host Frame: void single_eig_cusolver<double>(DeviceSolverDnHandle&, SingleEigParameter&, DeviceDenseVector<double>&, DeviceDenseVector<double>&, DeviceDenseVector<double>&, HostDenseVector<double>&, DeviceDenseVector<int>&, int, unsigned long, unsigned long, int, int, unsigned long, unsigned long, int) [0x6588a] in libcuadmm_lib.so
=========         Host Frame: SDPSolver::solve(int, double, int, int, int, int, int, double, double, bool) [0x5b109] in libcuadmm_lib.so
=========         Host Frame: main [0x748b] in cuadmm_exe
========= 
========= Uninitialized __global__ memory read of size 8 bytes
=========     at void epilogue<sytrd_params<double, (int)32, (int)8, (int)512, (int)32, (int)16, (int)1, (int)2>, (int)128, (int)0, (int)1>(int, int, T1::data_type *, int, int, T1::pod_type *, int, T1::pod_type *, int, T1::data_type *, int, T1::data_type *, int, int)+0x3f0
=========     by thread (78,0,0) in block (232,0,0)
=========     Address 0x14b042ec4e68
=========     Saved host backtrace up to driver entry point at kernel launch time
=========         Host Frame: cuLaunchKernel [0x3c965a] in libcuda.so.1
=========         Host Frame:  [0xa24ad5] in libcusolver.so.11
=========         Host Frame:  [0xa8dc5d] in libcusolver.so.11
=========         Host Frame:  [0x40320c] in libcusolver.so.11
=========         Host Frame:  [0x63a139] in libcusolver.so.11
=========         Host Frame:  [0x63fa56] in libcusolver.so.11
=========         Host Frame:  [0x42abaa] in libcusolver.so.11
=========         Host Frame: cusolverDnXsyevd [0x6575b0] in libcusolver.so.11
=========         Host Frame: void single_eig_cusolver<double>(DeviceSolverDnHandle&, SingleEigParameter&, DeviceDenseVector<double>&, DeviceDenseVector<double>&, DeviceDenseVector<double>&, HostDenseVector<double>&, DeviceDenseVector<int>&, int, unsigned long, unsigned long, int, int, unsigned long, unsigned long, int) [0x6588a] in libcuadmm_lib.so
=========         Host Frame: SDPSolver::solve(int, double, int, int, int, int, int, double, double, bool) [0x5b109] in libcuadmm_lib.so
=========         Host Frame: main [0x748b] in cuadmm_exe
========= 
========= Uninitialized __global__ memory read of size 8 bytes
=========     at void epilogue<sytrd_params<double, (int)32, (int)8, (int)512, (int)32, (int)16, (int)1, (int)2>, (int)128, (int)0, (int)1>(int, int, T1::data_type *, int, int, T1::pod_type *, int, T1::pod_type *, int, T1::data_type *, int, T1::data_type *, int, int)+0x3f0
=========     by thread (79,0,0) in block (232,0,0)
=========     Address 0x14b042ec4e68
=========     Saved host backtrace up to driver entry point at kernel launch time
=========         Host Frame: cuLaunchKernel [0x3c965a] in libcuda.so.1
=========         Host Frame:  [0xa24ad5] in libcusolver.so.11
=========         Host Frame:  [0xa8dc5d] in libcusolver.so.11
=========         Host Frame:  [0x40320c] in libcusolver.so.11
=========         Host Frame:  [0x63a139] in libcusolver.so.11
=========         Host Frame:  [0x63fa56] in libcusolver.so.11
=========         Host Frame:  [0x42abaa] in libcusolver.so.11
=========         Host Frame: cusolverDnXsyevd [0x6575b0] in libcusolver.so.11
=========         Host Frame: void single_eig_cusolver<double>(DeviceSolverDnHandle&, SingleEigParameter&, DeviceDenseVector<double>&, DeviceDenseVector<double>&, DeviceDenseVector<double>&, HostDenseVector<double>&, DeviceDenseVector<int>&, int, unsigned long, unsigned long, int, int, unsigned long, unsigned long, int) [0x6588a] in libcuadmm_lib.so
=========         Host Frame: SDPSolver::solve(int, double, int, int, int, int, int, double, double, bool) [0x5b109] in libcuadmm_lib.so
=========         Host Frame: main [0x748b] in cuadmm_exe
========= 
========= Uninitialized __global__ memory read of size 8 bytes
=========     at void epilogue<sytrd_params<double, (int)32, (int)8, (int)512, (int)32, (int)16, (int)1, (int)2>, (int)128, (int)0, (int)1>(int, int, T1::data_type *, int, int, T1::pod_type *, int, T1::pod_type *, int, T1::data_type *, int, T1::data_type *, int, int)+0x3f0
=========     by thread (80,0,0) in block (232,0,0)
=========     Address 0x14b042ec4e68
=========     Saved host backtrace up to driver entry point at kernel launch time
=========         Host Frame: cuLaunchKernel [0x3c965a] in libcuda.so.1
=========         Host Frame:  [0xa24ad5] in libcusolver.so.11
=========         Host Frame:  [0xa8dc5d] in libcusolver.so.11
=========         Host Frame:  [0x40320c] in libcusolver.so.11
=========         Host Frame:  [0x63a139] in libcusolver.so.11
=========         Host Frame:  [0x63fa56] in libcusolver.so.11
=========         Host Frame:  [0x42abaa] in libcusolver.so.11
=========         Host Frame: cusolverDnXsyevd [0x6575b0] in libcusolver.so.11
=========         Host Frame: void single_eig_cusolver<double>(DeviceSolverDnHandle&, SingleEigParameter&, DeviceDenseVector<double>&, DeviceDenseVector<double>&, DeviceDenseVector<double>&, HostDenseVector<double>&, DeviceDenseVector<int>&, int, unsigned long, unsigned long, int, int, unsigned long, unsigned long, int) [0x6588a] in libcuadmm_lib.so
=========         Host Frame: SDPSolver::solve(int, double, int, int, int, int, int, double, double, bool) [0x5b109] in libcuadmm_lib.so
=========         Host Frame: main [0x748b] in cuadmm_exe
========= 
========= Uninitialized __global__ memory read of size 8 bytes
=========     at void epilogue<sytrd_params<double, (int)32, (int)8, (int)512, (int)32, (int)16, (int)1, (int)2>, (int)128, (int)0, (int)1>(int, int, T1::data_type *, int, int, T1::pod_type *, int, T1::pod_type *, int, T1::data_type *, int, T1::data_type *, int, int)+0x3f0
=========     by thread (81,0,0) in block (232,0,0)
=========     Address 0x14b042ec4e68
=========     Saved host backtrace up to driver entry point at kernel launch time
=========         Host Frame: cuLaunchKernel [0x3c965a] in libcuda.so.1
=========         Host Frame:  [0xa24ad5] in libcusolver.so.11
=========         Host Frame:  [0xa8dc5d] in libcusolver.so.11
=========         Host Frame:  [0x40320c] in libcusolver.so.11
=========         Host Frame:  [0x63a139] in libcusolver.so.11
=========         Host Frame:  [0x63fa56] in libcusolver.so.11
=========         Host Frame:  [0x42abaa] in libcusolver.so.11
=========         Host Frame: cusolverDnXsyevd [0x6575b0] in libcusolver.so.11
=========         Host Frame: void single_eig_cusolver<double>(DeviceSolverDnHandle&, SingleEigParameter&, DeviceDenseVector<double>&, DeviceDenseVector<double>&, DeviceDenseVector<double>&, HostDenseVector<double>&, DeviceDenseVector<int>&, int, unsigned long, unsigned long, int, int, unsigned long, unsigned long, int) [0x6588a] in libcuadmm_lib.so
=========         Host Frame: SDPSolver::solve(int, double, int, int, int, int, int, double, double, bool) [0x5b109] in libcuadmm_lib.so
=========         Host Frame: main [0x748b] in cuadmm_exe
========= 
========= Uninitialized __global__ memory read of size 8 bytes
=========     at void epilogue<sytrd_params<double, (int)32, (int)8, (int)512, (int)32, (int)16, (int)1, (int)2>, (int)128, (int)0, (int)1>(int, int, T1::data_type *, int, int, T1::pod_type *, int, T1::pod_type *, int, T1::data_type *, int, T1::data_type *, int, int)+0x3f0
=========     by thread (82,0,0) in block (232,0,0)
=========     Address 0x14b042ec4e68
=========     Saved host backtrace up to driver entry point at kernel launch time
=========         Host Frame: cuLaunchKernel [0x3c965a] in libcuda.so.1
=========         Host Frame:  [0xa24ad5] in libcusolver.so.11
=========         Host Frame:  [0xa8dc5d] in libcusolver.so.11
=========         Host Frame:  [0x40320c] in libcusolver.so.11
=========         Host Frame:  [0x63a139] in libcusolver.so.11
=========         Host Frame:  [0x63fa56] in libcusolver.so.11
=========         Host Frame:  [0x42abaa] in libcusolver.so.11
=========         Host Frame: cusolverDnXsyevd [0x6575b0] in libcusolver.so.11
=========         Host Frame: void single_eig_cusolver<double>(DeviceSolverDnHandle&, SingleEigParameter&, DeviceDenseVector<double>&, DeviceDenseVector<double>&, DeviceDenseVector<double>&, HostDenseVector<double>&, DeviceDenseVector<int>&, int, unsigned long, unsigned long, int, int, unsigned long, unsigned long, int) [0x6588a] in libcuadmm_lib.so
=========         Host Frame: SDPSolver::solve(int, double, int, int, int, int, int, double, double, bool) [0x5b109] in libcuadmm_lib.so
=========         Host Frame: main [0x748b] in cuadmm_exe
========= 
========= Uninitialized __global__ memory read of size 8 bytes
=========     at void epilogue<sytrd_params<double, (int)32, (int)8, (int)512, (int)32, (int)16, (int)1, (int)2>, (int)128, (int)0, (int)1>(int, int, T1::data_type *, int, int, T1::pod_type *, int, T1::pod_type *, int, T1::data_type *, int, T1::data_type *, int, int)+0x3f0
=========     by thread (83,0,0) in block (232,0,0)
=========     Address 0x14b042ec4e68
=========     Saved host backtrace up to driver entry point at kernel launch time
=========         Host Frame: cuLaunchKernel [0x3c965a] in libcuda.so.1
=========         Host Frame:  [0xa24ad5] in libcusolver.so.11
=========         Host Frame:  [0xa8dc5d] in libcusolver.so.11
=========         Host Frame:  [0x40320c] in libcusolver.so.11
=========         Host Frame:  [0x63a139] in libcusolver.so.11
=========         Host Frame:  [0x63fa56] in libcusolver.so.11
=========         Host Frame:  [0x42abaa] in libcusolver.so.11
=========         Host Frame: cusolverDnXsyevd [0x6575b0] in libcusolver.so.11
=========         Host Frame: void single_eig_cusolver<double>(DeviceSolverDnHandle&, SingleEigParameter&, DeviceDenseVector<double>&, DeviceDenseVector<double>&, DeviceDenseVector<double>&, HostDenseVector<double>&, DeviceDenseVector<int>&, int, unsigned long, unsigned long, int, int, unsigned long, unsigned long, int) [0x6588a] in libcuadmm_lib.so
=========         Host Frame: SDPSolver::solve(int, double, int, int, int, int, int, double, double, bool) [0x5b109] in libcuadmm_lib.so
=========         Host Frame: main [0x748b] in cuadmm_exe
========= 
========= Uninitialized __global__ memory read of size 8 bytes
=========     at void epilogue<sytrd_params<double, (int)32, (int)8, (int)512, (int)32, (int)16, (int)1, (int)2>, (int)128, (int)0, (int)1>(int, int, T1::data_type *, int, int, T1::pod_type *, int, T1::pod_type *, int, T1::data_type *, int, T1::data_type *, int, int)+0x3f0
=========     by thread (84,0,0) in block (232,0,0)
=========     Address 0x14b042ec4e68
=========     Saved host backtrace up to driver entry point at kernel launch time
=========         Host Frame: cuLaunchKernel [0x3c965a] in libcuda.so.1
=========         Host Frame:  [0xa24ad5] in libcusolver.so.11
=========         Host Frame:  [0xa8dc5d] in libcusolver.so.11
=========         Host Frame:  [0x40320c] in libcusolver.so.11
=========         Host Frame:  [0x63a139] in libcusolver.so.11
=========         Host Frame:  [0x63fa56] in libcusolver.so.11
=========         Host Frame:  [0x42abaa] in libcusolver.so.11
=========         Host Frame: cusolverDnXsyevd [0x6575b0] in libcusolver.so.11
=========         Host Frame: void single_eig_cusolver<double>(DeviceSolverDnHandle&, SingleEigParameter&, DeviceDenseVector<double>&, DeviceDenseVector<double>&, DeviceDenseVector<double>&, HostDenseVector<double>&, DeviceDenseVector<int>&, int, unsigned long, unsigned long, int, int, unsigned long, unsigned long, int) [0x6588a] in libcuadmm_lib.so
=========         Host Frame: SDPSolver::solve(int, double, int, int, int, int, int, double, double, bool) [0x5b109] in libcuadmm_lib.so
=========         Host Frame: main [0x748b] in cuadmm_exe
========= 
========= Uninitialized __global__ memory read of size 8 bytes
=========     at void epilogue<sytrd_params<double, (int)32, (int)8, (int)512, (int)32, (int)16, (int)1, (int)2>, (int)128, (int)0, (int)1>(int, int, T1::data_type *, int, int, T1::pod_type *, int, T1::pod_type *, int, T1::data_type *, int, T1::data_type *, int, int)+0x3f0
=========     by thread (85,0,0) in block (232,0,0)
=========     Address 0x14b042ec4e68
=========     Saved host backtrace up to driver entry point at kernel launch time
=========         Host Frame: cuLaunchKernel [0x3c965a] in libcuda.so.1
=========         Host Frame:  [0xa24ad5] in libcusolver.so.11
=========         Host Frame:  [0xa8dc5d] in libcusolver.so.11
=========         Host Frame:  [0x40320c] in libcusolver.so.11
=========         Host Frame:  [0x63a139] in libcusolver.so.11
=========         Host Frame:  [0x63fa56] in libcusolver.so.11
=========         Host Frame:  [0x42abaa] in libcusolver.so.11
=========         Host Frame: cusolverDnXsyevd [0x6575b0] in libcusolver.so.11
=========         Host Frame: void single_eig_cusolver<double>(DeviceSolverDnHandle&, SingleEigParameter&, DeviceDenseVector<double>&, DeviceDenseVector<double>&, DeviceDenseVector<double>&, HostDenseVector<double>&, DeviceDenseVector<int>&, int, unsigned long, unsigned long, int, int, unsigned long, unsigned long, int) [0x6588a] in libcuadmm_lib.so
=========         Host Frame: SDPSolver::solve(int, double, int, int, int, int, int, double, double, bool) [0x5b109] in libcuadmm_lib.so
=========         Host Frame: main [0x748b] in cuadmm_exe
========= 
========= Uninitialized __global__ memory read of size 8 bytes
=========     at void epilogue<sytrd_params<double, (int)32, (int)8, (int)512, (int)32, (int)16, (int)1, (int)2>, (int)128, (int)0, (int)1>(int, int, T1::data_type *, int, int, T1::pod_type *, int, T1::pod_type *, int, T1::data_type *, int, T1::data_type *, int, int)+0x3f0
=========     by thread (86,0,0) in block (232,0,0)
=========     Address 0x14b042ec4e68
=========     Saved host backtrace up to driver entry point at kernel launch time
=========         Host Frame: cuLaunchKernel [0x3c965a] in libcuda.so.1
=========         Host Frame:  [0xa24ad5] in libcusolver.so.11
=========         Host Frame:  [0xa8dc5d] in libcusolver.so.11
=========         Host Frame:  [0x40320c] in libcusolver.so.11
=========         Host Frame:  [0x63a139] in libcusolver.so.11
=========         Host Frame:  [0x63fa56] in libcusolver.so.11
=========         Host Frame:  [0x42abaa] in libcusolver.so.11
=========         Host Frame: cusolverDnXsyevd [0x6575b0] in libcusolver.so.11
=========         Host Frame: void single_eig_cusolver<double>(DeviceSolverDnHandle&, SingleEigParameter&, DeviceDenseVector<double>&, DeviceDenseVector<double>&, DeviceDenseVector<double>&, HostDenseVector<double>&, DeviceDenseVector<int>&, int, unsigned long, unsigned long, int, int, unsigned long, unsigned long, int) [0x6588a] in libcuadmm_lib.so
=========         Host Frame: SDPSolver::solve(int, double, int, int, int, int, int, double, double, bool) [0x5b109] in libcuadmm_lib.so
=========         Host Frame: main [0x748b] in cuadmm_exe
========= 
========= Uninitialized __global__ memory read of size 8 bytes
=========     at void epilogue<sytrd_params<double, (int)32, (int)8, (int)512, (int)32, (int)16, (int)1, (int)2>, (int)128, (int)0, (int)1>(int, int, T1::data_type *, int, int, T1::pod_type *, int, T1::pod_type *, int, T1::data_type *, int, T1::data_type *, int, int)+0x3f0
=========     by thread (87,0,0) in block (232,0,0)
=========     Address 0x14b042ec4e68
=========     Saved host backtrace up to driver entry point at kernel launch time
=========         Host Frame: cuLaunchKernel [0x3c965a] in libcuda.so.1
=========         Host Frame:  [0xa24ad5] in libcusolver.so.11
=========         Host Frame:  [0xa8dc5d] in libcusolver.so.11
=========         Host Frame:  [0x40320c] in libcusolver.so.11
=========         Host Frame:  [0x63a139] in libcusolver.so.11
=========         Host Frame:  [0x63fa56] in libcusolver.so.11
=========         Host Frame:  [0x42abaa] in libcusolver.so.11
=========         Host Frame: cusolverDnXsyevd [0x6575b0] in libcusolver.so.11
=========         Host Frame: void single_eig_cusolver<double>(DeviceSolverDnHandle&, SingleEigParameter&, DeviceDenseVector<double>&, DeviceDenseVector<double>&, DeviceDenseVector<double>&, HostDenseVector<double>&, DeviceDenseVector<int>&, int, unsigned long, unsigned long, int, int, unsigned long, unsigned long, int) [0x6588a] in libcuadmm_lib.so
=========         Host Frame: SDPSolver::solve(int, double, int, int, int, int, int, double, double, bool) [0x5b109] in libcuadmm_lib.so
=========         Host Frame: main [0x748b] in cuadmm_exe
========= 
========= Uninitialized __global__ memory read of size 8 bytes
=========     at void epilogue<sytrd_params<double, (int)32, (int)8, (int)512, (int)32, (int)16, (int)1, (int)2>, (int)128, (int)0, (int)1>(int, int, T1::data_type *, int, int, T1::pod_type *, int, T1::pod_type *, int, T1::data_type *, int, T1::data_type *, int, int)+0x3f0
=========     by thread (88,0,0) in block (232,0,0)
=========     Address 0x14b042ec4e68
=========     Saved host backtrace up to driver entry point at kernel launch time
=========         Host Frame: cuLaunchKernel [0x3c965a] in libcuda.so.1
=========         Host Frame:  [0xa24ad5] in libcusolver.so.11
=========         Host Frame:  [0xa8dc5d] in libcusolver.so.11
=========         Host Frame:  [0x40320c] in libcusolver.so.11
=========         Host Frame:  [0x63a139] in libcusolver.so.11
=========         Host Frame:  [0x63fa56] in libcusolver.so.11
=========         Host Frame:  [0x42abaa] in libcusolver.so.11
=========         Host Frame: cusolverDnXsyevd [0x6575b0] in libcusolver.so.11
=========         Host Frame: void single_eig_cusolver<double>(DeviceSolverDnHandle&, SingleEigParameter&, DeviceDenseVector<double>&, DeviceDenseVector<double>&, DeviceDenseVector<double>&, HostDenseVector<double>&, DeviceDenseVector<int>&, int, unsigned long, unsigned long, int, int, unsigned long, unsigned long, int) [0x6588a] in libcuadmm_lib.so
=========         Host Frame: SDPSolver::solve(int, double, int, int, int, int, int, double, double, bool) [0x5b109] in libcuadmm_lib.so
=========         Host Frame: main [0x748b] in cuadmm_exe
========= 
========= Uninitialized __global__ memory read of size 8 bytes
=========     at void epilogue<sytrd_params<double, (int)32, (int)8, (int)512, (int)32, (int)16, (int)1, (int)2>, (int)128, (int)0, (int)1>(int, int, T1::data_type *, int, int, T1::pod_type *, int, T1::pod_type *, int, T1::data_type *, int, T1::data_type *, int, int)+0x3f0
=========     by thread (89,0,0) in block (232,0,0)
=========     Address 0x14b042ec4e68
=========     Saved host backtrace up to driver entry point at kernel launch time
=========         Host Frame: cuLaunchKernel [0x3c965a] in libcuda.so.1
=========         Host Frame:  [0xa24ad5] in libcusolver.so.11
=========         Host Frame:  [0xa8dc5d] in libcusolver.so.11
=========         Host Frame:  [0x40320c] in libcusolver.so.11
=========         Host Frame:  [0x63a139] in libcusolver.so.11
=========         Host Frame:  [0x63fa56] in libcusolver.so.11
=========         Host Frame:  [0x42abaa] in libcusolver.so.11
=========         Host Frame: cusolverDnXsyevd [0x6575b0] in libcusolver.so.11
=========         Host Frame: void single_eig_cusolver<double>(DeviceSolverDnHandle&, SingleEigParameter&, DeviceDenseVector<double>&, DeviceDenseVector<double>&, DeviceDenseVector<double>&, HostDenseVector<double>&, DeviceDenseVector<int>&, int, unsigned long, unsigned long, int, int, unsigned long, unsigned long, int) [0x6588a] in libcuadmm_lib.so
=========         Host Frame: SDPSolver::solve(int, double, int, int, int, int, int, double, double, bool) [0x5b109] in libcuadmm_lib.so
=========         Host Frame: main [0x748b] in cuadmm_exe
========= 
========= Uninitialized __global__ memory read of size 8 bytes
=========     at void epilogue<sytrd_params<double, (int)32, (int)8, (int)512, (int)32, (int)16, (int)1, (int)2>, (int)128, (int)0, (int)1>(int, int, T1::data_type *, int, int, T1::pod_type *, int, T1::pod_type *, int, T1::data_type *, int, T1::data_type *, int, int)+0x3f0
=========     by thread (90,0,0) in block (232,0,0)
=========     Address 0x14b042ec4e68
=========     Saved host backtrace up to driver entry point at kernel launch time
=========         Host Frame: cuLaunchKernel [0x3c965a] in libcuda.so.1
=========         Host Frame:  [0xa24ad5] in libcusolver.so.11
=========         Host Frame:  [0xa8dc5d] in libcusolver.so.11
=========         Host Frame:  [0x40320c] in libcusolver.so.11
=========         Host Frame:  [0x63a139] in libcusolver.so.11
=========         Host Frame:  [0x63fa56] in libcusolver.so.11
=========         Host Frame:  [0x42abaa] in libcusolver.so.11
=========         Host Frame: cusolverDnXsyevd [0x6575b0] in libcusolver.so.11
=========         Host Frame: void single_eig_cusolver<double>(DeviceSolverDnHandle&, SingleEigParameter&, DeviceDenseVector<double>&, DeviceDenseVector<double>&, DeviceDenseVector<double>&, HostDenseVector<double>&, DeviceDenseVector<int>&, int, unsigned long, unsigned long, int, int, unsigned long, unsigned long, int) [0x6588a] in libcuadmm_lib.so
=========         Host Frame: SDPSolver::solve(int, double, int, int, int, int, int, double, double, bool) [0x5b109] in libcuadmm_lib.so
=========         Host Frame: main [0x748b] in cuadmm_exe
========= 
========= Uninitialized __global__ memory read of size 8 bytes
=========     at void epilogue<sytrd_params<double, (int)32, (int)8, (int)512, (int)32, (int)16, (int)1, (int)2>, (int)128, (int)0, (int)1>(int, int, T1::data_type *, int, int, T1::pod_type *, int, T1::pod_type *, int, T1::data_type *, int, T1::data_type *, int, int)+0x3f0
=========     by thread (91,0,0) in block (232,0,0)
=========     Address 0x14b042ec4e68
=========     Saved host backtrace up to driver entry point at kernel launch time
=========         Host Frame: cuLaunchKernel [0x3c965a] in libcuda.so.1
=========         Host Frame:  [0xa24ad5] in libcusolver.so.11
=========         Host Frame:  [0xa8dc5d] in libcusolver.so.11
=========         Host Frame:  [0x40320c] in libcusolver.so.11
=========         Host Frame:  [0x63a139] in libcusolver.so.11
=========         Host Frame:  [0x63fa56] in libcusolver.so.11
=========         Host Frame:  [0x42abaa] in libcusolver.so.11
=========         Host Frame: cusolverDnXsyevd [0x6575b0] in libcusolver.so.11
=========         Host Frame: void single_eig_cusolver<double>(DeviceSolverDnHandle&, SingleEigParameter&, DeviceDenseVector<double>&, DeviceDenseVector<double>&, DeviceDenseVector<double>&, HostDenseVector<double>&, DeviceDenseVector<int>&, int, unsigned long, unsigned long, int, int, unsigned long, unsigned long, int) [0x6588a] in libcuadmm_lib.so
=========         Host Frame: SDPSolver::solve(int, double, int, int, int, int, int, double, double, bool) [0x5b109] in libcuadmm_lib.so
=========         Host Frame: main [0x748b] in cuadmm_exe
========= 
========= Uninitialized __global__ memory read of size 8 bytes
=========     at void epilogue<sytrd_params<double, (int)32, (int)8, (int)512, (int)32, (int)16, (int)1, (int)2>, (int)128, (int)0, (int)1>(int, int, T1::data_type *, int, int, T1::pod_type *, int, T1::pod_type *, int, T1::data_type *, int, T1::data_type *, int, int)+0x3f0
=========     by thread (92,0,0) in block (232,0,0)
=========     Address 0x14b042ec4e68
=========     Saved host backtrace up to driver entry point at kernel launch time
=========         Host Frame: cuLaunchKernel [0x3c965a] in libcuda.so.1
=========         Host Frame:  [0xa24ad5] in libcusolver.so.11
=========         Host Frame:  [0xa8dc5d] in libcusolver.so.11
=========         Host Frame:  [0x40320c] in libcusolver.so.11
=========         Host Frame:  [0x63a139] in libcusolver.so.11
=========         Host Frame:  [0x63fa56] in libcusolver.so.11
=========         Host Frame:  [0x42abaa] in libcusolver.so.11
=========         Host Frame: cusolverDnXsyevd [0x6575b0] in libcusolver.so.11
=========         Host Frame: void single_eig_cusolver<double>(DeviceSolverDnHandle&, SingleEigParameter&, DeviceDenseVector<double>&, DeviceDenseVector<double>&, DeviceDenseVector<double>&, HostDenseVector<double>&, DeviceDenseVector<int>&, int, unsigned long, unsigned long, int, int, unsigned long, unsigned long, int) [0x6588a] in libcuadmm_lib.so
=========         Host Frame: SDPSolver::solve(int, double, int, int, int, int, int, double, double, bool) [0x5b109] in libcuadmm_lib.so
=========         Host Frame: main [0x748b] in cuadmm_exe
========= 
========= Uninitialized __global__ memory read of size 8 bytes
=========     at void epilogue<sytrd_params<double, (int)32, (int)8, (int)512, (int)32, (int)16, (int)1, (int)2>, (int)128, (int)0, (int)1>(int, int, T1::data_type *, int, int, T1::pod_type *, int, T1::pod_type *, int, T1::data_type *, int, T1::data_type *, int, int)+0x3f0
=========     by thread (93,0,0) in block (232,0,0)
=========     Address 0x14b042ec4e68
=========     Saved host backtrace up to driver entry point at kernel launch time
=========         Host Frame: cuLaunchKernel [0x3c965a] in libcuda.so.1
=========         Host Frame:  [0xa24ad5] in libcusolver.so.11
=========         Host Frame:  [0xa8dc5d] in libcusolver.so.11
=========         Host Frame:  [0x40320c] in libcusolver.so.11
=========         Host Frame:  [0x63a139] in libcusolver.so.11
=========         Host Frame:  [0x63fa56] in libcusolver.so.11
=========         Host Frame:  [0x42abaa] in libcusolver.so.11
=========         Host Frame: cusolverDnXsyevd [0x6575b0] in libcusolver.so.11
=========         Host Frame: void single_eig_cusolver<double>(DeviceSolverDnHandle&, SingleEigParameter&, DeviceDenseVector<double>&, DeviceDenseVector<double>&, DeviceDenseVector<double>&, HostDenseVector<double>&, DeviceDenseVector<int>&, int, unsigned long, unsigned long, int, int, unsigned long, unsigned long, int) [0x6588a] in libcuadmm_lib.so
=========         Host Frame: SDPSolver::solve(int, double, int, int, int, int, int, double, double, bool) [0x5b109] in libcuadmm_lib.so
=========         Host Frame: main [0x748b] in cuadmm_exe
========= 
========= Uninitialized __global__ memory read of size 8 bytes
=========     at void epilogue<sytrd_params<double, (int)32, (int)8, (int)512, (int)32, (int)16, (int)1, (int)2>, (int)128, (int)0, (int)1>(int, int, T1::data_type *, int, int, T1::pod_type *, int, T1::pod_type *, int, T1::data_type *, int, T1::data_type *, int, int)+0x3f0
=========     by thread (94,0,0) in block (232,0,0)
=========     Address 0x14b042ec4e68
=========     Saved host backtrace up to driver entry point at kernel launch time
=========         Host Frame: cuLaunchKernel [0x3c965a] in libcuda.so.1
=========         Host Frame:  [0xa24ad5] in libcusolver.so.11
=========         Host Frame:  [0xa8dc5d] in libcusolver.so.11
=========         Host Frame:  [0x40320c] in libcusolver.so.11
=========         Host Frame:  [0x63a139] in libcusolver.so.11
=========         Host Frame:  [0x63fa56] in libcusolver.so.11
=========         Host Frame:  [0x42abaa] in libcusolver.so.11
=========         Host Frame: cusolverDnXsyevd [0x6575b0] in libcusolver.so.11
=========         Host Frame: void single_eig_cusolver<double>(DeviceSolverDnHandle&, SingleEigParameter&, DeviceDenseVector<double>&, DeviceDenseVector<double>&, DeviceDenseVector<double>&, HostDenseVector<double>&, DeviceDenseVector<int>&, int, unsigned long, unsigned long, int, int, unsigned long, unsigned long, int) [0x6588a] in libcuadmm_lib.so
=========         Host Frame: SDPSolver::solve(int, double, int, int, int, int, int, double, double, bool) [0x5b109] in libcuadmm_lib.so
=========         Host Frame: main [0x748b] in cuadmm_exe
========= 
========= Uninitialized __global__ memory read of size 8 bytes
=========     at void epilogue<sytrd_params<double, (int)32, (int)8, (int)512, (int)32, (int)16, (int)1, (int)2>, (int)128, (int)0, (int)1>(int, int, T1::data_type *, int, int, T1::pod_type *, int, T1::pod_type *, int, T1::data_type *, int, T1::data_type *, int, int)+0x3f0
=========     by thread (95,0,0) in block (232,0,0)
=========     Address 0x14b042ec4e68
=========     Saved host backtrace up to driver entry point at kernel launch time
=========         Host Frame: cuLaunchKernel [0x3c965a] in libcuda.so.1
=========         Host Frame:  [0xa24ad5] in libcusolver.so.11
=========         Host Frame:  [0xa8dc5d] in libcusolver.so.11
=========         Host Frame:  [0x40320c] in libcusolver.so.11
=========         Host Frame:  [0x63a139] in libcusolver.so.11
=========         Host Frame:  [0x63fa56] in libcusolver.so.11
=========         Host Frame:  [0x42abaa] in libcusolver.so.11
=========         Host Frame: cusolverDnXsyevd [0x6575b0] in libcusolver.so.11
=========         Host Frame: void single_eig_cusolver<double>(DeviceSolverDnHandle&, SingleEigParameter&, DeviceDenseVector<double>&, DeviceDenseVector<double>&, DeviceDenseVector<double>&, HostDenseVector<double>&, DeviceDenseVector<int>&, int, unsigned long, unsigned long, int, int, unsigned long, unsigned long, int) [0x6588a] in libcuadmm_lib.so
=========         Host Frame: SDPSolver::solve(int, double, int, int, int, int, int, double, double, bool) [0x5b109] in libcuadmm_lib.so
=========         Host Frame: main [0x748b] in cuadmm_exe
========= 
========= Uninitialized __global__ memory read of size 8 bytes
=========     at void epilogue<sytrd_params<double, (int)32, (int)8, (int)512, (int)32, (int)16, (int)1, (int)2>, (int)128, (int)0, (int)1>(int, int, T1::data_type *, int, int, T1::pod_type *, int, T1::pod_type *, int, T1::data_type *, int, T1::data_type *, int, int)+0x3f0
=========     by thread (96,0,0) in block (232,0,0)
=========     Address 0x14b042ec4e68
=========     Saved host backtrace up to driver entry point at kernel launch time
=========         Host Frame: cuLaunchKernel [0x3c965a] in libcuda.so.1
=========         Host Frame:  [0xa24ad5] in libcusolver.so.11
=========         Host Frame:  [0xa8dc5d] in libcusolver.so.11
=========         Host Frame:  [0x40320c] in libcusolver.so.11
=========         Host Frame:  [0x63a139] in libcusolver.so.11
=========         Host Frame:  [0x63fa56] in libcusolver.so.11
=========         Host Frame:  [0x42abaa] in libcusolver.so.11
=========         Host Frame: cusolverDnXsyevd [0x6575b0] in libcusolver.so.11
=========         Host Frame: void single_eig_cusolver<double>(DeviceSolverDnHandle&, SingleEigParameter&, DeviceDenseVector<double>&, DeviceDenseVector<double>&, DeviceDenseVector<double>&, HostDenseVector<double>&, DeviceDenseVector<int>&, int, unsigned long, unsigned long, int, int, unsigned long, unsigned long, int) [0x6588a] in libcuadmm_lib.so
=========         Host Frame: SDPSolver::solve(int, double, int, int, int, int, int, double, double, bool) [0x5b109] in libcuadmm_lib.so
=========         Host Frame: main [0x748b] in cuadmm_exe
========= 
========= Uninitialized __global__ memory read of size 8 bytes
=========     at void epilogue<sytrd_params<double, (int)32, (int)8, (int)512, (int)32, (int)16, (int)1, (int)2>, (int)128, (int)0, (int)1>(int, int, T1::data_type *, int, int, T1::pod_type *, int, T1::pod_type *, int, T1::data_type *, int, T1::data_type *, int, int)+0x3f0
=========     by thread (97,0,0) in block (232,0,0)
=========     Address 0x14b042ec4e68
=========     Saved host backtrace up to driver entry point at kernel launch time
=========         Host Frame: cuLaunchKernel [0x3c965a] in libcuda.so.1
=========         Host Frame:  [0xa24ad5] in libcusolver.so.11
=========         Host Frame:  [0xa8dc5d] in libcusolver.so.11
=========         Host Frame:  [0x40320c] in libcusolver.so.11
=========         Host Frame:  [0x63a139] in libcusolver.so.11
=========         Host Frame:  [0x63fa56] in libcusolver.so.11
=========         Host Frame:  [0x42abaa] in libcusolver.so.11
=========         Host Frame: cusolverDnXsyevd [0x6575b0] in libcusolver.so.11
=========         Host Frame: void single_eig_cusolver<double>(DeviceSolverDnHandle&, SingleEigParameter&, DeviceDenseVector<double>&, DeviceDenseVector<double>&, DeviceDenseVector<double>&, HostDenseVector<double>&, DeviceDenseVector<int>&, int, unsigned long, unsigned long, int, int, unsigned long, unsigned long, int) [0x6588a] in libcuadmm_lib.so
=========         Host Frame: SDPSolver::solve(int, double, int, int, int, int, int, double, double, bool) [0x5b109] in libcuadmm_lib.so
=========         Host Frame: main [0x748b] in cuadmm_exe
========= 
========= Uninitialized __global__ memory read of size 8 bytes
=========     at void epilogue<sytrd_params<double, (int)32, (int)8, (int)512, (int)32, (int)16, (int)1, (int)2>, (int)128, (int)0, (int)1>(int, int, T1::data_type *, int, int, T1::pod_type *, int, T1::pod_type *, int, T1::data_type *, int, T1::data_type *, int, int)+0x3f0
=========     by thread (98,0,0) in block (232,0,0)
=========     Address 0x14b042ec4e68
=========     Saved host backtrace up to driver entry point at kernel launch time
=========         Host Frame: cuLaunchKernel [0x3c965a] in libcuda.so.1
=========         Host Frame:  [0xa24ad5] in libcusolver.so.11
=========         Host Frame:  [0xa8dc5d] in libcusolver.so.11
=========         Host Frame:  [0x40320c] in libcusolver.so.11
=========         Host Frame:  [0x63a139] in libcusolver.so.11
=========         Host Frame:  [0x63fa56] in libcusolver.so.11
=========         Host Frame:  [0x42abaa] in libcusolver.so.11
=========         Host Frame: cusolverDnXsyevd [0x6575b0] in libcusolver.so.11
=========         Host Frame: void single_eig_cusolver<double>(DeviceSolverDnHandle&, SingleEigParameter&, DeviceDenseVector<double>&, DeviceDenseVector<double>&, DeviceDenseVector<double>&, HostDenseVector<double>&, DeviceDenseVector<int>&, int, unsigned long, unsigned long, int, int, unsigned long, unsigned long, int) [0x6588a] in libcuadmm_lib.so
=========         Host Frame: SDPSolver::solve(int, double, int, int, int, int, int, double, double, bool) [0x5b109] in libcuadmm_lib.so
=========         Host Frame: main [0x748b] in cuadmm_exe
========= 
========= Uninitialized __global__ memory read of size 8 bytes
=========     at void epilogue<sytrd_params<double, (int)32, (int)8, (int)512, (int)32, (int)16, (int)1, (int)2>, (int)128, (int)0, (int)1>(int, int, T1::data_type *, int, int, T1::pod_type *, int, T1::pod_type *, int, T1::data_type *, int, T1::data_type *, int, int)+0x3f0
=========     by thread (99,0,0) in block (232,0,0)
=========     Address 0x14b042ec4e68
=========     Saved host backtrace up to driver entry point at kernel launch time
=========         Host Frame: cuLaunchKernel [0x3c965a] in libcuda.so.1
=========         Host Frame:  [0xa24ad5] in libcusolver.so.11
=========         Host Frame:  [0xa8dc5d] in libcusolver.so.11
=========         Host Frame:  [0x40320c] in libcusolver.so.11
=========         Host Frame:  [0x63a139] in libcusolver.so.11
=========         Host Frame:  [0x63fa56] in libcusolver.so.11
=========         Host Frame:  [0x42abaa] in libcusolver.so.11
=========         Host Frame: cusolverDnXsyevd [0x6575b0] in libcusolver.so.11
=========         Host Frame: void single_eig_cusolver<double>(DeviceSolverDnHandle&, SingleEigParameter&, DeviceDenseVector<double>&, DeviceDenseVector<double>&, DeviceDenseVector<double>&, HostDenseVector<double>&, DeviceDenseVector<int>&, int, unsigned long, unsigned long, int, int, unsigned long, unsigned long, int) [0x6588a] in libcuadmm_lib.so
=========         Host Frame: SDPSolver::solve(int, double, int, int, int, int, int, double, double, bool) [0x5b109] in libcuadmm_lib.so
=========         Host Frame: main [0x748b] in cuadmm_exe
========= 
